type,name,module,path,hash
"csv","agent-manifest","_config","_config/agent-manifest.csv","c7217fb99953a104511e757fca28f81ccaa7b3fd793026ed6461cc89e92b30db"
"csv","task-manifest","_config","_config/task-manifest.csv","bac7378952f0c79a48469b582997507b08cf08583b31b8aa6083791db959e0f0"
"csv","workflow-manifest","_config","_config/workflow-manifest.csv","dcce88a9a0178e9aa7f713f96fab0aa72cdbff139f9a9b55d2445a8111b3ad03"
"yaml","manifest","_config","_config/manifest.yaml","72817fde25f6846c140b04f4858b00de7f6780d05b55c9b76c7c19c4e9e3309d"
"md","documentation-standards","_memory","_memory/tech-writer-sidecar/documentation-standards.md","b046192ee42fcd1a3e9b2ae6911a0db38510323d072c8d75bad0594f943039e4"
"yaml","config","_memory","_memory/config.yaml","1135fa130038044cfd7fa65db9b2e056e22f8f7bd40c204b03d47bc62fba655e"
"csv","default-party","bmm","bmm/teams/default-party.csv","5af107a5b9e9092aeb81bd8c8b9bbe7003afb7bc500e64d56da7cc27ae0c4a6e"
"csv","documentation-requirements","bmm","bmm/workflows/document-project/documentation-requirements.csv","d1253b99e88250f2130516b56027ed706e643bfec3d99316727a4c6ec65c6c1d"
"csv","domain-complexity","bmm","bmm/workflows/2-plan-workflows/create-prd/data/domain-complexity.csv","f775f09fb4dc1b9214ca22db4a3994ce53343d976d7f6e5384949835db6d2770"
"csv","domain-complexity","bmm","bmm/workflows/3-solutioning/create-architecture/data/domain-complexity.csv","3dc34ed39f1fc79a51f7b8fc92087edb7cd85c4393a891d220f2e8dd5a101c70"
"csv","module-help","bmm","bmm/module-help.csv","70ce6fcf717801e5b3d47f4d0496b027c5dc4e1ce0a0508613f5a4abd828a354"
"csv","project-types","bmm","bmm/workflows/2-plan-workflows/create-prd/data/project-types.csv","7a01d336e940fb7a59ff450064fd1194cdedda316370d939264a0a0adcc0aca3"
"csv","project-types","bmm","bmm/workflows/3-solutioning/create-architecture/data/project-types.csv","12343635a2f11343edb1d46906981d6f5e12b9cad2f612e13b09460b5e5106e7"
"json","project-scan-report-schema","bmm","bmm/workflows/document-project/templates/project-scan-report-schema.json","53255f15a10cab801a1d75b4318cdb0095eed08c51b3323b7e6c236ae6b399b7"
"md","architecture-decision-template","bmm","bmm/workflows/3-solutioning/create-architecture/architecture-decision-template.md","5d9adf90c28df61031079280fd2e49998ec3b44fb3757c6a202cda353e172e9f"
"md","checklist","bmm","bmm/workflows/4-implementation/code-review/checklist.md","e30d2890ba5c50777bbe04071f754e975a1d7ec168501f321a79169c4201dd28"
"md","checklist","bmm","bmm/workflows/4-implementation/correct-course/checklist.md","24a3f3e0108398d490dcfbe8669afc50226673cad494f16a668b515ab24bf709"
"md","checklist","bmm","bmm/workflows/4-implementation/create-story/checklist.md","9d4d9fbf89a7657f581818276d38663e9e679fb0431b238bf8dc15a055dc8ca3"
"md","checklist","bmm","bmm/workflows/4-implementation/dev-story/checklist.md","630b68c6824a8785003a65553c1f335222b17be93b1bd80524c23b38bde1d8af"
"md","checklist","bmm","bmm/workflows/4-implementation/sprint-planning/checklist.md","1a28d6fa4cfdcb1b840db4b091caa1a7fc1c1920b646864becdd4df1123dcfd3"
"md","checklist","bmm","bmm/workflows/document-project/checklist.md","581b0b034c25de17ac3678db2dbafedaeb113de37ddf15a4df6584cf2324a7d7"
"md","checklist","bmm","bmm/workflows/qa/automate/checklist.md","83cd779c6527ff34184dc86f9eebfc0a8a921aee694f063208aee78f80a8fb12"
"md","deep-dive-instructions","bmm","bmm/workflows/document-project/workflows/deep-dive-instructions.md","8cb3d32d7685e5deff4731c2003d30b4321ef6c29247b3ddbe672c185e022604"
"md","deep-dive-template","bmm","bmm/workflows/document-project/templates/deep-dive-template.md","6198aa731d87d6a318b5b8d180fc29b9aa53ff0966e02391c17333818e94ffe9"
"md","epics-template","bmm","bmm/workflows/3-solutioning/create-epics-and-stories/templates/epics-template.md","b8ec5562b2a77efd80c40eba0421bbaab931681552e5a0ff01cd93902c447ff7"
"md","full-scan-instructions","bmm","bmm/workflows/document-project/workflows/full-scan-instructions.md","6c6e0d77b33f41757eed8ebf436d4def69cd6ce412395b047bf5909f66d876aa"
"md","index-template","bmm","bmm/workflows/document-project/templates/index-template.md","42c8a14f53088e4fda82f26a3fe41dc8a89d4bcb7a9659dd696136378b64ee90"
"md","instructions","bmm","bmm/workflows/4-implementation/correct-course/instructions.md","17b374aac9bb8271798878a8e6f7162d19b4f372e2df1199f3808041659f872c"
"md","instructions","bmm","bmm/workflows/4-implementation/retrospective/instructions.md","56af5ae7a6b359021d1ba1cac3a45259431eaf0d72767619649e9b243dd42147"
"md","instructions","bmm","bmm/workflows/4-implementation/sprint-planning/instructions.md","d627b5878d32fb46fc4acc944870c1cc976412f377ee1c66e240198826915747"
"md","instructions","bmm","bmm/workflows/4-implementation/sprint-status/instructions.md","c52ef7526e4b19cd1e1352074d8910bcfbabd9a28b50a8830434d8d4ac4b84a7"
"md","instructions","bmm","bmm/workflows/document-project/instructions.md","8807cf832c2bce8062280e10ae00928e4e147d148dd326fb6437571531e22723"
"md","instructions","bmm","bmm/workflows/qa/automate/instructions.md","3f3505f847f943b2f4a0699017c16e15fa3782f51090a0332304d7248e020e0c"
"md","prd-purpose","bmm","bmm/workflows/2-plan-workflows/create-prd/data/prd-purpose.md","49c4641b91504bb14e3887029b70beacaff83a2de200ced4f8cb11c1356ecaee"
"md","prd-template","bmm","bmm/workflows/2-plan-workflows/create-prd/templates/prd-template.md","7ccccab9c06a626b7a228783b0b9b6e4172e9ec0b10d47bbfab56958c898f837"
"md","product-brief.template","bmm","bmm/workflows/1-analysis/create-product-brief/product-brief.template.md","ae0f58b14455efd75a0d97ba68596a3f0b58f350cd1a0ee5b1af69540f949781"
"md","project-context-template","bmm","bmm/data/project-context-template.md","facd60b71649247146700b1dc7d709fa0ae09487f7cf2b5ff8f5ce1b3a8427e8"
"md","project-context-template","bmm","bmm/workflows/generate-project-context/project-context-template.md","54e351394ceceb0ac4b5b8135bb6295cf2c37f739c7fd11bb895ca16d79824a5"
"md","project-overview-template","bmm","bmm/workflows/document-project/templates/project-overview-template.md","a7c7325b75a5a678dca391b9b69b1e3409cfbe6da95e70443ed3ace164e287b2"
"md","readiness-report-template","bmm","bmm/workflows/3-solutioning/check-implementation-readiness/templates/readiness-report-template.md","0da97ab1e38818e642f36dc0ef24d2dae69fc6e0be59924dc2dbf44329738ff6"
"md","research.template","bmm","bmm/workflows/1-analysis/research/research.template.md","507bb6729476246b1ca2fca4693986d286a33af5529b6cd5cb1b0bb5ea9926ce"
"md","source-tree-template","bmm","bmm/workflows/document-project/templates/source-tree-template.md","109bc335ebb22f932b37c24cdc777a351264191825444a4d147c9b82a1e2ad7a"
"md","step-01-discover","bmm","bmm/workflows/generate-project-context/steps/step-01-discover.md","0f1455c018b2f6df0b896d25e677690e1cf58fa1b276d90f0723187d786d6613"
"md","step-01-document-discovery","bmm","bmm/workflows/3-solutioning/check-implementation-readiness/steps/step-01-document-discovery.md","081e312db91392fa2f79ed8fd4632abd22d2522002b05b60293d27ba8af5ff8b"
"md","step-01-init","bmm","bmm/workflows/1-analysis/create-product-brief/steps/step-01-init.md","256c5f87e9449ab921614e2f23644a6b5a1222178320d863429ee2a284905e32"
"md","step-01-init","bmm","bmm/workflows/1-analysis/research/domain-steps/step-01-init.md","efee243f13ef54401ded88f501967b8bc767460cec5561b2107fc03fe7b7eab1"
"md","step-01-init","bmm","bmm/workflows/1-analysis/research/market-steps/step-01-init.md","8dbd4a1520451945e8a5d5bccb489f9186b76f57f5bf3c77dbdf088e26ac7730"
"md","step-01-init","bmm","bmm/workflows/1-analysis/research/technical-steps/step-01-init.md","c9a1627ecd26227e944375eb691e7ee6bc9f5db29a428a5d53e5d6aef8bb9697"
"md","step-01-init","bmm","bmm/workflows/2-plan-workflows/create-prd/steps-c/step-01-init.md","6ad502fa5bf5639eaf6a42e8f0bc0f2b811e0a3fd2ae3a24ed3333365f99e23c"
"md","step-01-init","bmm","bmm/workflows/2-plan-workflows/create-ux-design/steps/step-01-init.md","7b3467a29126c9498b57b06d688f610bcb7a68a8975208c209dd1103546bc455"
"md","step-01-init","bmm","bmm/workflows/3-solutioning/create-architecture/steps/step-01-init.md","c730b1f23f0298853e5bf0b9007c2fc86e835fb3d53455d2068a6965d1192f49"
"md","step-01-mode-detection","bmm","bmm/workflows/bmad-quick-flow/quick-dev/steps/step-01-mode-detection.md","9e0ab4372997aeda89ebacfbcae7237d9c987697b69b65f40d319c64a162afe2"
"md","step-01-understand","bmm","bmm/workflows/bmad-quick-flow/quick-spec/steps/step-01-understand.md","2138ac9c4ec86585f675fb64839db91cf3f8bb58592a5e433af6482b74889c36"
"md","step-01-validate-prerequisites","bmm","bmm/workflows/3-solutioning/create-epics-and-stories/steps/step-01-validate-prerequisites.md","f0fdfe0fcb79bea93a9311dcba4dee14ac8e2aecc56f14a06e1f71169c7658eb"
"md","step-01b-continue","bmm","bmm/workflows/1-analysis/create-product-brief/steps/step-01b-continue.md","08bd92dc8486983ac8b5b19efd943d2fd83f2a6f6ba247aad9bb075e12b20860"
"md","step-01b-continue","bmm","bmm/workflows/2-plan-workflows/create-prd/steps-c/step-01b-continue.md","4e8af43d1847236333566efaa4b0b5e63d706e673872705ee6f215a7ccb9d715"
"md","step-01b-continue","bmm","bmm/workflows/2-plan-workflows/create-ux-design/steps/step-01b-continue.md","fde4bf8fa3a6d3230d20cb23e71cbc8e2db1cd2b30b693e13d0b3184bc6bb9a6"
"md","step-01b-continue","bmm","bmm/workflows/3-solutioning/create-architecture/steps/step-01b-continue.md","c6cc389b49682a8835382d477d803a75acbad01b24da1b7074ce140d82b278dc"
"md","step-02-context","bmm","bmm/workflows/3-solutioning/create-architecture/steps/step-02-context.md","07387b1d8c2f92c646bdbad88ad1401d0295c3adecc1637f07630173d8939088"
"md","step-02-context-gathering","bmm","bmm/workflows/bmad-quick-flow/quick-dev/steps/step-02-context-gathering.md","0cef3142e4e4937b914486158eaa0cd930815155aedceb5ddd3399c8bfbce35b"
"md","step-02-customer-behavior","bmm","bmm/workflows/1-analysis/research/market-steps/step-02-customer-behavior.md","ca77a54143c2df684cf859e10cea48c6ea1ce8e297068a0f0f26ee63d3170c1e"
"md","step-02-design-epics","bmm","bmm/workflows/3-solutioning/create-epics-and-stories/steps/step-02-design-epics.md","c23a7d612e32f678717aa88b81d9ffd1101bb69c6739ce1fe6dd5e875762210c"
"md","step-02-discovery","bmm","bmm/workflows/2-plan-workflows/create-prd/steps-c/step-02-discovery.md","d13de9d4a4af17f04ae1af7966b3071af54a6445c0944ee83af129ef078ebe5d"
"md","step-02-discovery","bmm","bmm/workflows/2-plan-workflows/create-ux-design/steps/step-02-discovery.md","6d340f83d62f873a4c09371a38c77dc9ce9726cd6cd1cf9bf89ddec09f36af4c"
"md","step-02-domain-analysis","bmm","bmm/workflows/1-analysis/research/domain-steps/step-02-domain-analysis.md","385a288d9bbb0adf050bcce4da4dad198a9151822f9766900404636f2b0c7f9d"
"md","step-02-generate","bmm","bmm/workflows/generate-project-context/steps/step-02-generate.md","0fff27dab748b4600d02d2fb083513fa4a4e061ed66828b633f7998fcf8257e1"
"md","step-02-investigate","bmm","bmm/workflows/bmad-quick-flow/quick-spec/steps/step-02-investigate.md","3915bf07f1f365a3bffdcaca2403e01d1434106b6ccd8c207e6f232f4db952d3"
"md","step-02-prd-analysis","bmm","bmm/workflows/3-solutioning/check-implementation-readiness/steps/step-02-prd-analysis.md","09ba4b18eb1f23846989694f63c5a265a33e93cceb259a2cce4ef7fcdc221d0e"
"md","step-02-technical-overview","bmm","bmm/workflows/1-analysis/research/technical-steps/step-02-technical-overview.md","9c7582241038b16280cddce86f2943216541275daf0a935dcab78f362904b305"
"md","step-02-vision","bmm","bmm/workflows/1-analysis/create-product-brief/steps/step-02-vision.md","a6262132ec081165358941df207d02e29e5ab00b4f516adf2772effa46d21dd5"
"md","step-03-competitive-landscape","bmm","bmm/workflows/1-analysis/research/domain-steps/step-03-competitive-landscape.md","f10aa088ba00c59491507f6519fb314139f8be6807958bb5fd1b66bff2267749"
"md","step-03-complete","bmm","bmm/workflows/generate-project-context/steps/step-03-complete.md","cf8d1d1904aeddaddb043c3c365d026cd238891cd702c2b78bae032a8e08ae17"
"md","step-03-core-experience","bmm","bmm/workflows/2-plan-workflows/create-ux-design/steps/step-03-core-experience.md","b23ce8244db8a183761a9420fa54ff285bbf7c54b2d30c62c32d3cf8cb4c2f00"
"md","step-03-create-stories","bmm","bmm/workflows/3-solutioning/create-epics-and-stories/steps/step-03-create-stories.md","5f692c51cb8bb60752af021e90332042513d1ae7da2863e9ef253cc5c0b9557b"
"md","step-03-customer-pain-points","bmm","bmm/workflows/1-analysis/research/market-steps/step-03-customer-pain-points.md","ce7394a73a7d3dd627280a8bef0ed04c11e4036275acc4b50c666fd1d84172c4"
"md","step-03-epic-coverage-validation","bmm","bmm/workflows/3-solutioning/check-implementation-readiness/steps/step-03-epic-coverage-validation.md","2d5691582fcbba144322dba09f581126b00d4d542460991d8f58e1607078d525"
"md","step-03-execute","bmm","bmm/workflows/bmad-quick-flow/quick-dev/steps/step-03-execute.md","0aaa3455234005d39e8f8150a44967c88c4908201264b83c589840963f4650c1"
"md","step-03-generate","bmm","bmm/workflows/bmad-quick-flow/quick-spec/steps/step-03-generate.md","b75fe471bad08f482a65b01f18fa35ef1c22b3151e7074ddae0e83cbf3484cab"
"md","step-03-integration-patterns","bmm","bmm/workflows/1-analysis/research/technical-steps/step-03-integration-patterns.md","005d517a2f962e2172e26b23d10d5e6684c7736c0d3982e27b2e72d905814ad9"
"md","step-03-starter","bmm","bmm/workflows/3-solutioning/create-architecture/steps/step-03-starter.md","535124eb8228ffa628fee5b2e89b9a66d4c2c5d29485c11ccc0d1062b6d674e2"
"md","step-03-success","bmm","bmm/workflows/2-plan-workflows/create-prd/steps-c/step-03-success.md","7b7b339c36ab34953dc542f48a3ed38da420078ee62bbf840a4cb939a3121567"
"md","step-03-users","bmm","bmm/workflows/1-analysis/create-product-brief/steps/step-03-users.md","7d3884a502341bd5912eac8b24af5bb961385f353b4a37cee916f0a2b2226b97"
"md","step-04-architectural-patterns","bmm","bmm/workflows/1-analysis/research/technical-steps/step-04-architectural-patterns.md","5ab115b67221be4182f88204b17578697136d8c11b7af21d91012d33ff84aafb"
"md","step-04-customer-decisions","bmm","bmm/workflows/1-analysis/research/market-steps/step-04-customer-decisions.md","17dde68d655f7c66b47ed59088c841d28d206ee02137388534b141d9a8465cf9"
"md","step-04-decisions","bmm","bmm/workflows/3-solutioning/create-architecture/steps/step-04-decisions.md","41829279a6ffec9b87870fc0a87e8738b529f07f47ec65dabd983e39d582f8b8"
"md","step-04-emotional-response","bmm","bmm/workflows/2-plan-workflows/create-ux-design/steps/step-04-emotional-response.md","45ff4c3e907f32c91d78f101a78b075f5731642628474c36b7e06c13fd9519e6"
"md","step-04-final-validation","bmm","bmm/workflows/3-solutioning/create-epics-and-stories/steps/step-04-final-validation.md","99732140ba916522a6dcba36f0f330197ba0327de9532c303426f4db6d47d583"
"md","step-04-journeys","bmm","bmm/workflows/2-plan-workflows/create-prd/steps-c/step-04-journeys.md","ff297509882def062ab58de4ae922472dd05b562338689c8ac25a24bedad7dca"
"md","step-04-metrics","bmm","bmm/workflows/1-analysis/create-product-brief/steps/step-04-metrics.md","887af175137069fe498f1fd26db2995d1ad00d658cf15598846ae30d03ce0ce5"
"md","step-04-regulatory-focus","bmm","bmm/workflows/1-analysis/research/domain-steps/step-04-regulatory-focus.md","d22035529efe91993e698b4ebf297bf2e7593eb41d185a661c357a8afc08977b"
"md","step-04-review","bmm","bmm/workflows/bmad-quick-flow/quick-spec/steps/step-04-review.md","5b00b9fb74f7c6c537759757aa1bcd548c957dbe7eccec7498c67609c4ea6026"
"md","step-04-self-check","bmm","bmm/workflows/bmad-quick-flow/quick-dev/steps/step-04-self-check.md","8394655526fd40a140044795cbf4af243cda939c225a8e12ccc94c5a73c87e43"
"md","step-04-ux-alignment","bmm","bmm/workflows/3-solutioning/check-implementation-readiness/steps/step-04-ux-alignment.md","2193be07720901b61ebc7ec80590f2ff07fcb9d4a0473741caaf9a581bf40ba7"
"md","step-05-adversarial-review","bmm","bmm/workflows/bmad-quick-flow/quick-dev/steps/step-05-adversarial-review.md","8df83437c1556acb342a71e8ba12d4075043daa530a8d532de01ab158175572a"
"md","step-05-competitive-analysis","bmm","bmm/workflows/1-analysis/research/market-steps/step-05-competitive-analysis.md","ff6f606a80ffaf09aa325e38a4ceb321b97019e6542241b2ed4e8eb38b35efa8"
"md","step-05-domain","bmm","bmm/workflows/2-plan-workflows/create-prd/steps-c/step-05-domain.md","af444794fffb622cd2d18604ed189cd2efe86c34626d16b5ac1c43b6c14ed551"
"md","step-05-epic-quality-review","bmm","bmm/workflows/3-solutioning/check-implementation-readiness/steps/step-05-epic-quality-review.md","8174d9579ce7300782ec55e4b35ca90131d5baaae02113b3fab0975094e2b645"
"md","step-05-implementation-research","bmm","bmm/workflows/1-analysis/research/technical-steps/step-05-implementation-research.md","55ae5ab81295c6d6e3694c1b89472abcd5cd562cf55a2b5fffdd167e15bee82b"
"md","step-05-inspiration","bmm","bmm/workflows/2-plan-workflows/create-ux-design/steps/step-05-inspiration.md","74ea94822de791eb24f2e2ca39c3acf01a98b2184f23b1c980e2ada6fd11ae5e"
"md","step-05-patterns","bmm","bmm/workflows/3-solutioning/create-architecture/steps/step-05-patterns.md","b6bbca68efc7ff66d2f0fc39d8219898c63fd9c0923cb020ad8ac0d469e6fcff"
"md","step-05-scope","bmm","bmm/workflows/1-analysis/create-product-brief/steps/step-05-scope.md","bd7f8878dd8058e1932151d8cbc468bfc2c6dadb0258d93ed967189d0629dff4"
"md","step-05-technical-trends","bmm","bmm/workflows/1-analysis/research/domain-steps/step-05-technical-trends.md","fd6c577010171679f630805eb76e09daf823c2b9770eb716986d01f351ce1fb4"
"md","step-06-complete","bmm","bmm/workflows/1-analysis/create-product-brief/steps/step-06-complete.md","e78068b25bdf9f031e8548ee8763cfdc0e3216f4d715574fd22fdf0dd1c8a322"
"md","step-06-design-system","bmm","bmm/workflows/2-plan-workflows/create-ux-design/steps/step-06-design-system.md","6e3ead73073ef51ac952f4cf9491635e5d6825525a4af5d5cbf6e2675db69404"
"md","step-06-final-assessment","bmm","bmm/workflows/3-solutioning/check-implementation-readiness/steps/step-06-final-assessment.md","a71a1ccc6e19689c3a4c00cfc6901e4290ef17492bac61d3f08022756dd43592"
"md","step-06-innovation","bmm","bmm/workflows/2-plan-workflows/create-prd/steps-c/step-06-innovation.md","efdd55674bd8329a5d963396c841523d73ffebd168add77bc01425e478e22bc4"
"md","step-06-research-completion","bmm","bmm/workflows/1-analysis/research/market-steps/step-06-research-completion.md","30d5e14f39df193ebce952dfed2bd4009d68fe844e28ad3a29f5667382ebc6d2"
"md","step-06-research-synthesis","bmm","bmm/workflows/1-analysis/research/domain-steps/step-06-research-synthesis.md","4c7727b8d3c6272c1b2b84ea58a67fc86cafab3472c0caf54e8b8cee3fa411fc"
"md","step-06-research-synthesis","bmm","bmm/workflows/1-analysis/research/technical-steps/step-06-research-synthesis.md","5df66bbeecd345e829f06c4eb5bdecd572ca46aec8927bda8b97dbd5f5a34d6c"
"md","step-06-resolve-findings","bmm","bmm/workflows/bmad-quick-flow/quick-dev/steps/step-06-resolve-findings.md","a68a8c85b56dcfc385c19a94e26f0618965d623ac383033e8a4d2f4e3aeef77e"
"md","step-06-structure","bmm","bmm/workflows/3-solutioning/create-architecture/steps/step-06-structure.md","716819821cf7e2a6ce5852785e86e2c77c9f8d1d24e08b86889854365a78e552"
"md","step-07-defining-experience","bmm","bmm/workflows/2-plan-workflows/create-ux-design/steps/step-07-defining-experience.md","89964c435273a08b3065732a23bc0c3bc1290ac2ecd9339d9ff2eb6ecb890b06"
"md","step-07-project-type","bmm","bmm/workflows/2-plan-workflows/create-prd/steps-c/step-07-project-type.md","325e9853015fb844fc80c0b7c00526d0107dcae9a1bfe3b57d956940fc9e29ba"
"md","step-07-validation","bmm","bmm/workflows/3-solutioning/create-architecture/steps/step-07-validation.md","1305a67b660fcd61346de2bb8087547c8414f60381ba896762d71f6fa9cebeaf"
"md","step-08-complete","bmm","bmm/workflows/3-solutioning/create-architecture/steps/step-08-complete.md","d310cab756a88caf4e31a4cfc0e8b49c32cd19a9249b6aeb1eb292748c9f5462"
"md","step-08-scoping","bmm","bmm/workflows/2-plan-workflows/create-prd/steps-c/step-08-scoping.md","8e043d237fb7d3af77b5375629dd4e47054832c98279024d66e090d48d766075"
"md","step-08-visual-foundation","bmm","bmm/workflows/2-plan-workflows/create-ux-design/steps/step-08-visual-foundation.md","8aee1183b3c0e5f379e2c20512665e06ef1189d357ac9a845e3616be35a79c47"
"md","step-09-design-directions","bmm","bmm/workflows/2-plan-workflows/create-ux-design/steps/step-09-design-directions.md","6ab5f1302ec43aed52f45a2842ae49dc4bd98b2d12109d5657c9f04e4b434f89"
"md","step-09-functional","bmm","bmm/workflows/2-plan-workflows/create-prd/steps-c/step-09-functional.md","13ced8348b8bb0b7cd88f0400b538fabbcb1fb3c23525bf4fffb7ca9f4c37c8c"
"md","step-10-nonfunctional","bmm","bmm/workflows/2-plan-workflows/create-prd/steps-c/step-10-nonfunctional.md","e37395a792ac3b81c635993c27748ebd6d781c755ed49e580cd7c78e5486a012"
"md","step-10-user-journeys","bmm","bmm/workflows/2-plan-workflows/create-ux-design/steps/step-10-user-journeys.md","30866f55e179d0985efcf57120e63dfbb1fa3ddb6fa9623c4ee0e0b9738f0467"
"md","step-11-component-strategy","bmm","bmm/workflows/2-plan-workflows/create-ux-design/steps/step-11-component-strategy.md","ed805fafa72fb703b1e89b3c59c0c2dbe99c3021e009858602a92cfb473727a6"
"md","step-11-polish","bmm","bmm/workflows/2-plan-workflows/create-prd/steps-c/step-11-polish.md","935655a256562b6b3420c091a56067c34c35819343a78927ca138c9ea8b92a97"
"md","step-12-complete","bmm","bmm/workflows/2-plan-workflows/create-prd/steps-c/step-12-complete.md","04e3bd5bd837f7d1f7df7a04644e9e4ff6f06f81d9e7fa2a1c550a13fb86cf33"
"md","step-12-ux-patterns","bmm","bmm/workflows/2-plan-workflows/create-ux-design/steps/step-12-ux-patterns.md","d9bfabc5322aca6e2ba512fa6b39bcdac885b8010dd8c4768c10e33524a04b08"
"md","step-13-responsive-accessibility","bmm","bmm/workflows/2-plan-workflows/create-ux-design/steps/step-13-responsive-accessibility.md","f9f2ae70026eb5524a372332632240cea765360ed90a47fea316a65cc3e0e7ce"
"md","step-14-complete","bmm","bmm/workflows/2-plan-workflows/create-ux-design/steps/step-14-complete.md","b0fb194349134a48704c5a9411cdc132bab50a2b6d61c5a70f527367b9c7849a"
"md","step-e-01-discovery","bmm","bmm/workflows/2-plan-workflows/create-prd/steps-e/step-e-01-discovery.md","2bc88c9480ac5986c06672533ab2080b1ee01086033c8e441a8c80551c8a99ee"
"md","step-e-01b-legacy-conversion","bmm","bmm/workflows/2-plan-workflows/create-prd/steps-e/step-e-01b-legacy-conversion.md","e6bbe9020e6986a620fc0299a48e6c31c9d1ec14691df11be71baeb79837bc92"
"md","step-e-02-review","bmm","bmm/workflows/2-plan-workflows/create-prd/steps-e/step-e-02-review.md","b2660d88a445dc3f8f168f96ca92d4a1a36949e3b39fbf6cda5c77129636d9b1"
"md","step-e-03-edit","bmm","bmm/workflows/2-plan-workflows/create-prd/steps-e/step-e-03-edit.md","dfcc3e4f0b1ec050d4985af04dc02b28174a995e95327ca01ae4b8cac10cc1e5"
"md","step-e-04-complete","bmm","bmm/workflows/2-plan-workflows/create-prd/steps-e/step-e-04-complete.md","a1100f8639120311cbaf5a5a880db4e137216bc4bd0110b0926004107a99d3c3"
"md","step-v-01-discovery","bmm","bmm/workflows/2-plan-workflows/create-prd/steps-v/step-v-01-discovery.md","287c39e44b32faab52fb155a4a30ab3f31cf6ef5c599b8b15687e5bb3c97a447"
"md","step-v-02-format-detection","bmm","bmm/workflows/2-plan-workflows/create-prd/steps-v/step-v-02-format-detection.md","251ea5a1cf7779db2dc39d5d8317976a27f84b421359c1974ae96c0943094341"
"md","step-v-02b-parity-check","bmm","bmm/workflows/2-plan-workflows/create-prd/steps-v/step-v-02b-parity-check.md","3481beae212bb0140c105d0ae87bb9714859c93a471048048512fd1278da2fcd"
"md","step-v-03-density-validation","bmm","bmm/workflows/2-plan-workflows/create-prd/steps-v/step-v-03-density-validation.md","5b95ecd032fb65f86b7eee7ce7c30c997dc2a8b5e4846d88c2853538591a9e40"
"md","step-v-04-brief-coverage-validation","bmm","bmm/workflows/2-plan-workflows/create-prd/steps-v/step-v-04-brief-coverage-validation.md","97eb248c7d67e6e5121dd0b020409583998fba433799ea4c5c8cb40c7ff9c7c1"
"md","step-v-05-measurability-validation","bmm","bmm/workflows/2-plan-workflows/create-prd/steps-v/step-v-05-measurability-validation.md","2f331ee6d4f174dec0e4b434bf7691bfcf3a13c6ee0c47a65989badaa6b6a28c"
"md","step-v-06-traceability-validation","bmm","bmm/workflows/2-plan-workflows/create-prd/steps-v/step-v-06-traceability-validation.md","970ea67486211a611a701e1490ab7e8f2f98060a9f78760b6ebfdb9f37743c74"
"md","step-v-07-implementation-leakage-validation","bmm","bmm/workflows/2-plan-workflows/create-prd/steps-v/step-v-07-implementation-leakage-validation.md","f75d1d808fdf3d61b15bea55418b82df747f45902b6b22fe541e83b4ea3fa465"
"md","step-v-08-domain-compliance-validation","bmm","bmm/workflows/2-plan-workflows/create-prd/steps-v/step-v-08-domain-compliance-validation.md","a1902baaf4eaaf946e5c2c2101a1ac46f8ee4397e599218b8dc030cd00c97512"
"md","step-v-09-project-type-validation","bmm","bmm/workflows/2-plan-workflows/create-prd/steps-v/step-v-09-project-type-validation.md","d53e95264625335184284d3f9d0fc6e7674f67bdf97e19362fc33df4bea7f096"
"md","step-v-10-smart-validation","bmm","bmm/workflows/2-plan-workflows/create-prd/steps-v/step-v-10-smart-validation.md","22d48a72bc599f45bbf8c3e81d651d3a1265a6450866c0689bf287f43d7874a4"
"md","step-v-11-holistic-quality-validation","bmm","bmm/workflows/2-plan-workflows/create-prd/steps-v/step-v-11-holistic-quality-validation.md","1022a1454aadff28e39fd5fa71dd76d8eefccfe438b9ef517a19b44d935c0f5b"
"md","step-v-12-completeness-validation","bmm","bmm/workflows/2-plan-workflows/create-prd/steps-v/step-v-12-completeness-validation.md","c966933a0ca3753db75591325cef4d4bdaf9639a1a63f9438758d32f7e1a1dda"
"md","step-v-13-report-complete","bmm","bmm/workflows/2-plan-workflows/create-prd/steps-v/step-v-13-report-complete.md","d2c29d3229e12ab33fd6e74c5e55d2726a98e3785f11bcd8431ce8d00033f7d4"
"md","tech-spec-template","bmm","bmm/workflows/bmad-quick-flow/quick-spec/tech-spec-template.md","6e0ac4991508fec75d33bbe36197e1576d7b2a1ea7ceba656d616e7d7dadcf03"
"md","template","bmm","bmm/workflows/4-implementation/create-story/template.md","29ba697368d77e88e88d0e7ac78caf7a78785a7dcfc291082aa96a62948afb67"
"md","ux-design-template","bmm","bmm/workflows/2-plan-workflows/create-ux-design/ux-design-template.md","ffa4b89376cd9db6faab682710b7ce755990b1197a8b3e16b17748656d1fca6a"
"md","workflow","bmm","bmm/workflows/1-analysis/create-product-brief/workflow.md","5858d72a2fd8010a40d86d7e7581e44af9eb3432f13a236575035a21807e755a"
"md","workflow","bmm","bmm/workflows/2-plan-workflows/create-ux-design/workflow.md","10ffb0f43a4e204ecd1a67bf5bff52d6929847651ad096bbe833cf1f0eb198c5"
"md","workflow","bmm","bmm/workflows/3-solutioning/check-implementation-readiness/workflow.md","ddfe66e2ced3a092d0be1606d36c5eb9610602e939059c902b22da1aa202e904"
"md","workflow","bmm","bmm/workflows/3-solutioning/create-architecture/workflow.md","ad930c2c9b991fb56f0d04cfdbc69d04bffd5df2c515ca570ad7d388f56a055c"
"md","workflow","bmm","bmm/workflows/3-solutioning/create-epics-and-stories/workflow.md","d40eb6e04de52d4265af460322a9487bb2c241453b0a59940e1bb04836a7ba65"
"md","workflow","bmm","bmm/workflows/bmad-quick-flow/quick-dev/workflow.md","7e13f74e23f9de40ed15140b5cadb28a7462ad019dc345422b3aede59ad8e7f7"
"md","workflow","bmm","bmm/workflows/bmad-quick-flow/quick-spec/workflow.md","e7856a24e0f39108ae494569b8ceb2eb1ca10588ed3869c5feef98832c54db78"
"md","workflow","bmm","bmm/workflows/generate-project-context/workflow.md","0da857be1b7fb46fc29afba22b78a8b2150b17db36db68fd254ad925a20666aa"
"md","workflow-create-prd","bmm","bmm/workflows/2-plan-workflows/create-prd/workflow-create-prd.md","2331a3f02fd4bc3628e3bb1684645e8392a77e8b5b9f918e55554616a2bfe06b"
"md","workflow-domain-research","bmm","bmm/workflows/1-analysis/research/workflow-domain-research.md","137509e99ad4b11c391ebe87832d4820c46da75ed8570dd5b5a71f4372b75c73"
"md","workflow-edit-prd","bmm","bmm/workflows/2-plan-workflows/create-prd/workflow-edit-prd.md","e433664058429f54b49237ad7b2eba43fb115b8b9c68c87846f9523405ac73ef"
"md","workflow-market-research","bmm","bmm/workflows/1-analysis/research/workflow-market-research.md","2798d9cbeab426df7f2bcc228771fc5d5e1a58302eef769e2bbd36ce7d7f43e4"
"md","workflow-technical-research","bmm","bmm/workflows/1-analysis/research/workflow-technical-research.md","16974efc305ab195209232eea5e7ab828df2c6244b8c2ba7ca4a517e90b38b64"
"md","workflow-validate-prd","bmm","bmm/workflows/2-plan-workflows/create-prd/workflow-validate-prd.md","5f7d3a188b5c68fb621b31da4ba62b75444615a0f8eadfe8c505c11f4a8e404c"
"xml","instructions","bmm","bmm/workflows/4-implementation/code-review/instructions.xml","8f1d7d42c4917de9f698950f6f7ef7a83aa8352da63b8b346775746a584f9172"
"xml","instructions","bmm","bmm/workflows/4-implementation/create-story/instructions.xml","11d0f50a09bd927ff3b129dc94edb513d26bb220b73e496d9b78ab5b9248d810"
"xml","instructions","bmm","bmm/workflows/4-implementation/dev-story/instructions.xml","7cdb6528716c35fe36dce53170d8f747e9ee07061d01cf854517c3e5faca4373"
"yaml","config","bmm","bmm/config.yaml","b1598e350c1d93b093cf8bd11f3d28c69664ecc8fe9a38004068c55225694461"
"yaml","deep-dive","bmm","bmm/workflows/document-project/workflows/deep-dive.yaml","a16b5d121604ca00fffdcb04416daf518ec2671a3251b7876c4b590d25d96945"
"yaml","full-scan","bmm","bmm/workflows/document-project/workflows/full-scan.yaml","8ba79b190733006499515d9d805f4eacd90a420ffc454e04976948c114806c25"
"yaml","linear-mapping-template","bmm","bmm/workflows/4-implementation/sprint-planning/linear-mapping-template.yaml","f913812f004c66cb8926d8310ef9ce829fad0d35e67031c53eec3b632b26ea74"
"yaml","sprint-status-template","bmm","bmm/workflows/4-implementation/sprint-planning/sprint-status-template.yaml","0d7fe922f21d4f00e538c265ff90e470c3e2eca761e663d84b7a1320b2f25980"
"yaml","team-fullstack","bmm","bmm/teams/team-fullstack.yaml","da8346b10dfad8e1164a11abeb3b0a84a1d8b5f04e01e8490a44ffca477a1b96"
"yaml","workflow","bmm","bmm/workflows/4-implementation/code-review/workflow.yaml","1ce3ada72badca90e9099522ca5645563b79860c467dee16ac2ad7e207a1c367"
"yaml","workflow","bmm","bmm/workflows/4-implementation/correct-course/workflow.yaml","7806f73a7af61a2fca9f96b9169c31060a717dc5a5067668572e45d2a6b24813"
"yaml","workflow","bmm","bmm/workflows/4-implementation/create-story/workflow.yaml","8163e44477f6f5cf93da2ad779fa70bcfeb48d5fdb65f9d74f168555db1c96fb"
"yaml","workflow","bmm","bmm/workflows/4-implementation/dev-story/workflow.yaml","1b92b9417e8887b4d39896722feebc97ac571e18e793a61c3bcc2378a5a2ae69"
"yaml","workflow","bmm","bmm/workflows/4-implementation/retrospective/workflow.yaml","13f601dd1ae22201cdf3472226cd84fcf144db72a676615d99a07721840b2fca"
"yaml","workflow","bmm","bmm/workflows/4-implementation/sprint-planning/workflow.yaml","b4f00949fff8769987f30729627e20021564a37a2b3ef15a543fda762920c762"
"yaml","workflow","bmm","bmm/workflows/4-implementation/sprint-status/workflow.yaml","06e3657633aaec75cddb347fd7b07bb4eb79e57e6768b0b19fca4865d34828b0"
"yaml","workflow","bmm","bmm/workflows/document-project/workflow.yaml","9e2886d022d4054c0e6ca6580673f775415add7924961d6723ed13156200a819"
"yaml","workflow","bmm","bmm/workflows/qa/automate/workflow.yaml","670d28da3e20a445ae08ab3e907eaf3eaf13d9a08c4b26244344a0fd8f54a399"
"csv","brain-methods","core","core/workflows/brainstorming/brain-methods.csv","0ab5878b1dbc9e3fa98cb72abfc3920a586b9e2b42609211bb0516eefd542039"
"csv","methods","core","core/workflows/advanced-elicitation/methods.csv","e08b2e22fec700274982e37be608d6c3d1d4d0c04fa0bae05aa9dba2454e6141"
"csv","module-help","core","core/module-help.csv","4227d475748e8067aeae3e1a67d7b6235c109da13b2ef9131db930083dcb348d"
"md","help","core","core/tasks/help.md","0d74caf8ccc6ff82f55df1b99fda67b4ab4860f7818c5cc6d9f7dfa185f322b1"
"md","step-01-agent-loading","core","core/workflows/party-mode/steps/step-01-agent-loading.md","04ab6b6247564f7edcd5c503f5ca7d27ae688b09bbe2e24345550963a016e9f9"
"md","step-01-session-setup","core","core/workflows/brainstorming/steps/step-01-session-setup.md","bc09cc22a0465b316ff3c13903b753768fa31d83abd3f9fc328631db63dc0cf8"
"md","step-01b-continue","core","core/workflows/brainstorming/steps/step-01b-continue.md","d76a406e0ff0a0e58006ec671b56f19a059e98cfebba4c0724ae6ccdd9303e7f"
"md","step-02-discussion-orchestration","core","core/workflows/party-mode/steps/step-02-discussion-orchestration.md","a8a79890bd03237e20f1293045ecf06f9a62bc590f5c2d4f88e250cee40abb0b"
"md","step-02a-user-selected","core","core/workflows/brainstorming/steps/step-02a-user-selected.md","558b162466745b92687a5d6e218f243a98436dd177b2d5544846c5ff4497cc94"
"md","step-02b-ai-recommended","core","core/workflows/brainstorming/steps/step-02b-ai-recommended.md","99aa935279889f278dcb2a61ba191600a18e9db356dd8ce62f0048d3c37c9531"
"md","step-02c-random-selection","core","core/workflows/brainstorming/steps/step-02c-random-selection.md","f188c260c321c7f026051fefcd267a26ee18ce2a07f64bab7f453c0c3e483316"
"md","step-02d-progressive-flow","core","core/workflows/brainstorming/steps/step-02d-progressive-flow.md","a28c7a3edf34ceb0eea203bf7dc80f39ca04974f6d1ec243f0a088281b2e55de"
"md","step-03-graceful-exit","core","core/workflows/party-mode/steps/step-03-graceful-exit.md","f2ecd702902a5e7baeea66be43a58917591f8e37a862b4e7449b536309a4de67"
"md","step-03-technique-execution","core","core/workflows/brainstorming/steps/step-03-technique-execution.md","9e6abceec5f774c57cd5205e30a1f24a95441131dbffcae9c3dce72111f95ceb"
"md","step-04-idea-organization","core","core/workflows/brainstorming/steps/step-04-idea-organization.md","5224490c33bf4b23b2897f3bcf12abe0b1ced306541dd60c21df0ce9fc65d1ac"
"md","template","core","core/workflows/brainstorming/template.md","5c99d76963eb5fc21db96c5a68f39711dca7c6ed30e4f7d22aedee9e8bb964f9"
"md","workflow","core","core/workflows/brainstorming/workflow.md","7d7f957ccd176faed2551e3089abfa49032963e980b5643d9384690af3d61203"
"md","workflow","core","core/workflows/party-mode/workflow.md","f8537e152df8db331d86e2a37e5ced55bccff3a71e290f82eb754d28c0c9ec08"
"xml","editorial-review-prose","core","core/tasks/editorial-review-prose.xml","49f462ddc5f20a6e2abf14e4b8f3a25c70885c6a6d776ef4674739dd7880988a"
"xml","editorial-review-structure","core","core/tasks/editorial-review-structure.xml","307edce94877dacdaafb10f7ea39115944c7d19e57228a7859abf2fee8b1a177"
"xml","index-docs","core","core/tasks/index-docs.xml","90076db678b1d65b4dd8b166731584fafc68e660e5015f309a1c78aae6e25a28"
"xml","review-adversarial-general","core","core/tasks/review-adversarial-general.xml","347436fde09411caaab10ff97e4cbd2bfef31dbe9f8db9e0eb49c3ed361ede7b"
"xml","shard-doc","core","core/tasks/shard-doc.xml","947f2c7d4f6bb269ad0bcc1a03227d0d6da642d9df47894b8ba215c5149aed3d"
"xml","workflow","core","core/tasks/workflow.xml","f15c55ba5a2e0c660934d6c6ff850c49cdf7cf0421f5060c249f7db4d4d15d22"
"xml","workflow","core","core/workflows/advanced-elicitation/workflow.xml","ead4dc1e50c95d8966b3676842a57fca97c70d83f1f3b9e9c2d746821e6868b4"
"yaml","config","core","core/config.yaml","33f93a938646d8b1b004b11706ec54354c313a0b4003b31c0d22e968a561f43b"
"bak","step-6.2-create-delivery.md","wds","wds/workflows/6-design-deliveries/steps/step-6.2-create-delivery.md.bak","07b11028e742cf4e0b4e928d6b08e4bd80627d2d540677f14709638e17d0a943"
"bak","step-6.3-create-test-scenario.md","wds","wds/workflows/6-design-deliveries/steps/step-6.3-create-test-scenario.md.bak","73848494fc912a3fee8c47391e3722e6e0b422112b1db9f7170391539e084307"
"css","dev-mode","wds","wds/workflows/4-ux-design/agentic-development/templates/components/dev-mode.css","d1e7543bd8c6dbf615dffe12e743f3f796ead0b4ed3d41a94130a6468f4593c7"
"html","catalog.template","wds","wds/workflows/5-design-system/templates/catalog.template.html","8e01e16c4c02be6f3ef96bcf792ff6bdc284a57b75c8b18484263674390f1ba8"
"html","dev-mode","wds","wds/workflows/4-ux-design/agentic-development/templates/components/dev-mode.html","f0be1df0f4690e363f4c03c99c674a6806fe272edad4bc4344ac7a2a5a2246ff"
"html","page-template","wds","wds/workflows/4-ux-design/agentic-development/templates/page-template.html","72a3ac6ac1087c0cfad93354599210fb11214555662fd4beba7034e3f9d2f516"
"js","dev-mode","wds","wds/workflows/4-ux-design/agentic-development/templates/components/dev-mode.js","10495ee3178200ed09360a6789c3143babe69a1dcb4503d81e2e6ce86ffcc0d2"
"json","demo-data-template","wds","wds/workflows/4-ux-design/agentic-development/templates/demo-data-template.json","e3a6da9ddc16bcb4268eaefef2a46f0a4ce6c54d02579776309fe77e397340a0"
"md","00-MODULAR-ARCHITECTURE-GUIDE","wds","wds/workflows/4-ux-design/modular-architecture/00-MODULAR-ARCHITECTURE-GUIDE.md","c226e15ff815cdac8139b2d9b194a3640009dfac71f6553381b5d56c420df9f7"
"md","00-purpose-examples","wds","wds/workflows/shared/content-creation-workshop/steps-c/substeps/00-purpose-examples.md","41190ff800fab99547675466ca3f201fced1322d4b6e7600572177dbcdd21665"
"md","00-SCENARIO-INIT-GUIDE","wds","wds/workflows/4-ux-design/scenario-init/steps-c/00-SCENARIO-INIT-GUIDE.md","bfa657414ff7499f47d12dd1a722c87670cc43803be83e1c4b0dcf09a2a6a250"
"md","01-platform-confirmation","wds","wds/workflows/4-ux-design/scenario-init/steps-c/01-platform-confirmation.md","4b9084577efa4e1d1311def79bac6517e402b4b36d5e4f2f709d78ef820733ad"
"md","01-scan-existing","wds","wds/workflows/5-design-system/assessment/01-scan-existing.md","831927d823e1465f11d8df34ec0fe34ad434b8dd274bdee14177f21e31dafbd8"
"md","01-understand-situation","wds","wds/workflows/1-project-brief/alignment-signoff/substeps/01-start-understand/01-understand-situation.md","17b4d4b68ce3f7cc9fed2a2b6986dcd032186ad514b23534ab62a4feb8e960f9"
"md","01-what-are-storyboards","wds","wds/workflows/4-ux-design/modular-architecture/02-workflows/01-what-are-storyboards.md","5cc9d1c2367683f3a03a25318cacb899be6200e7e3d14ec912d17f1c104d6d1b"
"md","01-when-to-use","wds","wds/workflows/4-ux-design/modular-architecture/02-workflows/01-when-to-use.md","4a8c0649b381c91c67c1a82ea070ea050ecad9c546d0c664e8061d6a0dcef752"
"md","02-business-goals-template","wds","wds/workflows/2-trigger-mapping/document-generation/steps-c/substeps/02-business-goals-template.md","6e5bd3cf84695447a636dd8393ec7f766485c5cb0497055d3158ae2e2c47d4df"
"md","02-compare-attributes","wds","wds/workflows/5-design-system/assessment/02-compare-attributes.md","e842bb01d9a760f218c5ce932d03a44142aac7c2119c3ccc8dfa5ef5237f1171"
"md","02-determine-if-needed","wds","wds/workflows/1-project-brief/alignment-signoff/substeps/01-start-understand/02-determine-if-needed.md","32400906aa23a9d82d4311c7ad9408bded3cba7b9ed341d11dd23ebf061a2ccb"
"md","02-feature-selection","wds","wds/workflows/4-ux-design/scenario-init/steps-c/02-feature-selection.md","28d74b4c0dbf8efeb5ba7317e6f8a8ff6683163dab1e14586c2af80e3deff2a3"
"md","02-file-structure","wds","wds/workflows/4-ux-design/modular-architecture/02-workflows/02-file-structure.md","8d3a77ca28022d09148511c857e37de396690ce49edcda525ac670ca92fad216"
"md","03-action-filter-example","wds","wds/workflows/shared/content-creation-workshop/steps-c/substeps/03-action-filter-example.md","e0c8562bc7ddf964d46b07c01390b1bb206c8540579d3b9e5c4c2b4b78206e96"
"md","03-calculate-similarity","wds","wds/workflows/5-design-system/assessment/03-calculate-similarity.md","c1eda98b423b4559923f0285d3ffb8b18c8415b34634b4646cfb865e89b0e0e7"
"md","03-entry-point","wds","wds/workflows/4-ux-design/scenario-init/steps-c/03-entry-point.md","d0bada9ae6e1e6499d004edecf5c5461343a1f36dbce1dfa6ce3eebee0b554db"
"md","03-offer-extract-communications","wds","wds/workflows/1-project-brief/alignment-signoff/substeps/01-start-understand/03-offer-extract-communications.md","7ca02609e90408ec72c30a7e3c8be4c9476bc6212c457be911eeada06a690697"
"md","04-badass-users-principles","wds","wds/workflows/shared/content-creation-workshop/steps-c/substeps/04-badass-users-principles.md","fe66948a4b8fdc7224d964cd09c3cb3134098f09f3dbbfe828fad8e2a1a48a85"
"md","04-example-empowerment-frame","wds","wds/workflows/shared/content-creation-workshop/steps-c/substeps/04-example-empowerment-frame.md","a49dfc32589a11654bf68235ada0f8cd89dfb045ded855d00559f43e6a32694c"
"md","04-extract-info","wds","wds/workflows/1-project-brief/alignment-signoff/substeps/01-start-understand/04-extract-info.md","bf69cb75a391cce956bf69e550df44768d9b1aaf7c807267bc287fabdb0dd794"
"md","04-identify-opportunities","wds","wds/workflows/5-design-system/assessment/04-identify-opportunities.md","ce81118df8a2292dbf5b39b6f52b2e62a2cabb1751b8c10be2f91046baed5876"
"md","04-key-insights-structure","wds","wds/workflows/2-trigger-mapping/document-generation/steps-c/substeps/04-key-insights-structure.md","232f3e5a7b52b24a87b6e862981a3685712cd308ff951a25df99049ad125aa19"
"md","04-mental-state","wds","wds/workflows/4-ux-design/scenario-init/steps-c/04-mental-state.md","15fb272a2477492a50491227aefd686db6771ed1928efb8e6f4c525a6954bbc3"
"md","05-detect-starting-point","wds","wds/workflows/1-project-brief/alignment-signoff/substeps/01-start-understand/05-detect-starting-point.md","9cb109a2720e6f13bc9badd9c61ef08daecec86f07119268379f051c43b07f57"
"md","05-example-golden-circle","wds","wds/workflows/shared/content-creation-workshop/steps-c/substeps/05-example-golden-circle.md","cc362018d39c4fb78834ce557aab7c7e38f85f2678258af0734fc330be5217d9"
"md","05-golden-circle-guide","wds","wds/workflows/shared/content-creation-workshop/steps-c/substeps/05-golden-circle-guide.md","798dfd3cfd3abe0d9dca3332a3b204322ee1b5398d54bf54a97cc3e2acda8a38"
"md","05-identify-risks","wds","wds/workflows/5-design-system/assessment/05-identify-risks.md","7b1b9d6a27b72f163234d009f1fe36289eeb1447859234a147d681103fa45712"
"md","05-mutual-success","wds","wds/workflows/4-ux-design/scenario-init/steps-c/05-mutual-success.md","b0af03afdee893e2b393d5ae2ada6a38a76cdd44915dad3e9c9edd2523110a70"
"md","05-quality-checklist","wds","wds/workflows/2-trigger-mapping/document-generation/steps-c/substeps/05-quality-checklist.md","ee33eb6b994764e2e469ec4a30f92c67ec0184c6e502c57480513dd350084d48"
"md","06-example-hairdresser-newsletter","wds","wds/workflows/shared/content-creation-workshop/steps-c/substeps/06-example-hairdresser-newsletter.md","b03642e7cdeb8651c361b4b34630eb3c736cf89503063245579c8e4cb0c2fd43"
"md","06-explore-realization","wds","wds/workflows/1-project-brief/alignment-signoff/substeps/02-explore-sections/06-explore-realization.md","d91fdec05c96756436925c67e0555e0029d07d5888780630385b0a033702337a"
"md","06-generation-instructions","wds","wds/workflows/shared/content-creation-workshop/steps-c/substeps/06-generation-instructions.md","b7f0f19d597d37a83e02a5da74b6e100ff392fdcb46345ae1fd897f2232397b5"
"md","06-present-decision","wds","wds/workflows/5-design-system/assessment/06-present-decision.md","b20962e9829e3fce2b5b4d9e4934c8d890c6b06a1228766201871d3a8c81c774"
"md","06-shortest-path","wds","wds/workflows/4-ux-design/scenario-init/steps-c/06-shortest-path.md","fa0e7226d9657929c42f8d8db3c9829182a0ea7dda757a320c3670d9700bba45"
"md","07-create-vtc","wds","wds/workflows/4-ux-design/scenario-init/steps-c/07-create-vtc.md","9517a26cedf32973af94ae4291a09509f1fccbc901cb03b4d7d6d6f2ec3b827c"
"md","07-execute-decision","wds","wds/workflows/5-design-system/assessment/07-execute-decision.md","0f6d1f8e204bca993acf1aeaa5ab8dd79e0aa0cffad1201e1bf828b15746ccb4"
"md","07-explore-solution","wds","wds/workflows/1-project-brief/alignment-signoff/substeps/02-explore-sections/07-explore-solution.md","3a892083f61392f739ba06df6c33793168db6873cad72962fb4747e0b647823d"
"md","08-explore-why-it-matters","wds","wds/workflows/1-project-brief/alignment-signoff/substeps/02-explore-sections/08-explore-why-it-matters.md","5801b2cad4a97c5c0ba5bf84c751cd337f4800c1156b552cdc26306ad0ebf308"
"md","09-explore-how-we-see-it-working","wds","wds/workflows/1-project-brief/alignment-signoff/substeps/02-explore-sections/09-explore-how-we-see-it-working.md","528a96bc175632f3ad291f77e060966e2dcae01360cdd12f03018856e038ba40"
"md","1-prototype-setup","wds","wds/workflows/4-ux-design/agentic-development/steps-c/1-prototype-setup.md","2f4255811beb4561cf6e0f76395c6cf9573ed66f7696d1619f2f9f076d3ee29b"
"md","10-explore-paths-we-explored","wds","wds/workflows/1-project-brief/alignment-signoff/substeps/02-explore-sections/10-explore-paths-we-explored.md","851ccfaca05624bce80746a9b6ae2e2a9a5621d38478e28298f2b7ea5788f3a4"
"md","11-explore-recommended-solution","wds","wds/workflows/1-project-brief/alignment-signoff/substeps/02-explore-sections/11-explore-recommended-solution.md","0212fa2252cb16e46ee0dacdfd7110aaf148abb7a5bf538305c2f5a544d90965"
"md","11-output-template","wds","wds/workflows/1-project-brief/project-brief/complete/steps-c/substeps/11-output-template.md","6bb608fb04d520d3e81170af198822307959373eff92cbe16646ef423cdbea41"
"md","11-tone-of-voice-example","wds","wds/workflows/1-project-brief/project-brief/complete/steps-c/substeps/11-tone-of-voice-example.md","93db79c791f3c7ce2d472a0f377d8f39c14ded5fe7ac17c4ae578161a8ebf7e7"
"md","12-explore-path-forward","wds","wds/workflows/1-project-brief/alignment-signoff/substeps/02-explore-sections/12-explore-path-forward.md","f4ce4776df2eda6e4609f1fecd20fe4a701153a4e475e36e0ec621872966cf14"
"md","13-explore-value-we-create","wds","wds/workflows/1-project-brief/alignment-signoff/substeps/02-explore-sections/13-explore-value-we-create.md","04726a84d47e481e507bc794caa69faac67aab1a3b93a1f0da0ab505c44d74d9"
"md","14-explore-cost-of-inaction","wds","wds/workflows/1-project-brief/alignment-signoff/substeps/02-explore-sections/14-explore-cost-of-inaction.md","5b81d308cbb4c3564f3808fbecac77ee206583f6b439aa82251c98c0084fd546"
"md","15-explore-our-commitment","wds","wds/workflows/1-project-brief/alignment-signoff/substeps/02-explore-sections/15-explore-our-commitment.md","befcc9d17282c177b550be2fd75392f7a354e9b328f786e20fcf34c6340f4ddc"
"md","16-explore-summary","wds","wds/workflows/1-project-brief/alignment-signoff/substeps/02-explore-sections/16-explore-summary.md","c6854e48ccf53356339597e4d59a9356c4c7dd031bd26d9d2d283dce8ddef167"
"md","17-reflect-back","wds","wds/workflows/1-project-brief/alignment-signoff/substeps/03-synthesize-present/17-reflect-back.md","ced4854149ebabb28f4fa4b7f85c29d6d2ca5a5a63e4090c9f7f91e2d3cad205"
"md","18-synthesize-document","wds","wds/workflows/1-project-brief/alignment-signoff/substeps/03-synthesize-present/18-synthesize-document.md","295a501bade58e7480bc8226e82b6d534763071f1c4559d404c97a50dba79019"
"md","18.5-create-vtc","wds","wds/workflows/1-project-brief/alignment-signoff/substeps/03-synthesize-present/18.5-create-vtc.md","9f654bd902bac65565eedfcaaae99a57a913d8dba45ea30b55d961b23db4c16f"
"md","19-present-for-approval","wds","wds/workflows/1-project-brief/alignment-signoff/substeps/03-synthesize-present/19-present-for-approval.md","16e0637de977bc8565a40dcf3d58892e1dd5122d9749bc10181f2673e9467e21"
"md","2-scenario-analysis","wds","wds/workflows/4-ux-design/agentic-development/steps-c/2-scenario-analysis.md","54ac76c5c79a8ef240905e5d82a7b59dabe42201829ef806a640ff748a1d30e8"
"md","20-offer-signoff-document","wds","wds/workflows/1-project-brief/alignment-signoff/substeps/04-generate-signoff/20-offer-signoff-document.md","0761cc925f8de925c46c97b64602b6e58a70afab9bcb7d60e7dcc6ab7064bce6"
"md","21-determine-business-model","wds","wds/workflows/1-project-brief/alignment-signoff/substeps/04-generate-signoff/21-determine-business-model.md","346b6cb8b4fa8b841c5bac22f2d038464ca9efa145365a46b6c90a426cd07896"
"md","22-build-section-01-project-overview","wds","wds/workflows/1-project-brief/alignment-signoff/substeps/05-build-contract/22-build-section-01-project-overview.md","638cbb2fdad7939720aaaa5bb4e070a71c60e1eb9bd37d307a5890169ff1de30"
"md","23-build-section-02-business-model","wds","wds/workflows/1-project-brief/alignment-signoff/substeps/05-build-contract/23-build-section-02-business-model.md","8d351c2d06ffaa769ebacbf38dda78dece257f406b3c10646e5200a0984c2356"
"md","24-build-section-03-scope-of-work","wds","wds/workflows/1-project-brief/alignment-signoff/substeps/05-build-contract/24-build-section-03-scope-of-work.md","1925cdfedce6bc159c64df46ebbcd432b53d3c666d48cccad4bd46274f889706"
"md","25-build-section-04-payment-terms","wds","wds/workflows/1-project-brief/alignment-signoff/substeps/05-build-contract/25-build-section-04-payment-terms.md","c67a84c21c16c5ec7c573f474cff389e35fdbfc80f31a03ca8c997ae401b30bd"
"md","26-build-section-05-timeline","wds","wds/workflows/1-project-brief/alignment-signoff/substeps/05-build-contract/26-build-section-05-timeline.md","b31f3c788d118b3145cf5efb5564faee782c4f70a0420f809f1d7edbb5ef1a43"
"md","27-build-section-06-availability","wds","wds/workflows/1-project-brief/alignment-signoff/substeps/05-build-contract/27-build-section-06-availability.md","2744d3aa4e17381a220457339d78a852a02b4661be46709f261dc07d5210d029"
"md","28-build-section-07-confidentiality","wds","wds/workflows/1-project-brief/alignment-signoff/substeps/05-build-contract/28-build-section-07-confidentiality.md","f80f89b3b01785b0c58e9aee644b1496dbed058e9ef67e5ebf908ef0ddbdb06e"
"md","29-build-section-08-not-to-exceed","wds","wds/workflows/1-project-brief/alignment-signoff/substeps/05-build-contract/29-build-section-08-not-to-exceed.md","dc2e77bd779fa4602fdc5d4c24202fc99f0986d113864a8598d2b71908b15457"
"md","3-logical-view-breakdown","wds","wds/workflows/4-ux-design/agentic-development/steps-c/3-logical-view-breakdown.md","ee06aed6e4098fb4402509b154500f98a60fbee177c0f1d0b8424ac49db6d68a"
"md","30-build-section-09-work-initiation","wds","wds/workflows/1-project-brief/alignment-signoff/substeps/05-build-contract/30-build-section-09-work-initiation.md","8eb00a822780a14a0525ae39d88066a0495a2871111f2e92ec612150e2788183"
"md","31-build-section-10-terms-and-conditions","wds","wds/workflows/1-project-brief/alignment-signoff/substeps/05-build-contract/31-build-section-10-terms-and-conditions.md","f9b3b17a7d6c0af0559557926d93d0123d554f2cc4adf6a1f558ffb861414c42"
"md","32-build-section-11-approval","wds","wds/workflows/1-project-brief/alignment-signoff/substeps/05-build-contract/32-build-section-11-approval.md","fa785091f444044ea458777368af3ff18e8af2cef70c2e0fa3b207157216d964"
"md","33-finalize-contract","wds","wds/workflows/1-project-brief/alignment-signoff/substeps/05-build-contract/33-finalize-contract.md","85a2577e9abf8531acb804bdc9eb27bd44c52a235af0077f4485931e3743fab9"
"md","34-build-internal-signoff","wds","wds/workflows/1-project-brief/alignment-signoff/substeps/06-build-signoff-internal/34-build-internal-signoff.md","476b4e5e65157593f500d12885a98b7dc1c78498e1abdc4b18e2959d69c15c18"
"md","35-finalize-signoff","wds","wds/workflows/1-project-brief/alignment-signoff/substeps/06-build-signoff-internal/35-finalize-signoff.md","b107709b2e3ec32abe143559051d19abd53cef6d9068ab1968ec8a331b1271bf"
"md","4a-announce-and-gather","wds","wds/workflows/4-ux-design/agentic-development/steps-c/4a-announce-and-gather.md","7d0a8c00f7550432c9d1f99261d938bfc3c6193b1b43fbb9cadcc4b0ccbd4fec"
"md","4a-exploration","wds","wds/workflows/4-ux-design/substeps/4a-exploration.md","020062aff9bbabfed95c54a01e1b1535daa3a086bfc1e5be0af2c7de190bec8d"
"md","4b-create-story-file","wds","wds/workflows/4-ux-design/agentic-development/steps-c/4b-create-story-file.md","bdcf2e42b0f995cb4dc80eb5b1bcb6e564e194180be86f0f8e712202a81f9260"
"md","4b-sketch-analysis","wds","wds/workflows/4-ux-design/substeps/4b-sketch-analysis.md","e2525239bf2b305d68af37aca57158ff02c6ff0b15819b4ba83e6a363c26e0c7"
"md","4c-01-page-basics","wds","wds/workflows/4-ux-design/substeps/4c-01-page-basics.md","eb526f99e03660d529f566f93120475b145bec4d8519a9729e24df245d149b09"
"md","4c-02-layout-sections","wds","wds/workflows/4-ux-design/substeps/4c-02-layout-sections.md","8d0b04ed987410a2257e0820734b30427f3b76f3fdc067bb738f155405767038"
"md","4c-03-components-objects","wds","wds/workflows/4-ux-design/substeps/4c-03-components-objects.md","ab3f4fcbb783e20e9087b95feb09f2839eddbdb2621c9c917ed5f5c6d0551d39"
"md","4c-04-content-languages","wds","wds/workflows/4-ux-design/substeps/4c-04-content-languages.md","5464da2b2959ac66385c62b510fbd90e398705040d39587cb6b4b0af141294a4"
"md","4c-05-interactions","wds","wds/workflows/4-ux-design/substeps/4c-05-interactions.md","70a8d9ff24298d9397bc4b86bd1407917a4068fa3ad32958c62892edb39ce622"
"md","4c-06-states","wds","wds/workflows/4-ux-design/substeps/4c-06-states.md","e70b000a14285396de1de55d4ea1cf4f40d23b8edca203b90745909988170456"
"md","4c-07-validation","wds","wds/workflows/4-ux-design/substeps/4c-07-validation.md","ecbbd3b9ec4a85919fea0facca5f2dc717be47ecdf9a52daeab563cae26c4705"
"md","4c-08-generate-spec","wds","wds/workflows/4-ux-design/substeps/4c-08-generate-spec.md","2c8aeb743e1ad10f7028a472776ebfeb50d17917b8a6eb66510ad36ddf2fb1fa"
"md","4c-implement-section","wds","wds/workflows/4-ux-design/agentic-development/steps-c/4c-implement-section.md","28c54ca993cd0374840f6a0538ba4ae6f516d2d0b9d55b74609b4b6862c952f1"
"md","4d-present-for-testing","wds","wds/workflows/4-ux-design/agentic-development/steps-c/4d-present-for-testing.md","20c4b4e1b57bdd51a4663f326e0af71e04b87e431ddcb55713e051baf183860b"
"md","4d-prototype","wds","wds/workflows/4-ux-design/substeps/4d-prototype.md","4b67ebcbe55f48fe6ab22d0c93f0a7c249feb0a36bde117f4a2c76ec8a542737"
"md","4e-handle-issue","wds","wds/workflows/4-ux-design/agentic-development/steps-c/4e-handle-issue.md","ad9fa30e0109e26979d26c7021053e33c27e8e2f5dec39e495fcd7dbe3300216"
"md","4e-prd-update","wds","wds/workflows/4-ux-design/substeps/4e-prd-update.md","ca3796ce8018dfaa5d4d3f4983d3bc172121d6c712fd13f17e46ce9cc1037ae4"
"md","4f-handle-improvement","wds","wds/workflows/4-ux-design/agentic-development/steps-c/4f-handle-improvement.md","3562f86edca4be41a5ef58ebb886a917e0ab78c39fc4e4d29a8e5471c8ed5aef"
"md","4g-section-approved","wds","wds/workflows/4-ux-design/agentic-development/steps-c/4g-section-approved.md","69b9792bdfaff41660b8c4ba904aab448bc4ada2a31d81679f3f2eade10c6676"
"md","5-finalization","wds","wds/workflows/4-ux-design/agentic-development/steps-c/5-finalization.md","9e7d003dfd1f888d1af64d17e1f2f477cf5a9c165f7bf76956c1bd43d449cc62"
"md","accessibility-audit.workflow","wds","wds/workflows/4-ux-design/templates/instructions/accessibility-audit.workflow.md","fc8dd6ea6cc0e20d2be2ea6c83fda9b64069b03ba781f85354920a70d35b8080"
"md","accessibility.instructions","wds","wds/workflows/4-ux-design/templates/instructions/accessibility.instructions.md","28832ae39076d4f211c1b237f61e09b9afded76292802494df9f557bfaaabf2a"
"md","add-variant","wds","wds/workflows/5-design-system/operations/add-variant.md","467761434c46eef562789b5e7b87c09f60a25abf7857002a29baf62538d9568d"
"md","agent-designer-collaboration","wds","wds/workflows/4-ux-design/modular-architecture/00-foundation/agent-designer-collaboration.md","f00a89361bbe7531a9918a7b19a45380a355f052763a89421cc03aa6fc98448c"
"md","agent-handoff-guide","wds","wds/workflows/project-analysis/agent-handoff-guide.md","116990e1dc1c6530cc58a337989c7342b46cfff76fada612a1d8709633148cf8"
"md","AGENT-INITIATION-FLOW","wds","wds/workflows/project-analysis/AGENT-INITIATION-FLOW.md","55ea7d5f736a5e357e6d913ad60a9aeea2f92f1344fec316909602f2542c05b1"
"md","agentic-development","wds","wds/data/agent-guides/freya/agentic-development.md","8bd3106264bf5a69de34fda4cf937fe4295f48c5c0b9d771f31f220fa63cfe33"
"md","AGENTIC-DEVELOPMENT-GUIDE","wds","wds/workflows/4-ux-design/agentic-development/guides/AGENTIC-DEVELOPMENT-GUIDE.md","9912eafbc1df0861aeb588f394e2ecb9312a14af12e83859e9016f78a0e21ea9"
"md","ai-collaboration","wds","wds/workflows/4-ux-design/excalidraw-integration/guides/ai-collaboration.md","5b77f13db129343805a9d5fda77131effa365fce2be34f277daeaa65f465a480"
"md","ARCHITECTURE","wds","wds/workflows/4-ux-design/ARCHITECTURE.md","6f27152c7ddc0159cd7ed25574b614e474e0c0088cfeb7e8f1478716f6a73d77"
"md","audit-report.template","wds","wds/workflows/4-ux-design/templates/audit-report.template.md","b519d30414b8857fe0c24fe1fc880ece4574af024f71f4bf080308ae26e1dbae"
"md","benefits","wds","wds/workflows/4-ux-design/modular-architecture/03-quick-refs/benefits.md","9f5dc0015a7b7d5644220ef4ee69a18febbcaf05b46fb7968ca666722a436531"
"md","booking-example","wds","wds/workflows/4-ux-design/scenario-init/steps-c/examples/booking-example.md","0483bc21b9aed418212f8ae0682c87af75945ad481bd09a8471e9a76198a41a6"
"md","bug-fix.template","wds","wds/workflows/9-agent-dialogs/templates/dialog-types/bug-fix.template.md","997cba7c5db7a96c28c8ea8966beb8684d559cd0082b1bb5c5de346aaa9ca234"
"md","button","wds","wds/workflows/4-ux-design/object-types/templates/button.md","4e9015f48fede5e649732094e0d697b9fe9d8dd11398db3a706639a100193140"
"md","check-conversations","wds","wds/workflows/project-analysis/conversation-persistence/check-conversations.md","a4e2fffcea690b7cc22d5ec7e4129f959e32cd551b3e907aff677bb0179b93a0"
"md","COMPLETE-SYSTEM-SUMMARY","wds","wds/workflows/workflow-init/COMPLETE-SYSTEM-SUMMARY.md","93b1fbf997d5944128c48ea75fa34609b2d718fe2e107e5935cd0b0ab2d85230"
"md","complexity-detection","wds","wds/workflows/4-ux-design/modular-architecture/01-core-concepts/complexity-detection.md","a5b455efcfff5c484cdeaa329d8d773064bfe071d56a1c98aeeea1357bb0b158"
"md","COMPLEXITY-ROUTER","wds","wds/workflows/4-ux-design/object-types/COMPLEXITY-ROUTER.md","6b25d91c72ddac7362ba882d1bb36b99b5292d45c5746cb8339d4dfa136bdb77"
"md","complexity-router-workflow","wds","wds/workflows/4-ux-design/modular-architecture/02-workflows/complexity-router-workflow.md","21c6713f961e9202c4368423898151414aa33290b8a37c7be29ab5a441fc4165"
"md","component-boundaries","wds","wds/data/design-system/component-boundaries.md","f73be3978de2c0a8bb5d6bcd7c17c0a23d5b9fb986d6721fe3d34ce8d7ca5bfc"
"md","COMPONENT-FILE-STRUCTURE","wds","wds/workflows/4-ux-design/COMPONENT-FILE-STRUCTURE.md","106c4286dfacb58b403a304c199d583dc7e558c8899e380ab40cf69bf5bcc9c9"
"md","component-library-config.template","wds","wds/workflows/5-design-system/templates/component-library-config.template.md","ee8dff9871364c85b2096a0fb2dc27a73fa068e460667230be5eededac7498af"
"md","component.template","wds","wds/workflows/5-design-system/templates/component.template.md","a3e18a2b6ac9eb2a7214d1c1ac60fb314728f1daaf92410cebdb9646e9522781"
"md","CONCEPTUAL-SPECIFICATIONS","wds","wds/workflows/4-ux-design/CONCEPTUAL-SPECIFICATIONS.md","2639cba17717c8f69382b053697ddbbfe78b3facc7c2b469165637ae372ef3f1"
"md","content-creation","wds","wds/data/agent-guides/freya/content-creation.md","76678a5e30ccb1fd73c16346e656fbff190fab8762bbfa647bdce911a89bc1aa"
"md","content-creation-workshop-guide","wds","wds/workflows/shared/content-creation-workshop/content-creation-workshop-guide.md","06a6adc4eb6da65b122dcbea1d46c18bb19fde40366f5eba8967a56029420c98"
"md","content-output.template","wds","wds/workflows/shared/content-creation-workshop/content-output.template.md","e4e423531c6a1d8a5e4ed0578568fbec936ec054ac00a92bf8da73cd36434e26"
"md","CONTENT-PLACEMENT-GUIDE","wds","wds/workflows/4-ux-design/CONTENT-PLACEMENT-GUIDE.md","337f29f2c2c970941099d7e45bf2aad5ea4810ef1017ec3169eb3af9f9aed271"
"md","content-placement-rules","wds","wds/workflows/4-ux-design/modular-architecture/01-core-concepts/content-placement-rules.md","0f141df8e13393e8d7264159a314023d5e144187bb3c2c21e09266095ec00f21"
"md","context-aware-activation","wds","wds/workflows/project-analysis/context-aware-activation.md","15ad384fefe4b20893120536add7b759130369f98bd831f69f6a091737eebddd"
"md","context-templates","wds","wds/workflows/8-ongoing-development/steps/substeps/context-templates.md","1377af6bdafa4a0720d0cb699186c0ab8c810c45c7b22cd9025132a4be6a5ac7"
"md","contract.template","wds","wds/workflows/1-project-brief/alignment-signoff/contract.template.md","1a3141a099aa4ffd075e2ff48dc9f3e5fa60b17206249e8ddac85281591721e1"
"md","conversation-template","wds","wds/workflows/project-analysis/conversation-persistence/conversation-template.md","55abee6e4ab59a19ce9b86ca791d53d89bd07caeb38b86bbf6f59b48123667ba"
"md","create-new-component","wds","wds/workflows/5-design-system/operations/create-new-component.md","c014eb8d50499db7f8adac05c67e3f353642fd914a5a4b6d1eaed08f1ee23e7e"
"md","CREATION-GUIDE","wds","wds/workflows/4-ux-design/agentic-development/guides/CREATION-GUIDE.md","11e696f7f60a43845f518963d1c4b9bb62ba8af541746cfb5dcd71a3c372f8a6"
"md","CROSS-PAGE-CONSISTENCY","wds","wds/workflows/4-ux-design/CROSS-PAGE-CONSISTENCY.md","f34325f8d5c2637ef11a90a96a08a7d3b94b79dcf088e0ade79791b3d6d433c6"
"md","custom-methodology-template","wds","wds/workflows/workflow-init/methodology-instructions/custom-methodology-template.md","7a426d8cb2e3cd0b86bf1847f89db8531221949981a46951f1c1cb3d2f770db8"
"md","data-api.instructions","wds","wds/workflows/4-ux-design/templates/instructions/data-api.instructions.md","20e198e50f103b67fb4604d30adffbd7c77b0ccd198177e28548c03249765fb8"
"md","decision-tree","wds","wds/workflows/4-ux-design/modular-architecture/03-quick-refs/decision-tree.md","d9f4eba66b6b1907ee213c6a00bed58290cb61e8013d87c2eac6c82807573a81"
"md","deep-validation-before-work","wds","wds/workflows/project-analysis/validation/deep-validation-before-work.md","23be38475e202191b546a1a57584cfccf285e77faf0a9823130a6118ccaa75e8"
"md","delivery-templates","wds","wds/workflows/6-design-deliveries/steps/substeps/delivery-templates.md","5b401903d94143a21fdc4f9b8783e28deb6ada1cb5c19b7590ea32de5dd40366"
"md","delivery-templates","wds","wds/workflows/8-ongoing-development/steps/substeps/delivery-templates.md","fe823968fd83ceb0328a2418150592b4b88d664bfe3fdd2ca79da20da18a7b1d"
"md","design-deliveries-guide","wds","wds/workflows/6-design-deliveries/design-deliveries-guide.md","f433e562f60397f6c174f96921cc5e884c4155bad0b0a19d995e1677717a8d05"
"md","design-exploration.template","wds","wds/workflows/9-agent-dialogs/templates/dialog-types/design-exploration.template.md","c34401ef8abe3c63918743fce06f112fa2dc2ae100ed3238434a07d14f021e47"
"md","design-handoffs","wds","wds/data/agent-guides/idunn/design-handoffs.md","5fea8dc427fdee1c9c887ebed9c4a72bb249ae84c9b8f3a95a8979ce258bae72"
"md","design-system","wds","wds/data/agent-guides/freya/design-system.md","9aad2acbf972de7b9a5e97e8b0e1a3e34aa25d355aafbbc94adf3bc01db3660d"
"md","design-system-guide","wds","wds/workflows/5-design-system/design-system-guide.md","d574010d536d654801914514564ccd28d190434ac2cd47e3aeab3534aae4b9fa"
"md","design-system-router","wds","wds/workflows/5-design-system/design-system-router.md","e1e792bf1161654d1d4b2046acc667775c77b5c0b4fbdd63d2331af12276a503"
"md","design-templates","wds","wds/workflows/8-ongoing-development/steps/substeps/design-templates.md","5282d8a7c56552fef21e2e3dcb5ddb764ec7319dff2115d507775ea3a080c0be"
"md","design-tokens.template","wds","wds/workflows/5-design-system/templates/design-tokens.template.md","8eefe815b7e3e18772421c7bb7176688824d4fbeb12d9f01eba10eef241f619e"
"md","DEV-MODE-GUIDE","wds","wds/workflows/4-ux-design/agentic-development/templates/components/DEV-MODE-GUIDE.md","08c3aecc02a40b6b8ca77f08fcfbdeb1244525e12a2ac1f415d0c6ef9e5dc9d4"
"md","diagnostic-report-template","wds","wds/workflows/4-ux-design/page-specification-quality/templates/diagnostic-report-template.md","aee1a20cb0c028852f8fd5472a350ac51f4e68fd8a1e501115cc034b68d4c944"
"md","dialog-capture.template","wds","wds/workflows/9-agent-dialogs/templates/dialog-capture.template.md","31b00d5b8d0458993574fc8a293123638e927dfdfbb1b34ff4858cb04e04bf91"
"md","dialog.template","wds","wds/workflows/9-agent-dialogs/templates/dialog.template.md","293f45c16a164f1ecac928fd0a90af47f85872f96abf85e851454efd984648ec"
"md","discovery-conversation","wds","wds/data/agent-guides/saga/discovery-conversation.md","7b5ac0d92942d00bfe22b74894a119b558ec0d162db806e5a4717cb524c4616c"
"md","DOCUMENTATION-ARCHITECTURE","wds","wds/workflows/4-ux-design/DOCUMENTATION-ARCHITECTURE.md","fba5f82bf6e73ad0e63ca075f3734c15bfc3c3d838b8c024cf98163e64b2d0e7"
"md","ecommerce-example","wds","wds/workflows/4-ux-design/scenario-init/steps-c/examples/ecommerce-example.md","9dad842cdb0f29c436f2ecfe1ab252057f933010dcc9e3e03f4d051c8e341d82"
"md","eira-visual-designer","wds","wds/gems/eira-visual-designer.md","6e7f6e0421432dae40c75a759a7ca0375d781432e70a5eeb2b194b31f4b8124f"
"md","emotional-intelligence","wds","wds/data/agent-guides/mimir/emotional-intelligence.md","66dea6d774af3fd26d88cedf36f7fda6b646eb87da507e1b7e79399cd4a1e369"
"md","empty-project-response","wds","wds/workflows/project-analysis/analysis-types/empty-project-response.md","8595df659ba68fdded99a9382a832c1f67f38874e3d49359e10de957bc3d0467"
"md","excalidraw-guide","wds","wds/workflows/4-ux-design/excalidraw-integration/guides/excalidraw-guide.md","11749f72e409295a0d6d232d12b37f73687dc724ac839ddd94e95f388c81bb4b"
"md","excalidraw-setup","wds","wds/workflows/4-ux-design/excalidraw-integration/guides/excalidraw-setup.md","d737686d692aae9f5865233e816ea677d8967519b693a3ddc996cbc5ebaf4540"
"md","excalidraw-setup-prompt","wds","wds/workflows/workflow-init/excalidraw-setup-prompt.md","7bdfffc36caa852456ba604d109b6085be8050565ae332eb11286774f0ee8378"
"md","EXECUTION-PRINCIPLES","wds","wds/workflows/4-ux-design/agentic-development/guides/EXECUTION-PRINCIPLES.md","32c10b8e33d927cae7e0deb6cc11eaa505f046af3f69b01e9e5a4ea1b4af1457"
"md","existing-product-guide","wds","wds/workflows/8-ongoing-development/existing-product-guide.md","71c1a1a3b427e8ef4420dcdd53872af9613508b594252d519f95913fd5316060"
"md","experimental-endpoints.template","wds","wds/workflows/3-prd-platform/templates/experimental-endpoints.template.md","8def8939c32e648188b31480707b745e031e58c19c26af60ad2ed3b6d2d035e9"
"md","export-workflow","wds","wds/workflows/4-ux-design/excalidraw-integration/guides/export-workflow.md","8960a09f66873266879562d4b21ee3c400443a173f847cb30c9fc2499eb5c70d"
"md","feature-impact.template","wds","wds/workflows/2-trigger-mapping/templates/feature-impact.template.md","7846611f85ca8ba5677a3845629ed535da8c50d41551c4f6061c153d9264f885"
"md","FEEDBACK-PROTOCOL","wds","wds/workflows/4-ux-design/agentic-development/guides/FEEDBACK-PROTOCOL.md","5c35333c45b2b3baf7ad6fbb4bdc7acfc32825e2fb399041e0ff4334bf8cf6a3"
"md","figma-component-structure","wds","wds/data/design-system/figma-component-structure.md","35e6e2b70a0e5d058428cf1b4958df6443889cf6d729be4b1e37f6d9dfce979e"
"md","figma-designer-guide","wds","wds/workflows/5-design-system/figma-integration/reference/figma-designer-guide.md","e5ce0f5e55b50d1b166f98372b888671e0e3bb466954e4c30751a8e19f5a9758"
"md","figma-integration-guide","wds","wds/workflows/5-design-system/figma-integration/figma-to-code/figma-integration-guide.md","e1547e3c7c894b7547d8faad96f442b4d8c6f4335cd6a7a6410d92bc4862ce15"
"md","figma-mcp-integration","wds","wds/workflows/5-design-system/figma-integration/reference/figma-mcp-integration.md","6088bee3babec768c6c531ead5bcc3264bbf17a96db466abf1929650965e8108"
"md","FILE-INDEX","wds","wds/workflows/4-ux-design/agentic-development/guides/FILE-INDEX.md","58daf28de5b6be88ac1cd5aaf75b0d0696feed624733f351dffcb3f338da255d"
"md","FILE-NAMING-CONVENTIONS","wds","wds/workflows/00-system/FILE-NAMING-CONVENTIONS.md","796ce6725217409edc275a63dd698ff64ea88cbb9bea7943605b23e7bd90c0a9"
"md","FINAL-SYSTEM-SUMMARY","wds","wds/workflows/workflow-init/FINAL-SYSTEM-SUMMARY.md","ea6b3f552de92a2b32bd0c623cd861b702f9e1982dfc91cb6a20a284a3e0adc8"
"md","flow-a-sketch","wds","wds/workflows/4-ux-design/steps/step-02-substeps/page-init/substeps/flow-a-sketch.md","0f16e89c807969478cf00fc2e22cb5b5aaf6e16c9aab99c376d5b3c5c5d84805"
"md","flow-b-verbal","wds","wds/workflows/4-ux-design/steps/step-02-substeps/page-init/substeps/flow-b-verbal.md","ff410a2fc8d0bb6acc3ef1aca7a572d838bbbd71e1eefce41be34c869a3867b0"
"md","flow-c-ascii","wds","wds/workflows/4-ux-design/steps/step-02-substeps/page-init/substeps/flow-c-ascii.md","a2a0e544d0fdf655b710baf55bdd82abb222248d3726ee620b277c18b6f7fdca"
"md","flow-d-reference","wds","wds/workflows/4-ux-design/steps/step-02-substeps/page-init/substeps/flow-d-reference.md","5cefdfcd88c0cc2d7106a4590c6a06286145a2431ea5a547132752d4025b5792"
"md","flow-e-html","wds","wds/workflows/4-ux-design/steps/step-02-substeps/page-init/substeps/flow-e-html.md","a4c5965567254c1e2252a6f351c173a56311938dfcdcecb654208e69d4319692"
"md","folder-based-analysis","wds","wds/workflows/project-analysis/analysis-types/folder-based-analysis.md","e5d046eea2c4182613d68868ff53c61c1a1a3b66695ebc0aa1bb2f62c3416e4b"
"md","form-validation.instructions","wds","wds/workflows/4-ux-design/templates/instructions/form-validation.instructions.md","fd1becae2c7f894a90e3f68bf0279123a829f05c2d965308ca71cc6af65c5971"
"md","freya-domain","wds","wds/workflows/project-analysis/agent-domains/freya-domain.md","fe7dcd16bbdc822e8fc48d6c01b3001a68b3102042b98dd9bb9d007edd214873"
"md","freya-how-i-help","wds","wds/data/presentations/freya-how-i-help.md","d99869ea2907660e6baa6966b05c62dfabb8b78dee63f1463da0f2553b36453e"
"md","freya-intro","wds","wds/data/presentations/freya-intro.md","d04f7620e61ca2f3da18f324ffa095035ac9e4eff1c2c66296eec1c628651fe2"
"md","freya-presentation","wds","wds/data/presentations/freya-presentation.md","e6883b7b905dc9fd0289f8e084ed3c1cee9bb04ebf41999b77236423bdf9eca7"
"md","freya-workflows-guide","wds","wds/data/presentations/freya-workflows-guide.md","70fe5cff5d3666032e6fa1f3a3284e3036709c49fd51e200d1cb2cd4c5f3ac39"
"md","generate-catalog","wds","wds/workflows/5-design-system/operations/generate-catalog.md","ddc421c9ab2e9611e9f5e4cd8e3b877f21d6a10c31e790d96309b17d49bee1ac"
"md","handoff-dialog-scripts","wds","wds/workflows/6-design-deliveries/steps/substeps/handoff-dialog-scripts.md","8cf275980464a1939b953afeac3cd7e486f7b667e38881494838045140f71d2f"
"md","heading-text","wds","wds/workflows/4-ux-design/object-types/templates/heading-text.md","bd96a5c7b87904f7d2c24c78aa94aa97f6e3861fcdffe5ffddaa341395234522"
"md","HTML-VS-VISUAL-STYLES","wds","wds/workflows/4-ux-design/HTML-VS-VISUAL-STYLES.md","3816ff81a52096727bf1c13cd328b59f042f27936ebcf0a6eaf912ecf48cf045"
"md","idunn-domain","wds","wds/workflows/project-analysis/agent-domains/idunn-domain.md","2ac3bdc4948077f77b9808e1c12fa38845f3589b6b09e6b8eeacfb74407a92b1"
"md","idunn-how-i-help","wds","wds/data/presentations/idunn-how-i-help.md","8ed7f0346f203f6e6ba0798ad9e77f473a119aaa813a8530f598f00f7702c939"
"md","idunn-intro","wds","wds/data/presentations/idunn-intro.md","7be74baa38509fff446d9d851d8e7daf851398897179bf796b28a2ca7e7987b7"
"md","idunn-presentation","wds","wds/data/presentations/idunn-presentation.md","434c0550dfd1a66ca4f983c787aea4412517bfe57bb7b87ae59cf863a3b7318c"
"md","idunn-workflows-guide","wds","wds/data/presentations/idunn-workflows-guide.md","7ce479a45c98102ddc4a22843c21c5a093443969ea85c794cc021ab20cba6600"
"md","image","wds","wds/workflows/4-ux-design/object-types/templates/image.md","ea70963752e92e724302911d12b2de85e8a0683790f4fa81942ab576e1fd5e5f"
"md","IMAGE-SKETCHING-BEST-PRACTICES","wds","wds/workflows/4-ux-design/IMAGE-SKETCHING-BEST-PRACTICES.md","0b72d20adc8b4fbac0e5a3f975ef3efe75f5670c15202e5ae6a85c9bbbd62ad4"
"md","INDEX","wds","wds/workflows/9-agent-dialogs/templates/dialog-types/INDEX.md","31ed3d54696b23a089baf1ab35943f80a7deb68564b9056c6d613dff7967d4b2"
"md","initialize-design-system","wds","wds/workflows/5-design-system/operations/initialize-design-system.md","0e51aeb56770915015fb2f23c056eb2384878230c8242149f9c30d8f6d25d9df"
"md","INSTRUCTION-FILE-GUIDELINES","wds","wds/workflows/00-system/INSTRUCTION-FILE-GUIDELINES.md","6e8a9a54726db2c2ec3514a60d4068207945a1e2fd605f17db16137dc3ce3523"
"md","instructions","wds","wds/workflows/1-project-brief/handover/instructions.md","40a779d3d2279d8e7e5d930dd4ae69be2cd8e1fe631ff183f49d07aca1e64aed"
"md","instructions","wds","wds/workflows/1-project-brief/project-brief/complete/instructions.md","613a583b7121dff42f1af9f94bc5e1add614af5b5120867f42b9ab20f2db620d"
"md","instructions","wds","wds/workflows/1-project-brief/project-brief/simplified/instructions.md","be99afa0f812cb683feb4c3cf3ca6e6caa5373d0a26a5e6d8f6923c8f48c37ff"
"md","instructions","wds","wds/workflows/2-trigger-mapping/document-generation/instructions.md","dc7aab77dca7694b3a1190de08933f574846d35f24e3aef02cd65e15b1e74313"
"md","instructions","wds","wds/workflows/2-trigger-mapping/handover/instructions.md","099dfef2e1f825c445ae178654979938b52b902f6783e9014f76f966c4963966"
"md","instructions","wds","wds/workflows/2-trigger-mapping/instructions.md","ea60c9b38b6a550f967ba98f28b5b4724bb5c6600a2d8d1b27502cd0aa3f357f"
"md","instructions","wds","wds/workflows/2-trigger-mapping/mermaid-diagram/instructions.md","5d34db6883ce6ecde6e293d99a8b5e2d1f5bc4f5828e11e1308385cf5d4905fa"
"md","instructions","wds","wds/workflows/2-trigger-mapping/workshops/0-documentation-synthesis/instructions.md","802c6b8d81f291c077f498992e2b46451d00708a4bbe929a7ca52a80d6dbe543"
"md","instructions","wds","wds/workflows/2-trigger-mapping/workshops/1-business-goals/instructions.md","fae7d2012d1be52eda4574595c3ff9161eb357b2e629c68e563e6146ee4bd8b5"
"md","instructions","wds","wds/workflows/2-trigger-mapping/workshops/2-target-groups/instructions.md","cf8408e11d4564ba9c669f06dc72336896963e05fd14f05e7c2d2254e39b92fa"
"md","instructions","wds","wds/workflows/2-trigger-mapping/workshops/3-driving-forces/instructions.md","ad47099458b3d23cc09ec5c9ef70fc719091d52cc4b7109594c7a8e9a98937d7"
"md","instructions","wds","wds/workflows/2-trigger-mapping/workshops/4-prioritization/instructions.md","7206985ff995f0485725c5226ca78a3911a71deb6c300b3f0228503552b2ce69"
"md","instructions","wds","wds/workflows/2-trigger-mapping/workshops/5-feature-impact/instructions.md","af9c4151c5a4e2a16a4bdddfad10a5367690fd9babaacbde6b9c3a3aaeff8aa6"
"md","instructions","wds","wds/workflows/3-prd-platform/handover/instructions.md","fed92dee605acd923d55a0c7f4dd626f9ca80ba7630f6613433195f9785cb4a3"
"md","instructions","wds","wds/workflows/3-prd-platform/instructions.md","e5a56d517df2e33363b26c9519c9fb9e72493cbabbd3b681e7f788b8075fe7c8"
"md","instructions","wds","wds/workflows/4-ux-design/handover/instructions.md","2965df4d0071b05cb146abe05a31dde18ae396c0799e26d1cb60a7f596da6743"
"md","instructions","wds","wds/workflows/4-ux-design/page-specification-quality/instructions.md","4e68bd7ff2ac1d1eba91360adc2041da3fb3329c2489dd8cd5958148bae94687"
"md","instructions","wds","wds/workflows/project-analysis/instructions.md","c3ae4e8216fc3473a46f7a420337272190a8411881c3abdebbde5246dd866c33"
"md","instructions","wds","wds/workflows/workflow-init/instructions.md","c8390d5b9181ebed6e315b54e1b411f4e001d67568c5dd52364be4deff5e378a"
"md","instructions","wds","wds/workflows/workflow-status/instructions.md","56771e39de8ababbab82899e946f2fcf2964d5106b825a0d27deb9153417721e"
"md","INTEGRATION-SUMMARY","wds","wds/workflows/5-design-system/figma-integration/INTEGRATION-SUMMARY.md","89377c1900c461d9a0c9b2df2ad274dff79711e3665740091c0f0c2f37fed90c"
"md","issue-templates","wds","wds/workflows/7-testing/steps/substeps/issue-templates.md","4cbae51dddf190e1a8b64c6760a434e8cf6f0963b15001c8c64b49a23ab2ae2b"
"md","kaizen-principles","wds","wds/workflows/8-ongoing-development/steps/substeps/kaizen-principles.md","7971c65b59dca8947015da750214ae7e929f8217771f104faa30b1b3eceac4d5"
"md","language-configuration-guide","wds","wds/workflows/00-system/language-configuration-guide.md","ce33b6b7642f5904233045f0f442fb7a38e0089679763c7d6387c7bbaa7577aa"
"md","language-flow-diagram","wds","wds/workflows/00-system/language-flow-diagram.md","9c74c399ab2e27328e70c08bd0cf0dcdb94f81495ee6463e82aec509c888aa27"
"md","lightweight-page-template","wds","wds/workflows/4-ux-design/steps/step-02-substeps/page-init/substeps/lightweight-page-template.md","03f98c29fd6dc386b71ea142af62f78efc5b53456f393da4197b91589f696045"
"md","link","wds","wds/workflows/4-ux-design/object-types/templates/link.md","480a6ab3b9fa34f0946047ac70a57721fedf4644384d7537d88f71e502dca819"
"md","LINK-VERIFICATION","wds","wds/workflows/project-analysis/LINK-VERIFICATION.md","a64043b5b30912b3f6524b6cd3a407690b3e42db5c9391cafa0237359c41d66f"
"md","mcp-server-integration","wds","wds/workflows/5-design-system/figma-integration/reference/mcp-server-integration.md","25d9a2d6471db7a257f8bcc25da0ce5bc2d358c1ad4800b07f1ffe5095b1069b"
"md","meta-content-guide","wds","wds/data/agent-guides/freya/meta-content-guide.md","95425b9e660db54f4c090529fb1d906558cf3a118926e4c5cfb94c77d7a0ffcc"
"md","meta-content.instructions","wds","wds/workflows/4-ux-design/templates/instructions/meta-content.instructions.md","0f10614e6f66130045881543ee5a770dd9c7c3121b4c21cb88d5c16316eea7d0"
"md","methodology-guide","wds","wds/workflows/workflow-init/methodology-instructions/methodology-guide.md","afa621187ddee19d22fb0e6489fdf391b17a8500f468ecbe0b655fa6ff58cf64"
"md","micro-instructions-mermaid-diagram","wds","wds/workflows/2-trigger-mapping/micro-instructions-mermaid-diagram.md","83cd57528594396ea4fddc1b628e31165e9772e2fa7f7585699c339758fa328e"
"md","mimir-agents-overview","wds","wds/data/presentations/mimir-agents-overview.md","cefc02f5c0c1f15fd3580be05cdadfd45530aa0d357ccbc66c659aac3362b56e"
"md","mimir-getting-started","wds","wds/data/presentations/mimir-getting-started.md","e8c20d5935a05032432da6ed7faf8d2982528360a91d8670585f523eb1fd4ee6"
"md","mimir-presentation","wds","wds/data/presentations/mimir-presentation.md","5160abb6122cb15f539c41c2605116aa528581365195120a1811cc90bc7336e6"
"md","mimir-tone-setting","wds","wds/data/presentations/mimir-tone-setting.md","d91a4b1254d25cd2fc8585cfcb8025a397e3fa1224373e7728ceb5f697367d55"
"md","monitoring-templates","wds","wds/workflows/8-ongoing-development/steps/substeps/monitoring-templates.md","3b3a0b20cf925c265a53776cb684ffcbf9bbc07849d36ecf19c55b3a8d193395"
"md","naming-conventions","wds","wds/data/design-system/naming-conventions.md","dda71964bcc862788458be035e6cc1d74b47500030507dd7dee67eccd22744bf"
"md","new-project-response","wds","wds/workflows/project-analysis/analysis-types/new-project-response.md","bff68eaf723614fb2614c2f66c2be27bad47b82191f3a2fbf0b61f912eeddb17"
"md","object-router","wds","wds/workflows/4-ux-design/object-types/object-router.md","a96f8beb1f688c748ab87340d88fdc755b731d078fa87a2de296b155978cb54f"
"md","open-questions.instructions","wds","wds/workflows/4-ux-design/templates/instructions/open-questions.instructions.md","41e7ab05bfd97df27bce395e25e30ea379600dd1b32d6df90b79ab190cf98925"
"md","OPTIMIZATION-COMPLETE","wds","wds/workflows/shared/content-creation-workshop/steps-c/OPTIMIZATION-COMPLETE.md","e9603bfc67dc56f00e716ff63b4e16feebaac93f7a9dba597b334c16ee28863c"
"md","outline-based-analysis","wds","wds/workflows/project-analysis/analysis-types/outline-based-analysis.md","afd0365c9c54e6798bd63f5e3893166dfde40cf89fa34365495e359ba752e7b3"
"md","page-init-lightweight","wds","wds/workflows/4-ux-design/steps/step-02-substeps/page-init/page-init-lightweight.md","4b9bce608733d7ef46e67133744c3f02c5142eb769ad0aca8a3068dfb773c05d"
"md","page-process-templates","wds","wds/workflows/4-ux-design/steps/step-02-substeps/page-init/substeps/page-process-templates.md","e935e2c2ec6baab831c7cfdaa99701baaaf6a993db7e18a93b4df6ca4bf3ff06"
"md","page-specification-workflow","wds","wds/workflows/4-ux-design/modular-architecture/02-workflows/page-specification-workflow.md","635667691b6080f488625c755a897caa7e84be42494c31b9f9a38b9e6fb17a7f"
"md","page-specification.template","wds","wds/workflows/4-ux-design/templates/page-specification.template.md","d23cb80ee1166d7e17342b049f2ec315f38aadfc395f92922b672386ce56aaeb"
"md","persistence-guide","wds","wds/workflows/project-analysis/conversation-persistence/persistence-guide.md","6bc7577c935cce148482ca45120b50e07ef1f3bc5a956fc50bedae483c037ae6"
"md","persona-document-template","wds","wds/workflows/2-trigger-mapping/document-generation/templates/persona-document-template.md","098224dcf4eeea73c850e95f912ca9455f2c852f79e544b2947c4485807b92c6"
"md","pitch.template","wds","wds/workflows/1-project-brief/alignment-signoff/pitch.template.md","53b1e1b438843528030a014f25b17a4b59b8059065b1fee82d6170d8478e2a43"
"md","placeholder-templates","wds","wds/workflows/4-ux-design/steps/step-02-substeps/page-init/substeps/placeholder-templates.md","08d622f8c9b424a454e09beb25055dba2432814db206d8b2594e9afc8d711654"
"md","platform-architecture.template","wds","wds/workflows/3-prd-platform/templates/platform-architecture.template.md","55d8f5f8fc3b9819d98bac4e998304464a17825b46ea4ffc3668b012eee50b40"
"md","platform-requirements","wds","wds/data/agent-guides/idunn/platform-requirements.md","3828257b01e005d88609d8a4ff89fa374d2951c4c58b79bd504cec70b7fbcf4c"
"md","PROACTIVE-TRANSLATION-WORKFLOW","wds","wds/workflows/4-ux-design/PROACTIVE-TRANSLATION-WORKFLOW.md","fee20a5da02328e9440e6ba56ec52bc91fd89f0743c179134c6c743295a9c1e4"
"md","project-analysis-router","wds","wds/workflows/project-analysis/project-analysis-router.md","0c201bcb1815771184aedf9423919f3f23b60ff9ab01cfc2c7f29eaa73d17375"
"md","project-brief.template","wds","wds/workflows/1-project-brief/project-brief/complete/project-brief.template.md","5d0c7cef6d435ac8eb66ab9b6ba2a064802fc5944dca625b29187abb3697c5ea"
"md","project-initiation-conversation","wds","wds/workflows/workflow-init/project-initiation-conversation.md","8b2b5bc4b420840f5dd51f6761efab9e5e236af1e62cae90fbcbfdd321e6eeb1"
"md","PROJECT-OUTLINE-SYSTEM","wds","wds/workflows/workflow-init/PROJECT-OUTLINE-SYSTEM.md","f7fa0599b069801813eb436d636ba3f365631e53c9f8a8967d2b06f429c0c139"
"md","PROJECT-STRUCTURE-SYSTEM","wds","wds/workflows/PROJECT-STRUCTURE-SYSTEM.md","9e36099c16f97c85f34486caf74685736e11dd3fbfeabd2de6fd5ed217875438"
"md","project-type-selection","wds","wds/workflows/workflow-init/project-type-selection.md","81a07cb97c7c41c8ce604812e735825827a4b17fb642c4218bf3be4caa82fb2a"
"md","PROTOTYPE-ANALYSIS","wds","wds/workflows/4-ux-design/agentic-development/guides/PROTOTYPE-ANALYSIS.md","e77bd7027ced2a7ee2330bde102144b7080cd6573af28746ea1b2760ba9f95a4"
"md","prototype-implementation.template","wds","wds/workflows/9-agent-dialogs/templates/dialog-types/prototype-implementation.template.md","93218b6fed5683f47b90d1927d5a63a9d691ea02003fd0347471cb87571e014b"
"md","PROTOTYPE-INITIATION-DIALOG","wds","wds/workflows/4-ux-design/agentic-development/guides/PROTOTYPE-INITIATION-DIALOG.md","884afc687e0ed713c88b5baa4ba829eb7f6a3f692c0778e7a5cc03f50f1f5395"
"md","PROTOTYPE-ROADMAP-template","wds","wds/workflows/4-ux-design/agentic-development/templates/PROTOTYPE-ROADMAP-template.md","14cf256647195d56ef1158e2b7c42bdf5eed6f1f070f39a9b437dfb453f087a0"
"md","prototype-to-figma-workflow","wds","wds/workflows/5-design-system/figma-integration/reference/prototype-to-figma-workflow.md","9cbaba00133b33d22972f2a2552faa0427d3ae0ca80ff79e871edc2fc34c7630"
"md","quality-guide","wds","wds/workflows/4-ux-design/page-specification-quality/quality-guide.md","21d08a00568015081a51a7e9ccc20307df14a6122ae46992aa1a844dc8268a3c"
"md","README","wds","wds/README.md","f7d706dfd5f0cfe0092a0883c824885ebd1e06061d6b6323f7eb3ebb285dbac8"
"md","README","wds","wds/workflows/5-design-system/figma-integration/figma-to-code/README.md","e3b0c44298fc1c149afbf4c8996fb92427ae41e4649b934ca495991b7852b855"
"md","responsive.instructions","wds","wds/workflows/4-ux-design/templates/instructions/responsive.instructions.md","eb1a975e9595341d5f66736d830c5c21becd41e11f613cdbdccabd1444f367c4"
"md","REVIEW-FINDINGS","wds","wds/workflows/2-trigger-mapping/REVIEW-FINDINGS.md","94de992a195d673b84d7de2952ec6cf3a7351cf30365e4dc0275dae97b7cc388"
"md","ROUTER-ARCHITECTURE","wds","wds/workflows/project-analysis/ROUTER-ARCHITECTURE.md","c56f66d5939c4cc0a85049397dc8f8ec87ff46fafd2c2ef186f3e8ee34f12b08"
"md","ROUTER-FLOW-DIAGRAM","wds","wds/workflows/4-ux-design/object-types/ROUTER-FLOW-DIAGRAM.md","80572e614c01bc8d986ad3bba5272415cef6b14b05401624dab0a5a9fd5be4c9"
"md","saas-example","wds","wds/workflows/4-ux-design/scenario-init/steps-c/examples/saas-example.md","07d827fc85a6c86aa1352a7858b6d690d531d7a1296880f3f04009b89c67a279"
"md","saga-domain","wds","wds/workflows/project-analysis/agent-domains/saga-domain.md","50d050057a7d90ea496a92f92118a57355ae250fc2f8aa351f529c3cb97d17a7"
"md","saga-how-i-help","wds","wds/data/presentations/saga-how-i-help.md","c160c630531005d6e07449b7ac55908a712eb7947860b8882ba2ca9e10778d9d"
"md","saga-intro","wds","wds/data/presentations/saga-intro.md","d99f19f760fd9e8cfc478f88e189bc2209b5d7dca4cd8a5e480d5505e99cc4c4"
"md","saga-presentation","wds","wds/data/presentations/saga-presentation.md","910c1553f6e333b3c10cb330dcdd8c83a2dcac9a3c0763cd9fdf26bb9d1c8a36"
"md","saga-workflows-guide","wds","wds/data/presentations/saga-workflows-guide.md","312124b9b0cbac3683ed6e7d4557cfff5eabe5b12bc3c946cb581b367b40d0c6"
"md","save-conversation","wds","wds/workflows/project-analysis/conversation-persistence/save-conversation.md","495f66e02bff6978cf13eea574f3960d6ed8471ff87aaaa8b760914703ac9b65"
"md","SCENARIO-INIT-DIALOG","wds","wds/workflows/4-ux-design/scenario-init/SCENARIO-INIT-DIALOG.md","4eec9a886b06adacdfd1a889208e45004388d90f319d3cb46029067f1f466eb0"
"md","SCENARIO-INIT-PROCESS","wds","wds/workflows/4-ux-design/scenario-init/SCENARIO-INIT-PROCESS.md","355c38688d97832ad2519e31cd93c6bff29476887ca8b3176d1e32aa1ca20688"
"md","scenario-overview.template","wds","wds/workflows/4-ux-design/templates/scenario-overview.template.md","f226ca3d54a4c17f35a0309c7574bcf85719ed764074c72fe0cd9cbc0b914829"
"md","section-guide","wds","wds/workflows/1-project-brief/alignment-signoff/section-guide.md","ec117143f2d1f32bc151105b7cae96a2284c6e027e07e96cdc06e741c0f6b70d"
"md","service-agreement.template","wds","wds/workflows/1-project-brief/alignment-signoff/service-agreement.template.md","f53653ee4cc5483a404bb0e8b1dff599760af9dd70e9eb79d1f15a228daf54da"
"md","SESSION-PROTOCOL","wds","wds/workflows/4-ux-design/agentic-development/guides/SESSION-PROTOCOL.md","28b9736823acfef4d83abc564bf82b880d271a629e9aa9a1799e68a946d39fbc"
"md","signoff.template","wds","wds/workflows/1-project-brief/alignment-signoff/signoff.template.md","125d106ea4590b6f57b8bc63bec8b5462746ca39f65aef7e2bdbb54d5e476782"
"md","simplified-brief.template","wds","wds/workflows/1-project-brief/project-brief/simplified/simplified-brief.template.md","5ee5784db28943bf0ca5536f04e7e72e35c7d1ce395d5c7375b6d7080c37a38f"
"md","SKETCH-FIRST-IMPLEMENTATION-PLAN","wds","wds/workflows/4-ux-design/SKETCH-FIRST-IMPLEMENTATION-PLAN.md","4ac11c0d2863a50d6340961056385abb4dd55fc93b223bcffe2cdca752fcf4b6"
"md","SKETCH-TEXT-ANALYSIS-GUIDE","wds","wds/workflows/4-ux-design/SKETCH-TEXT-ANALYSIS-GUIDE.md","4710b9483e6b5e48de07d80362f805976ac99386a8d0b8510355194924657658"
"md","SKETCH-TEXT-QUICK-REFERENCE","wds","wds/workflows/4-ux-design/SKETCH-TEXT-QUICK-REFERENCE.md","999006df2b7cd8f8958138cd84878f0f20cb25bccf028438c7d91047f9bf5583"
"md","SKETCH-TEXT-STRATEGY","wds","wds/workflows/4-ux-design/SKETCH-TEXT-STRATEGY.md","e7c014ad32478c99afe054373a5537675418aca646505ffb6c970175eefc404f"
"md","sketching-guide","wds","wds/workflows/4-ux-design/excalidraw-integration/guides/sketching-guide.md","710215bcd1dc41910933de6de854a4122e4ae9ea818509fe5241414bc113322b"
"md","specification-audit-workflow","wds","wds/workflows/4-ux-design/specification-audit-workflow.md","960c2117c080fb33ce53249c7b3c7d06a5f4b36555732631ab19d5df5941a12b"
"md","SPECIFICATION-FORMATTING-STANDARDS","wds","wds/workflows/00-system/SPECIFICATION-FORMATTING-STANDARDS.md","d51a44e0d61db3ce5f38c948c28460aedef6088416f61fd9039b96ecac69d2d4"
"md","specification-quality","wds","wds/data/agent-guides/freya/specification-quality.md","3c6cf9c46d554da2e64abe9bfd0e77e3e62c9b79fa97391afac8c2f4747bc02e"
"md","state-management","wds","wds/data/design-system/state-management.md","b0647af582ac68b65064f8069ef1b3cfc04c657212acf6f5eac2cf1742b0429e"
"md","step-0.1-welcome","wds","wds/workflows/0-project-setup/steps/step-0.1-welcome.md","943cded1f2c5ba0b4e707e66a2701c722a8d874b6e46bbc8a48184b4659a441b"
"md","step-0.2-structure","wds","wds/workflows/0-project-setup/steps/step-0.2-structure.md","4d885fa50a63105ecc90056575147648eaa2ceff2042267d1c4d601507feb011"
"md","step-00-define-purpose","wds","wds/workflows/shared/content-creation-workshop/steps-c/step-00-define-purpose.md","72c54e52230605fb58fd815910519064ca470262964da8eb29f125e045b40649"
"md","step-01-analyze-brief","wds","wds/workflows/1-project-brief/handover/steps/step-01-analyze-brief.md","bef2e040d135a2244d2817efdfdfb0df4bb653c12b2fbb6d9ad630ee6014e26a"
"md","step-01-analyze-scenarios","wds","wds/workflows/4-ux-design/handover/steps/step-01-analyze-scenarios.md","47a37c71de707e38bd4d2ecc7482bcb4c74cc50a5bf09e72fceef9f4b07cc541"
"md","step-01-business-goals","wds","wds/workflows/2-trigger-mapping/workshops/0-documentation-synthesis/step-01-business-goals.md","dbfcaddb2e0c1e02f9f3a5bab7cbc00c33ae90be2286d432cc1d1dadb5f0f3d5"
"md","step-01-compile-deliverables","wds","wds/workflows/3-prd-platform/handover/steps/step-01-compile-deliverables.md","be650ba3498e85568a814bd1f25979e81102c9c7d196f6ff0b01d7b3bbeb993c"
"md","step-01-connection-check","wds","wds/workflows/5-design-system/figma-integration/code-to-figma/steps/step-01-connection-check.md","46d13af13ccc84f0acbcda3720b5273748da05c5a863cc327312ba83f4650104"
"md","step-01-core-feature","wds","wds/workflows/4-ux-design/steps/step-02-substeps/scenario-init/step-01-core-feature.md","b134c5328f35e69f127ffd092586ccad74fa9d92aa45b6ddf7eb6c63c12b1c0f"
"md","step-01-define-business-goal","wds","wds/workflows/shared/vtc-workshop/creation-steps-c/step-01-define-business-goal.md","d3c61c7a8b91b920876cedbbb6ba2e1a67f9d2de79f84db320819ef3c99dd89f"
"md","step-01-extract-features","wds","wds/workflows/2-trigger-mapping/workshops/5-feature-impact/steps/step-01-extract-features.md","d99861fb1eb295bf2cef2835b9ba38c48c92f5d9ce77aa1bced918951964afd1"
"md","step-01-finalize-hub","wds","wds/workflows/2-trigger-mapping/handover/steps/step-01-finalize-hub.md","47de409e4fbd042d80279c6bbae16623f812d7a837b6160a03d720fc078ff536"
"md","step-01-generate-hub","wds","wds/workflows/2-trigger-mapping/document-generation/steps-c/step-01-generate-hub.md","41e29dbd86049afd169d8c13a1a56afc26633b2631232bfe333e2a7bc931281c"
"md","step-01-identify-delivery-scope","wds","wds/workflows/4-ux-design/handover/steps/step-01-identify-delivery-scope.md","360e06ea43c2fe7a38c0af7c7410cd8dae0c012ef6a6771290f24b95496fd078"
"md","step-01-init","wds","wds/workflows/1-project-brief/project-brief/complete/steps-c/step-01-init.md","fc8a7c089a844877dd73762da452495d0291571fc3dedff3e462d574dd5aad8c"
"md","step-01-init","wds","wds/workflows/4-ux-design/steps/step-01-init.md","d0811b0891678e42a077395529ea643fd80079c79313587fd4f60a6b314fba45"
"md","step-01-initialize-dialog","wds","wds/workflows/9-agent-dialogs/steps/step-01-initialize-dialog.md","24f12df240ef502969b4ba58b4fdf836219c22f0636dd3b18420ede04e543b86"
"md","step-01-initialize-structure","wds","wds/workflows/2-trigger-mapping/mermaid-diagram/steps-c/step-01-initialize-structure.md","cbcb0b167075d5822a6afc5922d24cd9f92c0ceed34f693c47167880e157821e"
"md","step-01-load-trigger-map","wds","wds/workflows/shared/vtc-workshop/selection-steps-c/step-01-load-trigger-map.md","67e1eecf5beee4700f11dd11b20fe8028506860ed47c661707472f7a4f29917c"
"md","step-01-load-vtc-context","wds","wds/workflows/shared/content-creation-workshop/steps-c/step-01-load-vtc-context.md","9d5efadd8e73f9155b479f9164efc1a3e26b0aec5bed4de1d564c086f143cfdc"
"md","step-01-page-context","wds","wds/workflows/4-ux-design/steps/step-02-substeps/page-init/step-01-page-context.md","8b825644b34c08de264709fcc499cec94a95bb531c48a4aa2be01cbe84826c0e"
"md","step-01-page-metadata","wds","wds/workflows/4-ux-design/page-specification-quality/steps-v/step-01-page-metadata.md","61dfa85c395378f6c99d84b9b9147cb9afe93fe22d52926b47181161ef810566"
"md","step-01-start","wds","wds/workflows/1-project-brief/alignment-signoff/steps-c/step-01-start.md","f0c7ee6944e770275ddb27ba7e07a287b2f39b915b64da92eb818a3425a68962"
"md","step-01-welcome","wds","wds/workflows/3-prd-platform/steps/step-01-welcome.md","41a2e49b3fc88e07b197aa973c4fbd86e7ef8a37912c3d5fd2910ef5560ede49"
"md","step-01.5-extract-communications","wds","wds/workflows/1-project-brief/alignment-signoff/steps-c/step-01.5-extract-communications.md","6e6fb27b12e2fd38b114c3d01ae9d88da08bb37a558f6eb09ef1c5eba19d9c71"
"md","step-02-add-cross-references","wds","wds/workflows/2-trigger-mapping/handover/steps/step-02-add-cross-references.md","c71ba4a40980f1cf46cc667ab2815a9bc6008ef51aba54028987ccc06109766b"
"md","step-02-analyze-scope","wds","wds/workflows/9-agent-dialogs/steps/step-02-analyze-scope.md","467ad6603c6e1878a636f648a4168c517621612aa0280a856f029039fd4f63fa"
"md","step-02-awareness-strategy","wds","wds/workflows/shared/content-creation-workshop/steps-c/step-02-awareness-strategy.md","60dc1795c6fc64bf429e8f93b98d9ec8301e21f0b976b269ddb873cd99e4d15b"
"md","step-02-confirm-assessment","wds","wds/workflows/2-trigger-mapping/workshops/5-feature-impact/steps/step-02-confirm-assessment.md","1dc38e30fd0d75da491d4ce1cc2b47b04787d5fb7f98b087091b188b7fe0c974"
"md","step-02-create-summary","wds","wds/workflows/1-project-brief/handover/steps/step-02-create-summary.md","b63d3502ffd070dca2cb0612532f4573270af829c882dc7e29240763d291fed1"
"md","step-02-create-summary","wds","wds/workflows/4-ux-design/handover/steps/step-02-create-summary.md","e89637ad81b3a8bff929209dd26d64399ab06962fe5c752d9c8b3804f6307518"
"md","step-02-entry-point","wds","wds/workflows/4-ux-design/steps/step-02-substeps/scenario-init/step-02-entry-point.md","f6d27a8ad7113598a2ca5c8def07d27e5172d5c317cfe1110460b57aa17d39bf"
"md","step-02-explore-sections","wds","wds/workflows/1-project-brief/alignment-signoff/steps-c/step-02-explore-sections.md","2a16c278f6a3685fdfb32276240260955014e9b73dd0162f7745e4f3cb963fe1"
"md","step-02-extract-epic-structure","wds","wds/workflows/3-prd-platform/handover/steps/step-02-extract-epic-structure.md","ef7f2dde96449656e9d6029f8f4569f2f11a92e820228ffcc21f5bad1cb83b8c"
"md","step-02-extract-technical-needs","wds","wds/workflows/4-ux-design/handover/steps/step-02-extract-technical-needs.md","be5da32244f0ffe002c35fa987e211366e8c286022d1fbc2510d4742a1fd99b3"
"md","step-02-format-business-goals","wds","wds/workflows/2-trigger-mapping/mermaid-diagram/steps-c/step-02-format-business-goals.md","c818fb2941e09e20d4fef6eab02108ada4e8a026771522cd45c0cde328c3b27e"
"md","step-02-generate-business-goals","wds","wds/workflows/2-trigger-mapping/document-generation/steps-c/step-02-generate-business-goals.md","fee857d2a5031d0e3c7ddc50842a77b0ed9665bc891b0890fd7335817ea40785"
"md","step-02-identify-export-type","wds","wds/workflows/5-design-system/figma-integration/code-to-figma/steps/step-02-identify-export-type.md","98d18b18ce59404f4abf526bf14d9a8964b85131b5342adf3117083cabced5c0"
"md","step-02-identify-solution","wds","wds/workflows/shared/vtc-workshop/creation-steps-c/step-02-identify-solution.md","c5448ff72cff204b4fb27446d7b1de79e8cbeea6e7d5d9d82ddb3bdb9fc3eae9"
"md","step-02-navigation","wds","wds/workflows/4-ux-design/page-specification-quality/steps-v/step-02-navigation.md","902f90ead1976ceeb69d1d82b5c25ee6939ac2f22f2b13d7a04128ccbe3f93a5"
"md","step-02-page-name","wds","wds/workflows/4-ux-design/steps/step-02-substeps/page-init/step-02-page-name.md","1c20da2b4750a4092119e7c17576d43f7f6459a7dc88bf1ded521c9610702f07"
"md","step-02-platform-architecture","wds","wds/workflows/3-prd-platform/steps/step-02-platform-architecture.md","a1a812975bbee0ece7f0c0ae278c571fc8bb068515396af739a65b510f7b626f"
"md","step-02-project-structure","wds","wds/workflows/workflow-init/steps/step-02-project-structure.md","484e962f751e486133619722f3a51cb3c199ce851ca73ddd32509dd1f3f163ce"
"md","step-02-select-business-goal","wds","wds/workflows/shared/vtc-workshop/selection-steps-c/step-02-select-business-goal.md","f4c584d6f2834463d9c516d9f9b19fcc3a8d6038abf0ea8d857a0d84924918b8"
"md","step-02-setup-scenario-structure","wds","wds/workflows/4-ux-design/steps/step-02-setup-scenario-structure.md","fbaba2ea3b0f35cc314553f60282a7493c2d87a38686d70f631b34bc105c23dc"
"md","step-02-target-groups","wds","wds/workflows/2-trigger-mapping/workshops/0-documentation-synthesis/step-02-target-groups.md","026f61a5a3fad041d811d670f49f306edafd982f641901610c4f078282a7c666"
"md","step-02-vision","wds","wds/workflows/1-project-brief/project-brief/complete/steps-c/step-02-vision.md","f5a2a278c75d46ff79a2c2408eb0012086e6b418989afa1e19709c7cc8669255"
"md","step-03-action-filter","wds","wds/workflows/shared/content-creation-workshop/steps-c/step-03-action-filter.md","ba65ea1f84c15dbf88aff3862ccb1051157a5f64c6572e34f9990d6cf231d5ad"
"md","step-03-create-delivery-package","wds","wds/workflows/4-ux-design/handover/steps/step-03-create-delivery-package.md","779446b295d3433fd7fb4406dd3caaeabca93e8ba922dab1666042b11cda1285"
"md","step-03-create-steps","wds","wds/workflows/9-agent-dialogs/steps/step-03-create-steps.md","541ab36366ee31def612e9f5944051514c313c91c161b8e7a176746c2957cb00"
"md","step-03-delivery-config","wds","wds/workflows/workflow-init/steps/step-03-delivery-config.md","97c7456601409e3919093dc8b332bebc97bbd411bcd70d515869a34839e460e1"
"md","step-03-describe-user","wds","wds/workflows/shared/vtc-workshop/creation-steps-c/step-03-describe-user.md","7126c5e38eb852f52bbe4f3fd5264f14743d67b6c4bae2405d839199be94c221"
"md","step-03-design-page","wds","wds/workflows/4-ux-design/steps/step-03-design-page.md","d911f3a1edfbbdd3b892d1dd461a3404dbb2516304eddf4b99d2b15f116e59f1"
"md","step-03-driving-forces","wds","wds/workflows/2-trigger-mapping/workshops/0-documentation-synthesis/step-03-driving-forces.md","0af79f11bb4b7f2e5eaea8300271661bcc706ea16c0cee08a3e63b1a7b8172f8"
"md","step-03-format-platform","wds","wds/workflows/2-trigger-mapping/mermaid-diagram/steps-c/step-03-format-platform.md","df16d308557aa1cf8cd3312c7f5e0d96bad3f7f42d8ec85468268ecc58b885cd"
"md","step-03-integration-mapping","wds","wds/workflows/3-prd-platform/steps/step-03-integration-mapping.md","7795dfecd59ea69a3b3987b36d4aa2d7fc08a2dce8e05a141b3907db16588bc2"
"md","step-03-make-assessment","wds","wds/workflows/2-trigger-mapping/workshops/5-feature-impact/steps/step-03-make-assessment.md","9a87c680a4285ad0b79ac8711e14d92c5f93796113708b6d0e0b94563c24873a"
"md","step-03-mental-state","wds","wds/workflows/4-ux-design/steps/step-02-substeps/scenario-init/step-03-mental-state.md","be6a71e74d6d011ffc4b8c9098d8ab1807a403562748f84bbbf3c5ff68eacb0e"
"md","step-03-page-overview","wds","wds/workflows/4-ux-design/page-specification-quality/steps-v/step-03-page-overview.md","3121dc483027b21ae9144ce557ff63032ccd995e00b0bdfb107ae5fa371f66f3"
"md","step-03-page-purpose","wds","wds/workflows/4-ux-design/steps/step-02-substeps/page-init/step-03-page-purpose.md","31b714f097f46b245532a2a5b8f07f6b7707fd821fef389d69206851a18fea61"
"md","step-03-positioning","wds","wds/workflows/1-project-brief/project-brief/complete/steps-c/step-03-positioning.md","5684e1d255d2c55f34629f484e7ae4ea5cd64ac20573ed353cc21fea6a128801"
"md","step-03-prepare-prd-materials","wds","wds/workflows/3-prd-platform/handover/steps/step-03-prepare-prd-materials.md","4cd34cb3992033115bf4b05eb6fe60c96fed7e647dd6df2061cc45a587e10b98"
"md","step-03-prepare-specifications","wds","wds/workflows/5-design-system/figma-integration/code-to-figma/steps/step-03-prepare-specifications.md","bd466626a1da54d86ae79ae9daef0a46d06ff8b155b8ca39f56391ce2db90ca0"
"md","step-03-provide-activation","wds","wds/workflows/1-project-brief/handover/steps/step-03-provide-activation.md","f7e3e83080b9a9629eb468b2a651d496741197ee67e082fa9478aceb2ee396a4"
"md","step-03-provide-activation","wds","wds/workflows/4-ux-design/handover/steps/step-03-provide-activation.md","7d44a0f4cf9838e6032e5626b563cd715ace697518747c42b026f13ec8f33630"
"md","step-03-quality-check","wds","wds/workflows/2-trigger-mapping/handover/steps/step-03-quality-check.md","0b9c9d2d3b20e111cf4ad3ae4e7af9857f0417ddcea0148790f17e466536af4a"
"md","step-03-select-user","wds","wds/workflows/shared/vtc-workshop/selection-steps-c/step-03-select-user.md","6c82a5e139daabaf0307819909a207eca4e75d66205348364beca330f2294c39"
"md","step-03-synthesize","wds","wds/workflows/1-project-brief/alignment-signoff/steps-c/step-03-synthesize.md","0c57672cb27727d01256a29cd0d8717302717e72df1736e3f59fc123f6d7da31"
"md","step-03.5-generate-contract","wds","wds/workflows/1-project-brief/alignment-signoff/steps-c/step-03.5-generate-contract.md","20513050fec67023be2f8b18e847914bbdf3e686aafcc330fdbb1eb0e9962b56"
"md","step-03a-generate-primary-persona","wds","wds/workflows/2-trigger-mapping/document-generation/steps-c/step-03a-generate-primary-persona.md","f9b203a796136f59a4934b6d6685c214c82abc1bdc2d1b67594467593e509a10"
"md","step-03b-generate-secondary-persona","wds","wds/workflows/2-trigger-mapping/document-generation/steps-c/step-03b-generate-secondary-persona.md","6002de8ae1924edd1a9b61136592241f7261a7b76154602b919e82d87c17c2b7"
"md","step-03c-generate-tertiary-persona","wds","wds/workflows/2-trigger-mapping/document-generation/steps-c/step-03c-generate-tertiary-persona.md","59089c9f261e41c94468728a28b23b2856a91fddacbb0409d05938b211361c34"
"md","step-04-complete-scenario","wds","wds/workflows/4-ux-design/steps/step-04-complete-scenario.md","3be52a34f037a5199197ead87ae762540039fc021b65e316835a757d2da13a9d"
"md","step-04-create-handover-package","wds","wds/workflows/2-trigger-mapping/handover/steps/step-04-create-handover-package.md","d7af632fa0d8d051241505c0959384d7d1ca2572f4dec67943995b59974e47b8"
"md","step-04-create-handover-package","wds","wds/workflows/3-prd-platform/handover/steps/step-04-create-handover-package.md","9d49d8f214d5b19093a8b680dcacf37628eba9d8df44b85fa060db135ca1210c"
"md","step-04-create-vtc","wds","wds/workflows/1-project-brief/project-brief/complete/steps-c/step-04-create-vtc.md","0b09f366dd279f476c6d52c7622852573aa179ac7c741f552ccea6bc7e8d87e9"
"md","step-04-empowerment-frame","wds","wds/workflows/shared/content-creation-workshop/steps-c/step-04-empowerment-frame.md","8d047f7dcf6e4901298ce5c1c7d46a9c832bf682bf1393acc44f2a8ddce6a29f"
"md","step-04-entry-point","wds","wds/workflows/4-ux-design/steps/step-02-substeps/page-init/step-04-entry-point.md","941918d124df887395c81f26ec2d628724c5ccac6d4115902046acb0e21f3ba9"
"md","step-04-execute-steps","wds","wds/workflows/9-agent-dialogs/steps/step-04-execute-steps.md","c139e8de2807f62a735055d2e406d94d345f8307744b411e802d5ae672cc9d65"
"md","step-04-format-target-groups","wds","wds/workflows/2-trigger-mapping/mermaid-diagram/steps-c/step-04-format-target-groups.md","3e3ec3500379eef73f1add482f13c06c0cb845aead81238fd754771ecc158e98"
"md","step-04-generate-document","wds","wds/workflows/2-trigger-mapping/workshops/5-feature-impact/steps/step-04-generate-document.md","4f6f19c0f812a15f565c508e3175f7c8ec56fd27668690c5d060fae2a40df5f1"
"md","step-04-generate-key-insights","wds","wds/workflows/2-trigger-mapping/document-generation/steps-c/step-04-generate-key-insights.md","598d3ce2a70bfaf79942dcc3bd84bfb695c2fd428a26818c2e2c9b714222c5b1"
"md","step-04-generate-validate","wds","wds/workflows/5-design-system/figma-integration/code-to-figma/steps/step-04-generate-validate.md","19c1790d792710ef329266607574745381aad0bd8b50aa7c16ca5613f1ae4b1a"
"md","step-04-log-delivery","wds","wds/workflows/4-ux-design/handover/steps/step-04-log-delivery.md","250f4448786442f12d0772196fa54e8d031477dd5f7060691e696e00a60a10d8"
"md","step-04-mutual-success","wds","wds/workflows/4-ux-design/steps/step-02-substeps/scenario-init/step-04-mutual-success.md","06a8d53e1bbef0a7e5d99816d1270eb5cfcf001ed8c8f1b360e70c94a7cd36de"
"md","step-04-page-sections","wds","wds/workflows/4-ux-design/page-specification-quality/steps-v/step-04-page-sections.md","950a49adfab52497dc8f4c8bd6dc763565efae6bd2b40e9a92239452a03a0955"
"md","step-04-phases-selection","wds","wds/workflows/workflow-init/steps/step-04-phases-selection.md","231308387c40b32cf14916bcb732bf4e66bd197886de10ba8e73c153c43a1a80"
"md","step-04-positive-driving-forces","wds","wds/workflows/shared/vtc-workshop/creation-steps-c/step-04-positive-driving-forces.md","bd8f8434a6fbdcf8a6f54f79da259f7cb80c0053f49210513e6137b7b8d1488a"
"md","step-04-present-for-approval","wds","wds/workflows/1-project-brief/alignment-signoff/steps-c/step-04-present-for-approval.md","e9de7228394bb67f937ee02b0f0a109a4444206b1e5cab39fce9d1513813421a"
"md","step-04-prioritization","wds","wds/workflows/2-trigger-mapping/workshops/0-documentation-synthesis/step-04-prioritization.md","f90baff685d21da1fe7f6e1a825217bede2c3abf6776570532ec4f11940077e9"
"md","step-04-select-driving-forces","wds","wds/workflows/shared/vtc-workshop/selection-steps-c/step-04-select-driving-forces.md","7b7a4db10f01b42f4ebeb4327cf40cb8470bed32a53ddad26ec77dbd19b45329"
"md","step-04-technical-validation","wds","wds/workflows/3-prd-platform/steps/step-04-technical-validation.md","d32d181814b2a6979cddee67f2549b49694319c88c51eaf65f0ffd921df7edc0"
"md","step-05-business-model","wds","wds/workflows/1-project-brief/project-brief/complete/steps-c/step-05-business-model.md","8ef47b00f1c5147665e3af74c50cfba9966d00451f68837dd67667c17fdba779"
"md","step-05-complete-dialog","wds","wds/workflows/9-agent-dialogs/steps/step-05-complete-dialog.md","927fe90b1796f9ef9fc300723ad51315b9edba8308ee9e878a49c25ca0cfbce2"
"md","step-05-define-solution","wds","wds/workflows/shared/vtc-workshop/selection-steps-c/step-05-define-solution.md","29ede42264fe06fdfc72e14cb951ba2b0c85f228e4058326c35a8d9d2460db9d"
"md","step-05-execute-export","wds","wds/workflows/5-design-system/figma-integration/code-to-figma/steps/step-05-execute-export.md","f6c8264733a1dd842e48c4fdc46972083eafa2415896e9cb838de72de88a386a"
"md","step-05-format-driving-forces","wds","wds/workflows/2-trigger-mapping/mermaid-diagram/steps-c/step-05-format-driving-forces.md","c35ef91825985545b9c2d1f9059111763e1c85885a2d8bcb4b670d3ab554c946"
"md","step-05-gap-analysis","wds","wds/workflows/2-trigger-mapping/workshops/0-documentation-synthesis/step-05-gap-analysis.md","9b8d777c977ad34b7564c38d8bee26fea1b6f21ac7d3c1b99f02c743c72a3795"
"md","step-05-mental-state","wds","wds/workflows/4-ux-design/steps/step-02-substeps/page-init/step-05-mental-state.md","18e360d73da1032387d1cc999e2a591dc9c28526fc5e2295a6805c808d09c860"
"md","step-05-negative-driving-forces","wds","wds/workflows/shared/vtc-workshop/creation-steps-c/step-05-negative-driving-forces.md","6ee4dfa57e226b7490523fbf20a66556bc72a2d5098061d219b97e829abf4d9b"
"md","step-05-next-steps","wds","wds/workflows/4-ux-design/steps/step-05-next-steps.md","4912a54cd0b2a821c7e0b342f30bc822897435eea99f97c7f99fae46a5a9bcdf"
"md","step-05-provide-activation","wds","wds/workflows/2-trigger-mapping/handover/steps/step-05-provide-activation.md","491ce092ba2a1f2626ebb0bcf921f3fddb7f8d7394ebf9b56c2bab281751e3d2"
"md","step-05-provide-activation","wds","wds/workflows/3-prd-platform/handover/steps/step-05-provide-activation.md","86da9c1f9e8808a8dee991225454e7e059a26bec2567760cb8142005bcd35779"
"md","step-05-provide-activation","wds","wds/workflows/4-ux-design/handover/steps/step-05-provide-activation.md","bda182246691cac2243cfd7455732151375abd760ad7c681b282ba2f40f810fb"
"md","step-05-quality-check","wds","wds/workflows/2-trigger-mapping/document-generation/steps-c/step-05-quality-check.md","f00cbf95ddeeebe5f9acfd1e54d31d22698068f1f1c62c5ff7d6c75e5010c9e5"
"md","step-05-section-order","wds","wds/workflows/4-ux-design/page-specification-quality/steps-v/step-05-section-order.md","ee869480773616d6eab7ad7d90f7c33808d60bc3a1b596b870830f88bc9fa994"
"md","step-05-security-framework","wds","wds/workflows/3-prd-platform/steps/step-05-security-framework.md","e67d8ec1db16b8a7064a003cb5a1e2bd7b2874c909927497f65bb8451c96a7e1"
"md","step-05-shortest-path","wds","wds/workflows/4-ux-design/steps/step-02-substeps/scenario-init/step-05-shortest-path.md","a926d543e6697b76bff6d4d0bee858f9d5cfa67c812773f14f590007109315ef"
"md","step-05-structural-order","wds","wds/workflows/shared/content-creation-workshop/steps-c/step-05-structural-order.md","df500b6f6baebefbdd55ade89f923751b22fd17c446537bcef425692f6280264"
"md","step-05-wrap-up","wds","wds/workflows/2-trigger-mapping/workshops/5-feature-impact/steps/step-05-wrap-up.md","eb13c4cb99c3df80ee0697480e6b1b118c58d8e95be4ced8866a6b94fd741891"
"md","step-06-api-specifications","wds","wds/workflows/3-prd-platform/steps/step-06-api-specifications.md","a92316dcbb2e98dbe136e02156466efc0580df82d46d705367dd5068c69d2c83"
"md","step-06-business-customers","wds","wds/workflows/1-project-brief/project-brief/complete/steps-c/step-06-business-customers.md","4ecbc725ccd946c04a74a50f48c1c21267b4458acc7b00e3d9225f1f41a5281c"
"md","step-06-create-connections","wds","wds/workflows/2-trigger-mapping/mermaid-diagram/steps-c/step-06-create-connections.md","b985995b2824e7548139966e7ef61fb4b771718eb9a3d7292509e3bc77abf951"
"md","step-06-customer-awareness","wds","wds/workflows/shared/vtc-workshop/creation-steps-c/step-06-customer-awareness.md","d7e8ae93a004231cb2abf28548b77d250d37fe79c63fd4d96603273b3e98101d"
"md","step-06-customer-awareness","wds","wds/workflows/shared/vtc-workshop/selection-steps-c/step-06-customer-awareness.md","cfd3481d7d3f67ca6524d6fd9f4ccec0ea07a03e2b72aa19cf8991b1dfd0a852"
"md","step-06-desired-outcome","wds","wds/workflows/4-ux-design/steps/step-02-substeps/page-init/step-06-desired-outcome.md","d52ff2544d49973a7f131157e580dce0e7279178da0ea3d79f3fffb7af98aadd"
"md","step-06-generate-content","wds","wds/workflows/shared/content-creation-workshop/steps-c/step-06-generate-content.md","c5eb85a238a09d05dd86c6828545ead16dafb381077c8ad50b0c55bb8a44da61"
"md","step-06-object-registry","wds","wds/workflows/4-ux-design/page-specification-quality/steps-v/step-06-object-registry.md","6d2da62a0568803a90fe12afe17648a596727a72d60a870e1bd991705cd37d9b"
"md","step-06-scenario-name","wds","wds/workflows/4-ux-design/steps/step-02-substeps/scenario-init/step-06-scenario-name.md","4c6dd1384939c28544812c0143d9a25368ed0653adcb57593e40fa89bd8bf5db"
"md","step-07-apply-styling","wds","wds/workflows/2-trigger-mapping/mermaid-diagram/steps-c/step-07-apply-styling.md","30c2b0f4a3d450c860aa9e078113dcdcfa74aa62afe42cdf168ddac06ae72aa1"
"md","step-07-create-scenario-folder","wds","wds/workflows/4-ux-design/steps/step-02-substeps/scenario-init/step-07-create-scenario-folder.md","98a1bc874e88d7ac8e40d2faa8d601cd439b045e6b7dfcb58bb417ecbcf56ca9"
"md","step-07-data-and-performance","wds","wds/workflows/3-prd-platform/steps/step-07-data-and-performance.md","00d641927e5466d5622d2c9c64fdee474f35bb0059543e62459eb4ae7620429e"
"md","step-07-design-system-separation","wds","wds/workflows/4-ux-design/page-specification-quality/steps-v/step-07-design-system-separation.md","00c0787650b38f63afa25c5299626b0aff8632e4565aed8fba09d21f4aec7d40"
"md","step-07-review-and-save","wds","wds/workflows/shared/vtc-workshop/creation-steps-c/step-07-review-and-save.md","06d238db25340192cd12d0670436ec4621d3f151981bc79dbc7b0f119b187be3"
"md","step-07-review-and-save","wds","wds/workflows/shared/vtc-workshop/selection-steps-c/step-07-review-and-save.md","b2f9f6b2cc14fdf1e4552d9f33fdacba23f869dbddb94f255bdf5567da47c7ac"
"md","step-07-target-users","wds","wds/workflows/1-project-brief/project-brief/complete/steps-c/step-07-target-users.md","d6ea6c55ddc5e736d0d271b8e75788651f55feb255822c92bcd40a2125229be7"
"md","step-07-variants","wds","wds/workflows/4-ux-design/steps/step-02-substeps/page-init/step-07-variants.md","512e999ca94cb9e2712082b20b13a4e092c7312abf537438cb5dde6c1728e34e"
"md","step-08-backlog-recommendations","wds","wds/workflows/3-prd-platform/steps/step-08-backlog-recommendations.md","418525152749060800fad7ab4191b23986946c5bf451f40e49c94a5bf062da69"
"md","step-08-create-page-structure","wds","wds/workflows/4-ux-design/steps/step-02-substeps/page-init/step-08-create-page-structure.md","180ba9b88c87f462f71a06b7aa36434d904368ee215053648ccb96c9708afbdd"
"md","step-08-final-validation","wds","wds/workflows/4-ux-design/page-specification-quality/steps-v/step-08-final-validation.md","07f8acc8cda7c8291a10fc8aa8367f20c3503a303913ffe98beb1f42950334a9"
"md","step-08-quality-check","wds","wds/workflows/2-trigger-mapping/mermaid-diagram/steps-c/step-08-quality-check.md","fd1233013b488969cd09b385b2653e9bc4f1ce01f08ebccd19158a2b5dfde85f"
"md","step-08-success-criteria","wds","wds/workflows/1-project-brief/project-brief/complete/steps-c/step-08-success-criteria.md","37ce77d53a9ab7ae2a6a515619eaa7603c95eb44ad58848f64ec6449d387d3e7"
"md","step-09-competitive-landscape","wds","wds/workflows/1-project-brief/project-brief/complete/steps-c/step-09-competitive-landscape.md","9807542be1a5912e8ae7623c429c21580e333782541d3a68566a366222277a61"
"md","step-09-prd-finalization","wds","wds/workflows/3-prd-platform/steps/step-09-prd-finalization.md","0dd1b17b4fd1881ae8dbab2a354aafa8cc3a8e42c46e958aee40f7894608e07b"
"md","step-10-constraints","wds","wds/workflows/1-project-brief/project-brief/complete/steps-c/step-10-constraints.md","4ae01fb6c2333444e851239c11253493dc5181ddbd3727e7c305b4c4227816a1"
"md","step-10-summary","wds","wds/workflows/3-prd-platform/steps/step-10-summary.md","097249915c457aab1dfa9968de1c11b24669aac6579b33ee349d6f56e2b7c9b8"
"md","step-10a-platform-strategy","wds","wds/workflows/1-project-brief/project-brief/complete/steps-c/step-10a-platform-strategy.md","25de3d2cf50830a5119e745ce22f405927800eeebccbc4a5a10608fbd0cb944b"
"md","step-11-create-vtc","wds","wds/workflows/1-project-brief/project-brief/complete/steps-c/step-11-create-vtc.md","9e632036489a54530fdfd4a6d2dfac1dd4ed6e27f5e1b263d4933462c7571cba"
"md","step-11-tone-of-voice","wds","wds/workflows/1-project-brief/project-brief/complete/steps-c/step-11-tone-of-voice.md","828a9745faf3df5e6fb019777ca17864e941d1dd40c5fef923738e2b433a3a86"
"md","step-12-synthesize","wds","wds/workflows/1-project-brief/project-brief/complete/steps-c/step-12-synthesize.md","32e54a6ea37472d52d4dda568d645fc19260d307db553fc8e52b2ad4d51c826a"
"md","step-6.1-detect-completion","wds","wds/workflows/6-design-deliveries/steps/step-6.1-detect-completion.md","920f32b438cca5d92ceaf5fea8b6e5831b05305d5dcde9c11d471c9600f81462"
"md","step-6.2-create-delivery","wds","wds/workflows/6-design-deliveries/steps/step-6.2-create-delivery.md","2abf3f635337ed0a61460ef25972fed2583183f08d3d4346fe1064fe7e40f03d"
"md","step-6.3-create-test-scenario","wds","wds/workflows/6-design-deliveries/steps/step-6.3-create-test-scenario.md","49d9aca58bedd9d511837452e28c3a1aa2e54c2e2e86911e2a7ef54d99b1a569"
"md","step-6.4-handoff-dialog","wds","wds/workflows/6-design-deliveries/steps/step-6.4-handoff-dialog.md","59381696362836544d531e88a4d2ac5b22c5d6fc04db54b2796414e2a9c2794f"
"md","step-6.5-hand-off","wds","wds/workflows/6-design-deliveries/steps/step-6.5-hand-off.md","a102645c601e5392dcb1e703e7b00778c237a7b7b7b5f6d6353ac277ee288e2a"
"md","step-6.6-continue","wds","wds/workflows/6-design-deliveries/steps/step-6.6-continue.md","250399da13f94bf2360e22963f343d7dd22b6234f54ad7a08ab0f3371a347c6d"
"md","step-7.1-receive-notification","wds","wds/workflows/7-testing/steps/step-7.1-receive-notification.md","7bdbc3b29dd2fe407b98d460e95b46d55a645586e5f174a1dde02b0385eed718"
"md","step-7.2-prepare-testing","wds","wds/workflows/7-testing/steps/step-7.2-prepare-testing.md","0d9a48f1e3c6dc58f5ab9ab9f2714e347e462e4c59cab9cb1308497bad1524f4"
"md","step-7.3-run-tests","wds","wds/workflows/7-testing/steps/step-7.3-run-tests.md","2fd7475ff0c3ce3a5c3a79a32b1cfb49692d95ea6d8d050db8c855bb8c3f821e"
"md","step-7.4-create-issues","wds","wds/workflows/7-testing/steps/step-7.4-create-issues.md","719e13466a1366ac98bbf3fa25a8b8673576c5361850380b0a2ae55f080b6542"
"md","step-7.5-create-report","wds","wds/workflows/7-testing/steps/step-7.5-create-report.md","51ebb9e560431da02e9086cae254e8712f3a0e4c4ab0bd448ccd9955ee06633c"
"md","step-7.6-send-to-bmad","wds","wds/workflows/7-testing/steps/step-7.6-send-to-bmad.md","742cdec48ebb1d385e37c4aef0ab7c31077204caadf61dbda854472fab1ef7ea"
"md","step-7.7-iterate-or-approve","wds","wds/workflows/7-testing/steps/step-7.7-iterate-or-approve.md","7492386a1e7ad45badb3c0b3f23e2bead0f5b3821cc09b734087b9e2ff7e936f"
"md","step-8.1-identify-opportunity","wds","wds/workflows/8-ongoing-development/steps/step-8.1-identify-opportunity.md","2d0652749bf5c221ea7dc64b7ecaedeec5f226797db561af45d2f7340a1aa404"
"md","step-8.2-gather-context","wds","wds/workflows/8-ongoing-development/steps/step-8.2-gather-context.md","fac417b58eccd6f0920835b78b73a8ad5883bb8ec488709cb2beb5ecafbc13a9"
"md","step-8.3-design-update","wds","wds/workflows/8-ongoing-development/steps/step-8.3-design-update.md","32cddb9e77a54e53afe1648b9318ec6de4d51f8015918d6f5957e146c4142e19"
"md","step-8.4-create-delivery","wds","wds/workflows/8-ongoing-development/steps/step-8.4-create-delivery.md","8dfd8ea5335304aae097e3ce22d879b1feb6ac5de6def6acd0d50ec1a42c8f32"
"md","step-8.5-hand-off","wds","wds/workflows/8-ongoing-development/steps/step-8.5-hand-off.md","7cf0c8aa7c4014d6cc4f700fba9cb346377842ea38761bc94f1ea53cee869e8e"
"md","step-8.6-validate","wds","wds/workflows/8-ongoing-development/steps/step-8.6-validate.md","5f169a51840806379ffd46c824afba54f0cf942c445aeacd8f1752fb442d8449"
"md","step-8.7-monitor","wds","wds/workflows/8-ongoing-development/steps/step-8.7-monitor.md","9035b6f2dd9a3b9463d4b808385ad43967c99f72b4821b86d382124163b8c2f2"
"md","step-8.8-iterate","wds","wds/workflows/8-ongoing-development/steps/step-8.8-iterate.md","594b28dd7ef0deeb120ef69ca159629a36467003bf8a5a8e26495f72c17f8406"
"md","step.template","wds","wds/workflows/9-agent-dialogs/templates/step.template.md","81fb4de9b7657221aa44de81b21900dab8136444821b602e615dfe9823140c10"
"md","stitch-generation.template","wds","wds/workflows/9-agent-dialogs/templates/dialog-types/stitch-generation.template.md","781684e7541f586f58b3c918b40f8105fe1be43b53a7e161251e49863166ef1b"
"md","stitch-prompt.template","wds","wds/workflows/4-ux-design/stitch-generation/stitch-prompt.template.md","9bace9310fad7560b89e7ae65f707a86189e871896d48189c872c22232a5cf3d"
"md","story-file-template","wds","wds/workflows/4-ux-design/agentic-development/templates/story-file-template.md","05d2feec27a7cafb5db51c9699df2bd463690940d83243f0f67d0aef247969b3"
"md","STORYBOARD-INTEGRATION","wds","wds/workflows/4-ux-design/STORYBOARD-INTEGRATION.md","0f56c690cca5b23c6c8c2175f7e4df1f8d4ac605583bc469ce0f4dceb1864ca6"
"md","storyboard-specification.template","wds","wds/workflows/4-ux-design/templates/storyboard-specification.template.md","c02afbd1f0de9ad949bdcab52497e9b4577aa6298af0803fd6f6d92a013dee96"
"md","storyboards-guide","wds","wds/workflows/4-ux-design/modular-architecture/02-workflows/storyboards-guide.md","1a3dd651f44b99e4814549bf49aecc9ac1ffe68fb462054045d0642ed1d874d7"
"md","strategic-design","wds","wds/data/agent-guides/freya/strategic-design.md","d5aa0198bbee42856ab011e4f71441f5736706a9f87523828efafc29ab806360"
"md","strategic-documentation","wds","wds/data/agent-guides/saga/strategic-documentation.md","28b965371382590d2ab7356599cfcb14107f27549490c16f2b2bc61243e07bcf"
"md","strategy-work","wds","wds/workflows/project-analysis/work-types/strategy-work.md","fcf435c915d0545068b8bc51ba4805e495930cbccf8f9c8b6c7f12334fa8e00c"
"md","substep-01-analyze-code","wds","wds/workflows/5-design-system/figma-integration/code-to-figma/steps/step-03-substeps/substep-01-analyze-code.md","05eccedd287cc61f6683f32dbb6b55c63b169733f1d98ae803f6eb6f2689dc02"
"md","substep-01-plugin-installation","wds","wds/workflows/5-design-system/figma-integration/code-to-figma/steps/step-01-substeps/substep-01-plugin-installation.md","427571fd155477b5a8b6220538f5ebb1fd371f47faa418c3ca49f4e6e49a97a6"
"md","substep-02-activate-plugin","wds","wds/workflows/5-design-system/figma-integration/code-to-figma/steps/step-01-substeps/substep-02-activate-plugin.md","f3f80c32a79b2281d35d897c00e429d09ac30d1a1d88ee70531ca512b597f6d8"
"md","substep-02-generate-ids","wds","wds/workflows/5-design-system/figma-integration/code-to-figma/steps/step-03-substeps/substep-02-generate-ids.md","332aca07e6496e7b705dfee6c6d9b83b93807fa3fd1d317d8bfeaed19ef9e32e"
"md","substep-03-create-spec","wds","wds/workflows/5-design-system/figma-integration/code-to-figma/steps/step-03-substeps/substep-03-create-spec.md","2a967dfd0d379a72a62fbc20211d1fe68401d21b97e6e289cdf2e6fc523f3b44"
"md","substep-03-verify-mcp","wds","wds/workflows/5-design-system/figma-integration/code-to-figma/steps/step-01-substeps/substep-03-verify-mcp.md","08c334ec91175e22657b773af666d1167d2254b8687173a9182acb70f126f375"
"md","substep-04-review-spec","wds","wds/workflows/5-design-system/figma-integration/code-to-figma/steps/step-03-substeps/substep-04-review-spec.md","a4edecf631b6f4d0cdd281db0659e043ce01c3bdcf8df6e408b16561393f2d47"
"md","substeps-guide","wds","wds/workflows/1-project-brief/alignment-signoff/substeps/substeps-guide.md","961465c70f5a8d05efb34b8657252fe96708257c0b6d24aa409ff19c91652bce"
"md","substeps-guide","wds","wds/workflows/4-ux-design/steps/step-02-substeps/substeps-guide.md","6c3c1f5177209d6c49e43ff0647140caf1343367b4ecfba2d21d7e84fa679aa3"
"md","SYSTEM-GUIDE","wds","wds/workflows/project-analysis/SYSTEM-GUIDE.md","9760ea130b4d9ba0a6ce6f1a972b7b92108c19cc5d2e5f8057ecfc50ae10ff93"
"md","task-reflection","wds","wds/workflows/project-analysis/task-reflection.md","7c1430921c46cc4c35815f3d30f2c035f60c9ab2b1498f3cb779c58309958957"
"md","teaching-styles","wds","wds/data/agent-guides/mimir/teaching-styles.md","7082780820ebed8d7055b9e9fb6df0d3641ff330015e5313e765bcd693fc70c7"
"md","technical-constraints.template","wds","wds/workflows/3-prd-platform/templates/technical-constraints.template.md","63e8e6bdb39c7d4fb6c84af1a1135a27fc46829d1cf30d29431aea8491a1d1b4"
"md","test-result-templates","wds","wds/workflows/7-testing/steps/substeps/test-result-templates.md","0c91cf13b2f51407c321e92cedfa2cdc91be83922d73c43317ac25147fd9493d"
"md","testing-guide","wds","wds/workflows/7-testing/testing-guide.md","2407c22829ee9ba42878db6742c76653147c0c1abf604e22477334d2e36321c2"
"md","TEXT-DETECTION-PRIORITY","wds","wds/workflows/4-ux-design/object-types/TEXT-DETECTION-PRIORITY.md","ccabc36e99beb83892fbabb94894fe46586d2f9c0126e7dae5e1ec78a41b1951"
"md","text-input","wds","wds/workflows/4-ux-design/object-types/templates/text-input.md","14aadbd8bf50ae269efeb00ccaaf005d17cb3f9c2d712e995f7e531e6ad1c9ec"
"md","three-tier-overview","wds","wds/workflows/4-ux-design/modular-architecture/01-core-concepts/three-tier-overview.md","1e651f59f181608a4f5dc05ed75bba66a339b2cd5cdbfcc3cdd47d8010a18aa3"
"md","token-architecture","wds","wds/data/design-system/token-architecture.md","b9a25beb5b258e7eef7726ca51f9eb3b1e0771bbd67826eec0bbd24f2c77f15f"
"md","tools-reference","wds","wds/workflows/5-design-system/figma-integration/reference/tools-reference.md","33d51cee1a82f4b061ece72d4a4b92b983f5973fbc2d7c05f3c27e4d40b24c05"
"md","TRANSLATION-ORGANIZATION-GUIDE","wds","wds/workflows/4-ux-design/TRANSLATION-ORGANIZATION-GUIDE.md","42455557055a41fd5a74641cad133b540a0e77382a50d7d39ff7219466d593bb"
"md","trigger-map.template","wds","wds/workflows/2-trigger-mapping/templates/trigger-map.template.md","e1e0423713f5ba9e801fa8ba82c257b262d2a4f3c298751fdca097edf677221d"
"md","trigger-mapping","wds","wds/data/agent-guides/saga/trigger-mapping.md","cdd4724aae7a28588511e5b9c57c36c252ea11c51f37f72fd74540d7399f36af"
"md","unknown-structure-response","wds","wds/workflows/project-analysis/analysis-types/unknown-structure-response.md","57018e97b954e182006ae98e2eef14eb7ef8e581977daf54784ad55227d96334"
"md","update-component","wds","wds/workflows/5-design-system/operations/update-component.md","18735fa8359b7af9546b5b7dbb1b8204e5ad57139a681e8c078f7029b1cc531c"
"md","ux-design-guide","wds","wds/workflows/4-ux-design/ux-design-guide.md","dcd456186f5f87d2bc92613a63c386fcb06416b141764749fefce2c98f425a32"
"md","validation-patterns","wds","wds/data/design-system/validation-patterns.md","69f98e70418aeb19d75cd8f7c04e72525f362de8adaa9c82b96850d05f9a83f0"
"md","validation-report-agentic-development","wds","wds/workflows/4-ux-design/agentic-development/validation-report-agentic-development.md","c06560542649848580fb8a3b6b18c980ff785c0367e37987b707d7182220da95"
"md","validation-report-alignment-signoff","wds","wds/workflows/1-project-brief/alignment-signoff/validation-report-alignment-signoff.md","be234b191862329ea883d053ae4d88824ce3d5ef2a29fed7b772da2a1c26b04c"
"md","validation-report-complete","wds","wds/workflows/1-project-brief/complete/validation-report-complete.md","b8633fc3a2fe59301ec3f148fc2349aa0e85ec091800e1213e196c7111a34276"
"md","validation-report-content-creation-workshop","wds","wds/workflows/shared/content-creation-workshop/validation-report-content-creation-workshop.md","8f4b914cf99db792399bf3c8a27826bda3c37a2dc33db3e41db61571ec3dc4a1"
"md","validation-report-document-generation","wds","wds/workflows/2-trigger-mapping/document-generation/validation-report-document-generation.md","1019787970ae7a5fd43c17d6ce44c0d1d0547beb0aaf0049c07ff5efbd117919"
"md","validation-report-excalidraw-integration","wds","wds/workflows/4-ux-design/excalidraw-integration/validation-report-excalidraw-integration.md","08dc2ffbdb8aa2813aabf335013327bcba92829d2e3ee469c2c7495354273204"
"md","validation-report-mermaid-diagram","wds","wds/workflows/2-trigger-mapping/mermaid-diagram/validation-report-mermaid-diagram.md","7feaecebc97d068f995866c15614a283516693a97923b870b5420e9ac5af82c1"
"md","validation-report-modular-architecture","wds","wds/workflows/4-ux-design/modular-architecture/validation-report-modular-architecture.md","46eee9dfbff05a08b2f56b27d4e4cdf996b242f90e9b5baf426e087585666a9a"
"md","validation-report-object-types","wds","wds/workflows/4-ux-design/object-types/validation-report-object-types.md","ceb240a91f8f11ba7447663cc7a399a29ff0b3d278b90d296344b383a651af82"
"md","validation-report-page-specification-quality","wds","wds/workflows/4-ux-design/page-specification-quality/validation-report-page-specification-quality.md","74797e1f9a73ef5ceb8b117edce0d21e25fc3c1f3dac37cc80669a12c3e91796"
"md","validation-report-project-brief","wds","wds/workflows/1-project-brief/project-brief/validation-report-project-brief.md","c8745e7de8964726771807d923dfe0facbb9d9efc61408c3bd02e2a3ba8005f8"
"md","validation-report-scenario-init","wds","wds/workflows/4-ux-design/scenario-init/validation-report-scenario-init.md","ac7f27684edf267ae78e4c124f8c58072b1509f11450ba9dd5b1a4b18f3ad102"
"md","validation-report-vtc-workshop","wds","wds/workflows/shared/vtc-workshop/validation-report-vtc-workshop.md","dc65502acc2631b97c7e0ba867e792fa2ecfb202c4d5c27adfc66e762dff0da9"
"md","validation-standards","wds","wds/workflows/4-ux-design/page-specification-quality/data/validation-standards.md","ab51a06c196949570987996e93ad914fbeabad0bfeda1f909e437b196180bcf5"
"md","VALIDATION-SUMMARY-REPORT","wds","wds/workflows/VALIDATION-SUMMARY-REPORT.md","26b3ee9d2a98695b211f489962d35f023c8b400534ef2f417bb01d66784d4b46"
"md","vtc-creation-workshop","wds","wds/workflows/shared/vtc-workshop/vtc-creation-workshop.md","06f479cb2e899e3f6da553c2a2c892c0e5e6d4669dc251700f02ddff2634be20"
"md","vtc-selection-workshop","wds","wds/workflows/shared/vtc-workshop/vtc-selection-workshop.md","33139d35bc0ed21d3cd3862ff26833efc3cc51d0473b8914c423c0887ef78e54"
"md","vtc-workshop-guide","wds","wds/workflows/shared/vtc-workshop/vtc-workshop-guide.md","fe9279d9f8a3d6cfae6c6e40f263c9e6ae64bfaeb8de3f3d8e55e304798c816a"
"md","vtc-workshop-router","wds","wds/workflows/shared/vtc-workshop/vtc-workshop-router.md","d1c2ae3a1ee191e0ee9275fcb5dd5a70ea08fb2dafbd19747710eb5ac122d212"
"md","wds-overview","wds","wds/data/agent-guides/mimir/wds-overview.md","eef354b8196fb4cf60c6c659eaa3c90b55a57f7bfa5f141abbe5821f6b4989f4"
"md","WDS-SPECIFICATION-PATTERN","wds","wds/workflows/4-ux-design/WDS-SPECIFICATION-PATTERN.md","aa9e2aaadbbc95ed8320ebec8cd39622f6d33309eba99b5cf37261853ba5c15e"
"md","wds-v6-instructions","wds","wds/workflows/workflow-init/methodology-instructions/wds-v6-instructions.md","7924d389c7c62b37be119c8e886fdb63ac74c953c122fdc5c92feffbf0a7e9b7"
"md","when-to-extract-decision-guide","wds","wds/workflows/5-design-system/figma-integration/reference/when-to-extract-decision-guide.md","c7fd73399aa8806155f69489dc5325053298e4a7a034e5bf728dbaa06b7050ce"
"md","workflow","wds","wds/workflows/0-project-setup/workflow.md","f61fb01f64af141a3ab835e0661b0922749903398f2bef8dfe1846388ce686ce"
"md","workflow","wds","wds/workflows/1-project-brief/alignment-signoff/workflow.md","871508a4db13c1b5fae52e5f4a5593323f33a8d878a720ab045ca6fb9cde5b12"
"md","workflow","wds","wds/workflows/1-project-brief/complete/workflow.md","913702de57321d146094987b67fb2ceb784a749591c75324003f884f73561091"
"md","workflow","wds","wds/workflows/1-project-brief/project-brief/complete/workflow.md","3345c822c1f20f9aadef085a6adbe2aebf825e0bf44e5bc298566ab2bb0a93ec"
"md","workflow","wds","wds/workflows/2-trigger-mapping/document-generation/workflow.md","361800a35f684c95cc6abcbe274def84129bd73816cff8beda564c7425dfed96"
"md","workflow","wds","wds/workflows/2-trigger-mapping/mermaid-diagram/workflow.md","85f6925fb44be321d018ca67747fbb539905382ff7229a003b90e1dab8db1ef2"
"md","workflow","wds","wds/workflows/4-ux-design/agentic-development/workflow.md","74f39cef74c7e7800273b99da7edeb31c5b24a0e4c6038d0e9aeaab043d055ba"
"md","workflow","wds","wds/workflows/4-ux-design/excalidraw-integration/workflow.md","bb4a671b9dea188ba129d354f5bd2987096cda7ea43f7edf4f2f7a35d1451a09"
"md","workflow","wds","wds/workflows/4-ux-design/modular-architecture/workflow.md","910b5e6037bff0fd5988aa872655ffe236db0e414ec3e839ea0f057d8918c0df"
"md","workflow","wds","wds/workflows/4-ux-design/object-types/workflow.md","9d65d5407a242b24c84c19ce6799f810b703bea5ce57d03184d24afcc4d7ce87"
"md","workflow","wds","wds/workflows/4-ux-design/page-specification-quality/workflow.md","693da3d723bbf2d8a95e35bee0f883a19a990bfdebf3c107dcb5d657a9ef4cf5"
"md","workflow","wds","wds/workflows/4-ux-design/scenario-init/workflow.md","4c7eca48cd851b7ab1d4aa78a5667550dd2235707a50e5180425a605670bbb20"
"md","workflow","wds","wds/workflows/4-ux-design/stitch-generation/workflow.md","247919ca0334f3e10823b7a99a1a36c39c1b955a34f29aaad462a9b6cd4aa42f"
"md","workflow","wds","wds/workflows/4-ux-design/workflow.md","5ed7adf0352739b74a0c521c8a5a72d230f450a05f00532325a2b5b8113f00ab"
"md","workflow","wds","wds/workflows/5-design-system/figma-integration/code-to-figma/workflow.md","869144fd34e56f99f05308ce5c57c2426695765120c6ce35bae41aa2d7f98bdb"
"md","workflow","wds","wds/workflows/6-design-deliveries/workflow.md","25db0645fccb2fa0e6c14fac4d7453403b82ed16310a35f2f52bed174d490af7"
"md","workflow","wds","wds/workflows/7-testing/workflow.md","c99345eca4d816619c19360eb14fe5acee48cdf7f9ea2a09c6b85a0aedebf0a3"
"md","workflow","wds","wds/workflows/8-ongoing-development/workflow.md","9e832f6d05cb1de322337229197b6bff7a28a140a8e192cb759c0b3f02b2a44c"
"md","workflow","wds","wds/workflows/9-agent-dialogs/workflow.md","2386b87fda12f713d639d768305169f724d3b336a5e24994097aa3fa65491274"
"md","workflow","wds","wds/workflows/shared/content-creation-workshop/steps-c/workflow.md","ed1ad5d5b47701110793af886d9386e40ddc0b47d3bac899871903c6c29e3e20"
"md","workflow","wds","wds/workflows/shared/content-creation-workshop/workflow.md","2309172758cc098aa5efa5e90fe999019c7c09a2d732ef17554fc97bf5dac6fe"
"md","workflow","wds","wds/workflows/shared/vtc-workshop/creation-steps-c/workflow.md","11886e9d58a52668ae7ca66f20efcf916219f9be76d818c7fd67f71c96b2c4be"
"md","workflow","wds","wds/workflows/shared/vtc-workshop/selection-steps-c/workflow.md","a2358a3447482bcbfc7943e6bf1e6127780836ff0b410fc71b559803ea86e823"
"md","workflow","wds","wds/workflows/shared/vtc-workshop/workflow.md","7d629346ce0a3d60497f709d2675af1b9f11d8462efd77aa2dcf5d3bffd60e36"
"md","WORKFLOW-OPTIMIZATION-COMPLETE","wds","wds/workflows/WORKFLOW-OPTIMIZATION-COMPLETE.md","cf7fc1ef03ad9a6af507ea9f98f0303c7798e90a3749139cdc15536aae35d97c"
"md","workshop-c-placeholder-pages","wds","wds/workflows/4-ux-design/steps/step-02-substeps/page-init/workshop-c-placeholder-pages.md","6bf3cd6a7fdbdba8fd9cd5926ce3b60377c6f2f2eca7ad99d1e8f7dc8e2d5bdb"
"md","workshop-page-creation","wds","wds/workflows/4-ux-design/steps/step-02-substeps/page-init/workshop-page-creation.md","b018a97d3113b0ab2ec87c9e60397b68df35f355456060c133b983fc402acb9e"
"md","workshop-page-process","wds","wds/workflows/4-ux-design/steps/step-02-substeps/page-init/workshop-page-process.md","98f49041f94cb1f56ba60d452bab3676ab36b037598959cb856966da8533eae1"
"md","wps2c-v4-instructions","wds","wds/workflows/workflow-init/methodology-instructions/wps2c-v4-instructions.md","dd252b24caed166ed747fb0e3c360080d6185fc8d8ee55ca1f5565b0e5404e69"
"yaml","config","wds","wds/config.yaml","af1dc89cbc90ea4be601f535fd1a4d24043b00c56b7ba99e3ccc1014f014aa67"
"yaml","design-delivery.template","wds","wds/templates/design-delivery.template.yaml","bb9bf1b1a051908e3fcfb78e958cf1981cc66d158afec267785f94c2fe7a4956"
"yaml","design-system-only","wds","wds/workflows/paths/design-system-only.yaml","7d50af460fc0be3f2fba0973f5ff913f37b0145859a932e70239e1ae5184a601"
"yaml","digital-strategy","wds","wds/workflows/paths/digital-strategy.yaml","c5baea02c0bbef986b713f63ff488c212bdfec0f7a7e2cf45b65035062713723"
"yaml","feature-enhancement","wds","wds/workflows/paths/feature-enhancement.yaml","872bd95cfb2a9eb6c497e7f63e4884ece041ab122b8406fbe025de575074cc6c"
"yaml","full-product","wds","wds/workflows/paths/full-product.yaml","6a7d05347e4acea84bcfeac6fd9ef5528089f16bab1e0aaaaeaa5f3e1320b9cd"
"yaml","landing-page","wds","wds/workflows/paths/landing-page.yaml","1e0001df2f615b5986e7c21c1dd6b27bd3e1c39b8a5ee9a5a196246fdf584fb2"
"yaml","platform-requirements.template","wds","wds/templates/platform-requirements.template.yaml","68fa786f950f6b04a5f8e6a25ef9bb1b4ddc9086e889165f02c461daaba3901d"
"yaml","project-config.template","wds","wds/workflows/workflow-init/project-config.template.yaml","cf10db56f5b8b6d9b459cbe8154dceec9edb2aeaa25f5c2a6cc945b135e29350"
"yaml","project-outline.template","wds","wds/workflows/workflow-init/project-outline.template.yaml","d32d75e98bd104f82b3334e6d8fc15155455bf5d268904eb6abfc97d1bb61dc1"
"yaml","quick-prototype","wds","wds/workflows/paths/quick-prototype.yaml","2b5a788d3f3ad87c09046cb6f473392ce1324badf215f2c76fe3f6b0f8360233"
"yaml","test-scenario.template","wds","wds/templates/test-scenario.template.yaml","569a9395d560a98bf051832da082deec61b56176fea2131c6c178e06867354d4"
"yaml","vtc-template","wds","wds/workflows/shared/vtc-workshop/vtc-template.yaml","6f1d2dad5d8452604833cd49f8b79b78ce100d9dab4449187ba6a37b0be3bee8"
"yaml","wds-workflow-status-template","wds","wds/workflows/00-system/wds-workflow-status-template.yaml","04a434a2e2a4c80e0ba6b411c4deb8bcbd56fc46e0200f93c205fa6fae21cee5"
"yaml","work-file-template","wds","wds/workflows/4-ux-design/agentic-development/templates/work-file-template.yaml","a11370277e14a50678069808e979239e17ecab181cadd4e984b4999d84eb521f"
"yaml","workflow","wds","wds/workflows/1-project-brief/workflow.yaml","51ef8cbe1b45053207cccc309806cfeeb8cc10cb072996442dff28a4ad73f897"
"yaml","workflow","wds","wds/workflows/2-trigger-mapping/workflow.yaml","958d9537093cd472059f2ef5a7fbb66705f4db04264c57ae22f0a27c95675b9d"
"yaml","workflow","wds","wds/workflows/3-prd-platform/workflow.yaml","fea144198077009a395522f4bf374d55420fabb050897886268d5b7d879295f2"
"yaml","workflow","wds","wds/workflows/4-ux-design/workflow.yaml","057c75ca21bfc4df69e4294e46e24ca0a3a08731b480c37bc3059e05f9f17c31"
"yaml","workflow","wds","wds/workflows/5-design-system/workflow.yaml","b121476b96eb6100c332f58b4e7ac54e4f95cdf24f00bdebf276e0f47fd66da8"
"yaml","workflow","wds","wds/workflows/project-analysis/workflow.yaml","72fe07ba8496672f145f5cfff0c7a251cafdfeed3e9866505135f7d23af48438"
"yaml","workflow","wds","wds/workflows/workflow-init/workflow.yaml","5be875400a6a06088c513928d231ee6ea7669861f5794e9bc4868d837ab8c4b8"
"yaml","workflow","wds","wds/workflows/workflow-status/workflow.yaml","13ee9f5f3fbf190a317d2970e5ed836c9f11a63d7996afe60a7f050df25ec9fd"
