.agents/skills/bmad-advanced-elicitation/SKILL.md	X	vendored-agent-tooling
.agents/skills/bmad-advanced-elicitation/methods.csv	X	vendored-agent-tooling
.agents/skills/bmad-agent-analyst/SKILL.md	X	vendored-agent-tooling
.agents/skills/bmad-agent-analyst/customize.toml	X	vendored-agent-tooling
.agents/skills/bmad-agent-architect/SKILL.md	X	vendored-agent-tooling
.agents/skills/bmad-agent-architect/customize.toml	X	vendored-agent-tooling
.agents/skills/bmad-agent-dev/SKILL.md	X	vendored-agent-tooling
.agents/skills/bmad-agent-dev/customize.toml	X	vendored-agent-tooling
.agents/skills/bmad-agent-pm/SKILL.md	X	vendored-agent-tooling
.agents/skills/bmad-agent-pm/customize.toml	X	vendored-agent-tooling
.agents/skills/bmad-agent-tech-writer/SKILL.md	X	vendored-agent-tooling
.agents/skills/bmad-agent-tech-writer/customize.toml	X	vendored-agent-tooling
.agents/skills/bmad-agent-tech-writer/explain-concept.md	X	vendored-agent-tooling
.agents/skills/bmad-agent-tech-writer/mermaid-gen.md	X	vendored-agent-tooling
.agents/skills/bmad-agent-tech-writer/validate-doc.md	X	vendored-agent-tooling
.agents/skills/bmad-agent-tech-writer/write-document.md	X	vendored-agent-tooling
.agents/skills/bmad-agent-ux-designer/SKILL.md	X	vendored-agent-tooling
.agents/skills/bmad-agent-ux-designer/customize.toml	X	vendored-agent-tooling
.agents/skills/bmad-analyst/SKILL.md	X	vendored-agent-tooling
.agents/skills/bmad-architect/SKILL.md	X	vendored-agent-tooling
.agents/skills/bmad-brainstorming/SKILL.md	X	vendored-agent-tooling
.agents/skills/bmad-brainstorming/brain-methods.csv	X	vendored-agent-tooling
.agents/skills/bmad-brainstorming/steps/step-01-session-setup.md	X	vendored-agent-tooling
.agents/skills/bmad-brainstorming/steps/step-01b-continue.md	X	vendored-agent-tooling
.agents/skills/bmad-brainstorming/steps/step-02a-user-selected.md	X	vendored-agent-tooling
.agents/skills/bmad-brainstorming/steps/step-02b-ai-recommended.md	X	vendored-agent-tooling
.agents/skills/bmad-brainstorming/steps/step-02c-random-selection.md	X	vendored-agent-tooling
.agents/skills/bmad-brainstorming/steps/step-02d-progressive-flow.md	X	vendored-agent-tooling
.agents/skills/bmad-brainstorming/steps/step-03-technique-execution.md	X	vendored-agent-tooling
.agents/skills/bmad-brainstorming/steps/step-04-idea-organization.md	X	vendored-agent-tooling
.agents/skills/bmad-brainstorming/template.md	X	vendored-agent-tooling
.agents/skills/bmad-brainstorming/workflow.md	X	vendored-agent-tooling
.agents/skills/bmad-check-implementation-readiness/SKILL.md	X	vendored-agent-tooling
.agents/skills/bmad-check-implementation-readiness/customize.toml	X	vendored-agent-tooling
.agents/skills/bmad-check-implementation-readiness/steps/step-01-document-discovery.md	X	vendored-agent-tooling
.agents/skills/bmad-check-implementation-readiness/steps/step-02-prd-analysis.md	X	vendored-agent-tooling
.agents/skills/bmad-check-implementation-readiness/steps/step-03-epic-coverage-validation.md	X	vendored-agent-tooling
.agents/skills/bmad-check-implementation-readiness/steps/step-04-ux-alignment.md	X	vendored-agent-tooling
.agents/skills/bmad-check-implementation-readiness/steps/step-05-epic-quality-review.md	X	vendored-agent-tooling
.agents/skills/bmad-check-implementation-readiness/steps/step-06-final-assessment.md	X	vendored-agent-tooling
.agents/skills/bmad-check-implementation-readiness/templates/readiness-report-template.md	X	vendored-agent-tooling
.agents/skills/bmad-checkpoint-preview/SKILL.md	X	vendored-agent-tooling
.agents/skills/bmad-checkpoint-preview/customize.toml	X	vendored-agent-tooling
.agents/skills/bmad-checkpoint-preview/generate-trail.md	X	vendored-agent-tooling
.agents/skills/bmad-checkpoint-preview/step-01-orientation.md	X	vendored-agent-tooling
.agents/skills/bmad-checkpoint-preview/step-02-walkthrough.md	X	vendored-agent-tooling
.agents/skills/bmad-checkpoint-preview/step-03-detail-pass.md	X	vendored-agent-tooling
.agents/skills/bmad-checkpoint-preview/step-04-testing.md	X	vendored-agent-tooling
.agents/skills/bmad-checkpoint-preview/step-05-wrapup.md	X	vendored-agent-tooling
.agents/skills/bmad-code-review/SKILL.md	X	vendored-agent-tooling
.agents/skills/bmad-code-review/customize.toml	X	vendored-agent-tooling
.agents/skills/bmad-code-review/steps/step-01-gather-context.md	X	vendored-agent-tooling
.agents/skills/bmad-code-review/steps/step-02-review.md	X	vendored-agent-tooling
.agents/skills/bmad-code-review/steps/step-03-triage.md	X	vendored-agent-tooling
.agents/skills/bmad-code-review/steps/step-04-present.md	X	vendored-agent-tooling
.agents/skills/bmad-correct-course/SKILL.md	X	vendored-agent-tooling
.agents/skills/bmad-correct-course/checklist.md	X	vendored-agent-tooling
.agents/skills/bmad-correct-course/customize.toml	X	vendored-agent-tooling
.agents/skills/bmad-create-architecture/SKILL.md	X	vendored-agent-tooling
.agents/skills/bmad-create-architecture/architecture-decision-template.md	X	vendored-agent-tooling
.agents/skills/bmad-create-architecture/customize.toml	X	vendored-agent-tooling
.agents/skills/bmad-create-architecture/data/domain-complexity.csv	X	vendored-agent-tooling
.agents/skills/bmad-create-architecture/data/project-types.csv	X	vendored-agent-tooling
.agents/skills/bmad-create-architecture/steps/step-01-init.md	X	vendored-agent-tooling
.agents/skills/bmad-create-architecture/steps/step-01b-continue.md	X	vendored-agent-tooling
.agents/skills/bmad-create-architecture/steps/step-02-context.md	X	vendored-agent-tooling
.agents/skills/bmad-create-architecture/steps/step-03-starter.md	X	vendored-agent-tooling
.agents/skills/bmad-create-architecture/steps/step-04-decisions.md	X	vendored-agent-tooling
.agents/skills/bmad-create-architecture/steps/step-05-patterns.md	X	vendored-agent-tooling
.agents/skills/bmad-create-architecture/steps/step-06-structure.md	X	vendored-agent-tooling
.agents/skills/bmad-create-architecture/steps/step-07-validation.md	X	vendored-agent-tooling
.agents/skills/bmad-create-architecture/steps/step-08-complete.md	X	vendored-agent-tooling
.agents/skills/bmad-create-epics-and-stories/SKILL.md	X	vendored-agent-tooling
.agents/skills/bmad-create-epics-and-stories/customize.toml	X	vendored-agent-tooling
.agents/skills/bmad-create-epics-and-stories/steps/step-01-validate-prerequisites.md	X	vendored-agent-tooling
.agents/skills/bmad-create-epics-and-stories/steps/step-02-design-epics.md	X	vendored-agent-tooling
.agents/skills/bmad-create-epics-and-stories/steps/step-03-create-stories.md	X	vendored-agent-tooling
.agents/skills/bmad-create-epics-and-stories/steps/step-04-final-validation.md	X	vendored-agent-tooling
.agents/skills/bmad-create-epics-and-stories/templates/epics-template.md	X	vendored-agent-tooling
.agents/skills/bmad-create-prd/SKILL.md	X	vendored-agent-tooling
.agents/skills/bmad-create-prd/customize.toml	X	vendored-agent-tooling
.agents/skills/bmad-create-story/SKILL.md	X	vendored-agent-tooling
.agents/skills/bmad-create-story/checklist.md	X	vendored-agent-tooling
.agents/skills/bmad-create-story/customize.toml	X	vendored-agent-tooling
.agents/skills/bmad-create-story/discover-inputs.md	X	vendored-agent-tooling
.agents/skills/bmad-create-story/template.md	X	vendored-agent-tooling
.agents/skills/bmad-customize/SKILL.md	X	vendored-agent-tooling
.agents/skills/bmad-customize/scripts/list_customizable_skills.py	X	vendored-agent-tooling
.agents/skills/bmad-customize/scripts/tests/test_list_customizable_skills.py	X	vendored-agent-tooling
.agents/skills/bmad-dev-story/SKILL.md	X	vendored-agent-tooling
.agents/skills/bmad-dev-story/checklist.md	X	vendored-agent-tooling
.agents/skills/bmad-dev-story/customize.toml	X	vendored-agent-tooling
.agents/skills/bmad-dev/SKILL.md	X	vendored-agent-tooling
.agents/skills/bmad-document-project/SKILL.md	X	vendored-agent-tooling
.agents/skills/bmad-document-project/checklist.md	X	vendored-agent-tooling
.agents/skills/bmad-document-project/customize.toml	X	vendored-agent-tooling
.agents/skills/bmad-document-project/documentation-requirements.csv	X	vendored-agent-tooling
.agents/skills/bmad-document-project/instructions.md	X	vendored-agent-tooling
.agents/skills/bmad-document-project/templates/deep-dive-template.md	X	vendored-agent-tooling
.agents/skills/bmad-document-project/templates/index-template.md	X	vendored-agent-tooling
.agents/skills/bmad-document-project/templates/project-overview-template.md	X	vendored-agent-tooling
.agents/skills/bmad-document-project/templates/project-scan-report-schema.json	X	vendored-agent-tooling
.agents/skills/bmad-document-project/templates/source-tree-template.md	X	vendored-agent-tooling
.agents/skills/bmad-document-project/workflows/deep-dive-instructions.md	X	vendored-agent-tooling
.agents/skills/bmad-document-project/workflows/deep-dive-workflow.md	X	vendored-agent-tooling
.agents/skills/bmad-document-project/workflows/full-scan-instructions.md	X	vendored-agent-tooling
.agents/skills/bmad-document-project/workflows/full-scan-workflow.md	X	vendored-agent-tooling
.agents/skills/bmad-domain-research/SKILL.md	X	vendored-agent-tooling
.agents/skills/bmad-domain-research/customize.toml	X	vendored-agent-tooling
.agents/skills/bmad-domain-research/domain-steps/step-01-init.md	X	vendored-agent-tooling
.agents/skills/bmad-domain-research/domain-steps/step-02-domain-analysis.md	X	vendored-agent-tooling
.agents/skills/bmad-domain-research/domain-steps/step-03-competitive-landscape.md	X	vendored-agent-tooling
.agents/skills/bmad-domain-research/domain-steps/step-04-regulatory-focus.md	X	vendored-agent-tooling
.agents/skills/bmad-domain-research/domain-steps/step-05-technical-trends.md	X	vendored-agent-tooling
.agents/skills/bmad-domain-research/domain-steps/step-06-research-synthesis.md	X	vendored-agent-tooling
.agents/skills/bmad-domain-research/research.template.md	X	vendored-agent-tooling
.agents/skills/bmad-edit-prd/SKILL.md	X	vendored-agent-tooling
.agents/skills/bmad-edit-prd/customize.toml	X	vendored-agent-tooling
.agents/skills/bmad-editorial-review-prose/SKILL.md	X	vendored-agent-tooling
.agents/skills/bmad-editorial-review-structure/SKILL.md	X	vendored-agent-tooling
.agents/skills/bmad-generate-project-context/SKILL.md	X	vendored-agent-tooling
.agents/skills/bmad-generate-project-context/customize.toml	X	vendored-agent-tooling
.agents/skills/bmad-generate-project-context/project-context-template.md	X	vendored-agent-tooling
.agents/skills/bmad-generate-project-context/steps/step-01-discover.md	X	vendored-agent-tooling
.agents/skills/bmad-generate-project-context/steps/step-02-generate.md	X	vendored-agent-tooling
.agents/skills/bmad-generate-project-context/steps/step-03-complete.md	X	vendored-agent-tooling
.agents/skills/bmad-help/SKILL.md	X	vendored-agent-tooling
.agents/skills/bmad-index-docs/SKILL.md	X	vendored-agent-tooling
.agents/skills/bmad-investigate/SKILL.md	X	vendored-agent-tooling
.agents/skills/bmad-investigate/customize.toml	X	vendored-agent-tooling
.agents/skills/bmad-investigate/references/case-file-template.md	X	vendored-agent-tooling
.agents/skills/bmad-market-research/SKILL.md	X	vendored-agent-tooling
.agents/skills/bmad-market-research/customize.toml	X	vendored-agent-tooling
.agents/skills/bmad-market-research/research.template.md	X	vendored-agent-tooling
.agents/skills/bmad-market-research/steps/step-01-init.md	X	vendored-agent-tooling
.agents/skills/bmad-market-research/steps/step-02-customer-behavior.md	X	vendored-agent-tooling
.agents/skills/bmad-market-research/steps/step-03-customer-pain-points.md	X	vendored-agent-tooling
.agents/skills/bmad-market-research/steps/step-04-customer-decisions.md	X	vendored-agent-tooling
.agents/skills/bmad-market-research/steps/step-05-competitive-analysis.md	X	vendored-agent-tooling
.agents/skills/bmad-market-research/steps/step-06-research-completion.md	X	vendored-agent-tooling
.agents/skills/bmad-master/SKILL.md	X	vendored-agent-tooling
.agents/skills/bmad-party-mode/SKILL.md	X	vendored-agent-tooling
.agents/skills/bmad-pm/SKILL.md	X	vendored-agent-tooling
.agents/skills/bmad-prd/SKILL.md	X	vendored-agent-tooling
.agents/skills/bmad-prd/assets/headless-schemas.md	X	vendored-agent-tooling
.agents/skills/bmad-prd/assets/prd-template.md	X	vendored-agent-tooling
.agents/skills/bmad-prd/assets/prd-validation-checklist.md	X	vendored-agent-tooling
.agents/skills/bmad-prd/assets/validation-report-template.html	X	vendored-agent-tooling
.agents/skills/bmad-prd/customize.toml	X	vendored-agent-tooling
.agents/skills/bmad-prd/references/headless.md	X	vendored-agent-tooling
.agents/skills/bmad-prd/references/validate.md	X	vendored-agent-tooling
.agents/skills/bmad-prfaq/SKILL.md	X	vendored-agent-tooling
.agents/skills/bmad-prfaq/agents/artifact-analyzer.md	X	vendored-agent-tooling
.agents/skills/bmad-prfaq/agents/web-researcher.md	X	vendored-agent-tooling
.agents/skills/bmad-prfaq/assets/prfaq-template.md	X	vendored-agent-tooling
.agents/skills/bmad-prfaq/bmad-manifest.json	X	vendored-agent-tooling
.agents/skills/bmad-prfaq/customize.toml	X	vendored-agent-tooling
.agents/skills/bmad-prfaq/references/customer-faq.md	X	vendored-agent-tooling
.agents/skills/bmad-prfaq/references/internal-faq.md	X	vendored-agent-tooling
.agents/skills/bmad-prfaq/references/press-release.md	X	vendored-agent-tooling
.agents/skills/bmad-prfaq/references/verdict.md	X	vendored-agent-tooling
.agents/skills/bmad-product-brief/SKILL.md	X	vendored-agent-tooling
.agents/skills/bmad-product-brief/assets/brief-template.md	X	vendored-agent-tooling
.agents/skills/bmad-product-brief/customize.toml	X	vendored-agent-tooling
.agents/skills/bmad-qa-generate-e2e-tests/SKILL.md	X	vendored-agent-tooling
.agents/skills/bmad-qa-generate-e2e-tests/checklist.md	X	vendored-agent-tooling
.agents/skills/bmad-qa-generate-e2e-tests/customize.toml	X	vendored-agent-tooling
.agents/skills/bmad-qa/SKILL.md	X	vendored-agent-tooling
.agents/skills/bmad-quick-dev/SKILL.md	X	vendored-agent-tooling
.agents/skills/bmad-quick-dev/compile-epic-context.md	X	vendored-agent-tooling
.agents/skills/bmad-quick-dev/customize.toml	X	vendored-agent-tooling
.agents/skills/bmad-quick-dev/spec-template.md	X	vendored-agent-tooling
.agents/skills/bmad-quick-dev/step-01-clarify-and-route.md	X	vendored-agent-tooling
.agents/skills/bmad-quick-dev/step-02-plan.md	X	vendored-agent-tooling
.agents/skills/bmad-quick-dev/step-03-implement.md	X	vendored-agent-tooling
.agents/skills/bmad-quick-dev/step-04-review.md	X	vendored-agent-tooling
.agents/skills/bmad-quick-dev/step-05-present.md	X	vendored-agent-tooling
.agents/skills/bmad-quick-dev/step-oneshot.md	X	vendored-agent-tooling
.agents/skills/bmad-quick-dev/sync-sprint-status.md	X	vendored-agent-tooling
.agents/skills/bmad-quick-flow-solo-dev/SKILL.md	X	vendored-agent-tooling
.agents/skills/bmad-retrospective/SKILL.md	X	vendored-agent-tooling
.agents/skills/bmad-retrospective/customize.toml	X	vendored-agent-tooling
.agents/skills/bmad-review-adversarial-general/SKILL.md	X	vendored-agent-tooling
.agents/skills/bmad-review-edge-case-hunter/SKILL.md	X	vendored-agent-tooling
.agents/skills/bmad-shard-doc/SKILL.md	X	vendored-agent-tooling
.agents/skills/bmad-sm/SKILL.md	X	vendored-agent-tooling
.agents/skills/bmad-spec/SKILL.md	X	vendored-agent-tooling
.agents/skills/bmad-spec/assets/headless-schemas.md	X	vendored-agent-tooling
.agents/skills/bmad-spec/assets/spec-template.md	X	vendored-agent-tooling
.agents/skills/bmad-spec/customize.toml	X	vendored-agent-tooling
.agents/skills/bmad-sprint-planning/SKILL.md	X	vendored-agent-tooling
.agents/skills/bmad-sprint-planning/checklist.md	X	vendored-agent-tooling
.agents/skills/bmad-sprint-planning/customize.toml	X	vendored-agent-tooling
.agents/skills/bmad-sprint-planning/sprint-status-template.yaml	X	vendored-agent-tooling
.agents/skills/bmad-sprint-status/SKILL.md	X	vendored-agent-tooling
.agents/skills/bmad-sprint-status/customize.toml	X	vendored-agent-tooling
.agents/skills/bmad-tea/SKILL.md	X	vendored-agent-tooling
.agents/skills/bmad-tea/customize.toml	X	vendored-agent-tooling
.agents/skills/bmad-tea/resources/knowledge/adr-quality-readiness-checklist.md	X	vendored-agent-tooling
.agents/skills/bmad-tea/resources/knowledge/api-request.md	X	vendored-agent-tooling
.agents/skills/bmad-tea/resources/knowledge/api-testing-patterns.md	X	vendored-agent-tooling
.agents/skills/bmad-tea/resources/knowledge/auth-session.md	X	vendored-agent-tooling
.agents/skills/bmad-tea/resources/knowledge/burn-in.md	X	vendored-agent-tooling
.agents/skills/bmad-tea/resources/knowledge/ci-burn-in.md	X	vendored-agent-tooling
.agents/skills/bmad-tea/resources/knowledge/component-tdd.md	X	vendored-agent-tooling
.agents/skills/bmad-tea/resources/knowledge/confidence-gate.md	X	vendored-agent-tooling
.agents/skills/bmad-tea/resources/knowledge/contract-testing.md	X	vendored-agent-tooling
.agents/skills/bmad-tea/resources/knowledge/data-factories.md	X	vendored-agent-tooling
.agents/skills/bmad-tea/resources/knowledge/email-auth.md	X	vendored-agent-tooling
.agents/skills/bmad-tea/resources/knowledge/error-handling.md	X	vendored-agent-tooling
.agents/skills/bmad-tea/resources/knowledge/feature-flags.md	X	vendored-agent-tooling
.agents/skills/bmad-tea/resources/knowledge/file-utils.md	X	vendored-agent-tooling
.agents/skills/bmad-tea/resources/knowledge/fixture-architecture.md	X	vendored-agent-tooling
.agents/skills/bmad-tea/resources/knowledge/fixtures-composition.md	X	vendored-agent-tooling
.agents/skills/bmad-tea/resources/knowledge/intercept-network-call.md	X	vendored-agent-tooling
.agents/skills/bmad-tea/resources/knowledge/log.md	X	vendored-agent-tooling
.agents/skills/bmad-tea/resources/knowledge/network-error-monitor.md	X	vendored-agent-tooling
.agents/skills/bmad-tea/resources/knowledge/network-first.md	X	vendored-agent-tooling
.agents/skills/bmad-tea/resources/knowledge/network-recorder.md	X	vendored-agent-tooling
.agents/skills/bmad-tea/resources/knowledge/nfr-criteria.md	X	vendored-agent-tooling
.agents/skills/bmad-tea/resources/knowledge/overview.md	X	vendored-agent-tooling
.agents/skills/bmad-tea/resources/knowledge/pact-broker-webhooks.md	X	vendored-agent-tooling
.agents/skills/bmad-tea/resources/knowledge/pact-consumer-di.md	X	vendored-agent-tooling
.agents/skills/bmad-tea/resources/knowledge/pact-consumer-framework-setup.md	X	vendored-agent-tooling
.agents/skills/bmad-tea/resources/knowledge/pact-mcp.md	X	vendored-agent-tooling
.agents/skills/bmad-tea/resources/knowledge/pactjs-utils-consumer-helpers.md	X	vendored-agent-tooling
.agents/skills/bmad-tea/resources/knowledge/pactjs-utils-overview.md	X	vendored-agent-tooling
.agents/skills/bmad-tea/resources/knowledge/pactjs-utils-provider-verifier.md	X	vendored-agent-tooling
.agents/skills/bmad-tea/resources/knowledge/pactjs-utils-request-filter.md	X	vendored-agent-tooling
.agents/skills/bmad-tea/resources/knowledge/pactjs-utils-zod-to-pact.md	X	vendored-agent-tooling
.agents/skills/bmad-tea/resources/knowledge/playwright-cli.md	X	vendored-agent-tooling
.agents/skills/bmad-tea/resources/knowledge/playwright-config.md	X	vendored-agent-tooling
.agents/skills/bmad-tea/resources/knowledge/probability-impact.md	X	vendored-agent-tooling
.agents/skills/bmad-tea/resources/knowledge/recurse.md	X	vendored-agent-tooling
.agents/skills/bmad-tea/resources/knowledge/risk-governance.md	X	vendored-agent-tooling
.agents/skills/bmad-tea/resources/knowledge/selective-testing.md	X	vendored-agent-tooling
.agents/skills/bmad-tea/resources/knowledge/selector-resilience.md	X	vendored-agent-tooling
.agents/skills/bmad-tea/resources/knowledge/test-healing-patterns.md	X	vendored-agent-tooling
.agents/skills/bmad-tea/resources/knowledge/test-levels-framework.md	X	vendored-agent-tooling
.agents/skills/bmad-tea/resources/knowledge/test-priorities-matrix.md	X	vendored-agent-tooling
.agents/skills/bmad-tea/resources/knowledge/test-quality.md	X	vendored-agent-tooling
.agents/skills/bmad-tea/resources/knowledge/timing-debugging.md	X	vendored-agent-tooling
.agents/skills/bmad-tea/resources/knowledge/visual-debugging.md	X	vendored-agent-tooling
.agents/skills/bmad-tea/resources/knowledge/webhook-module-setup.md	X	vendored-agent-tooling
.agents/skills/bmad-tea/resources/knowledge/webhook-providers.md	X	vendored-agent-tooling
.agents/skills/bmad-tea/resources/knowledge/webhook-risk-guidance.md	X	vendored-agent-tooling
.agents/skills/bmad-tea/resources/knowledge/webhook-template-matchers.md	X	vendored-agent-tooling
.agents/skills/bmad-tea/resources/knowledge/webhook-testing-fundamentals.md	X	vendored-agent-tooling
.agents/skills/bmad-tea/resources/knowledge/webhook-timeout-error.md	X	vendored-agent-tooling
.agents/skills/bmad-tea/resources/knowledge/webhook-waiting-querying.md	X	vendored-agent-tooling
.agents/skills/bmad-tea/resources/tea-index.csv	X	vendored-agent-tooling
.agents/skills/bmad-teach-me-testing/SKILL.md	X	vendored-agent-tooling
.agents/skills/bmad-teach-me-testing/checklist.md	X	vendored-agent-tooling
.agents/skills/bmad-teach-me-testing/customize.toml	X	vendored-agent-tooling
.agents/skills/bmad-teach-me-testing/data/curriculum.yaml	X	vendored-agent-tooling
.agents/skills/bmad-teach-me-testing/data/quiz-questions.yaml	X	vendored-agent-tooling
.agents/skills/bmad-teach-me-testing/data/role-paths.yaml	X	vendored-agent-tooling
.agents/skills/bmad-teach-me-testing/data/session-content-map.yaml	X	vendored-agent-tooling
.agents/skills/bmad-teach-me-testing/data/tea-resources-index.yaml	X	vendored-agent-tooling
.agents/skills/bmad-teach-me-testing/instructions.md	X	vendored-agent-tooling
.agents/skills/bmad-teach-me-testing/steps-c/step-01-init.md	X	vendored-agent-tooling
.agents/skills/bmad-teach-me-testing/steps-c/step-01b-continue.md	X	vendored-agent-tooling
.agents/skills/bmad-teach-me-testing/steps-c/step-02-assess.md	X	vendored-agent-tooling
.agents/skills/bmad-teach-me-testing/steps-c/step-03-session-menu.md	X	vendored-agent-tooling
.agents/skills/bmad-teach-me-testing/steps-c/step-04-session-01.md	X	vendored-agent-tooling
.agents/skills/bmad-teach-me-testing/steps-c/step-04-session-02.md	X	vendored-agent-tooling
.agents/skills/bmad-teach-me-testing/steps-c/step-04-session-03.md	X	vendored-agent-tooling
.agents/skills/bmad-teach-me-testing/steps-c/step-04-session-04.md	X	vendored-agent-tooling
.agents/skills/bmad-teach-me-testing/steps-c/step-04-session-05.md	X	vendored-agent-tooling
.agents/skills/bmad-teach-me-testing/steps-c/step-04-session-06.md	X	vendored-agent-tooling
.agents/skills/bmad-teach-me-testing/steps-c/step-04-session-07.md	X	vendored-agent-tooling
.agents/skills/bmad-teach-me-testing/steps-c/step-05-completion.md	X	vendored-agent-tooling
.agents/skills/bmad-teach-me-testing/steps-e/step-e-01-assess-workflow.md	X	vendored-agent-tooling
.agents/skills/bmad-teach-me-testing/steps-e/step-e-02-apply-edits.md	X	vendored-agent-tooling
.agents/skills/bmad-teach-me-testing/steps-v/step-v-01-validate.md	X	vendored-agent-tooling
.agents/skills/bmad-teach-me-testing/templates/certificate-template.md	X	vendored-agent-tooling
.agents/skills/bmad-teach-me-testing/templates/progress-template.yaml	X	vendored-agent-tooling
.agents/skills/bmad-teach-me-testing/templates/session-notes-template.md	X	vendored-agent-tooling
.agents/skills/bmad-teach-me-testing/workflow-plan-teach-me-testing.md	X	vendored-agent-tooling
.agents/skills/bmad-tech-writer/SKILL.md	X	vendored-agent-tooling
.agents/skills/bmad-technical-research/SKILL.md	X	vendored-agent-tooling
.agents/skills/bmad-technical-research/customize.toml	X	vendored-agent-tooling
.agents/skills/bmad-technical-research/research.template.md	X	vendored-agent-tooling
.agents/skills/bmad-technical-research/technical-steps/step-01-init.md	X	vendored-agent-tooling
.agents/skills/bmad-technical-research/technical-steps/step-02-technical-overview.md	X	vendored-agent-tooling
.agents/skills/bmad-technical-research/technical-steps/step-03-integration-patterns.md	X	vendored-agent-tooling
.agents/skills/bmad-technical-research/technical-steps/step-04-architectural-patterns.md	X	vendored-agent-tooling
.agents/skills/bmad-technical-research/technical-steps/step-05-implementation-research.md	X	vendored-agent-tooling
.agents/skills/bmad-technical-research/technical-steps/step-06-research-synthesis.md	X	vendored-agent-tooling
.agents/skills/bmad-testarch-atdd/SKILL.md	X	vendored-agent-tooling
.agents/skills/bmad-testarch-atdd/atdd-checklist-template.md	X	vendored-agent-tooling
.agents/skills/bmad-testarch-atdd/checklist.md	X	vendored-agent-tooling
.agents/skills/bmad-testarch-atdd/customize.toml	X	vendored-agent-tooling
.agents/skills/bmad-testarch-atdd/instructions.md	X	vendored-agent-tooling
.agents/skills/bmad-testarch-atdd/resources/knowledge/adr-quality-readiness-checklist.md	X	vendored-agent-tooling
.agents/skills/bmad-testarch-atdd/resources/knowledge/api-request.md	X	vendored-agent-tooling
.agents/skills/bmad-testarch-atdd/resources/knowledge/api-testing-patterns.md	X	vendored-agent-tooling
.agents/skills/bmad-testarch-atdd/resources/knowledge/auth-session.md	X	vendored-agent-tooling
.agents/skills/bmad-testarch-atdd/resources/knowledge/burn-in.md	X	vendored-agent-tooling
.agents/skills/bmad-testarch-atdd/resources/knowledge/ci-burn-in.md	X	vendored-agent-tooling
.agents/skills/bmad-testarch-atdd/resources/knowledge/component-tdd.md	X	vendored-agent-tooling
.agents/skills/bmad-testarch-atdd/resources/knowledge/contract-testing.md	X	vendored-agent-tooling
.agents/skills/bmad-testarch-atdd/resources/knowledge/data-factories.md	X	vendored-agent-tooling
.agents/skills/bmad-testarch-atdd/resources/knowledge/email-auth.md	X	vendored-agent-tooling
.agents/skills/bmad-testarch-atdd/resources/knowledge/error-handling.md	X	vendored-agent-tooling
.agents/skills/bmad-testarch-atdd/resources/knowledge/feature-flags.md	X	vendored-agent-tooling
.agents/skills/bmad-testarch-atdd/resources/knowledge/file-utils.md	X	vendored-agent-tooling
.agents/skills/bmad-testarch-atdd/resources/knowledge/fixture-architecture.md	X	vendored-agent-tooling
.agents/skills/bmad-testarch-atdd/resources/knowledge/fixtures-composition.md	X	vendored-agent-tooling
.agents/skills/bmad-testarch-atdd/resources/knowledge/intercept-network-call.md	X	vendored-agent-tooling
.agents/skills/bmad-testarch-atdd/resources/knowledge/log.md	X	vendored-agent-tooling
.agents/skills/bmad-testarch-atdd/resources/knowledge/network-error-monitor.md	X	vendored-agent-tooling
.agents/skills/bmad-testarch-atdd/resources/knowledge/network-first.md	X	vendored-agent-tooling
.agents/skills/bmad-testarch-atdd/resources/knowledge/network-recorder.md	X	vendored-agent-tooling
.agents/skills/bmad-testarch-atdd/resources/knowledge/nfr-criteria.md	X	vendored-agent-tooling
.agents/skills/bmad-testarch-atdd/resources/knowledge/overview.md	X	vendored-agent-tooling
.agents/skills/bmad-testarch-atdd/resources/knowledge/pact-broker-webhooks.md	X	vendored-agent-tooling
.agents/skills/bmad-testarch-atdd/resources/knowledge/pact-consumer-di.md	X	vendored-agent-tooling
.agents/skills/bmad-testarch-atdd/resources/knowledge/pact-consumer-framework-setup.md	X	vendored-agent-tooling
.agents/skills/bmad-testarch-atdd/resources/knowledge/pact-mcp.md	X	vendored-agent-tooling
.agents/skills/bmad-testarch-atdd/resources/knowledge/pactjs-utils-consumer-helpers.md	X	vendored-agent-tooling
.agents/skills/bmad-testarch-atdd/resources/knowledge/pactjs-utils-overview.md	X	vendored-agent-tooling
.agents/skills/bmad-testarch-atdd/resources/knowledge/pactjs-utils-provider-verifier.md	X	vendored-agent-tooling
.agents/skills/bmad-testarch-atdd/resources/knowledge/pactjs-utils-request-filter.md	X	vendored-agent-tooling
.agents/skills/bmad-testarch-atdd/resources/knowledge/pactjs-utils-zod-to-pact.md	X	vendored-agent-tooling
.agents/skills/bmad-testarch-atdd/resources/knowledge/playwright-cli.md	X	vendored-agent-tooling
.agents/skills/bmad-testarch-atdd/resources/knowledge/playwright-config.md	X	vendored-agent-tooling
.agents/skills/bmad-testarch-atdd/resources/knowledge/probability-impact.md	X	vendored-agent-tooling
.agents/skills/bmad-testarch-atdd/resources/knowledge/recurse.md	X	vendored-agent-tooling
.agents/skills/bmad-testarch-atdd/resources/knowledge/risk-governance.md	X	vendored-agent-tooling
.agents/skills/bmad-testarch-atdd/resources/knowledge/selective-testing.md	X	vendored-agent-tooling
.agents/skills/bmad-testarch-atdd/resources/knowledge/selector-resilience.md	X	vendored-agent-tooling
.agents/skills/bmad-testarch-atdd/resources/knowledge/test-healing-patterns.md	X	vendored-agent-tooling
.agents/skills/bmad-testarch-atdd/resources/knowledge/test-levels-framework.md	X	vendored-agent-tooling
.agents/skills/bmad-testarch-atdd/resources/knowledge/test-priorities-matrix.md	X	vendored-agent-tooling
.agents/skills/bmad-testarch-atdd/resources/knowledge/test-quality.md	X	vendored-agent-tooling
.agents/skills/bmad-testarch-atdd/resources/knowledge/timing-debugging.md	X	vendored-agent-tooling
.agents/skills/bmad-testarch-atdd/resources/knowledge/visual-debugging.md	X	vendored-agent-tooling
.agents/skills/bmad-testarch-atdd/resources/knowledge/webhook-module-setup.md	X	vendored-agent-tooling
.agents/skills/bmad-testarch-atdd/resources/knowledge/webhook-providers.md	X	vendored-agent-tooling
.agents/skills/bmad-testarch-atdd/resources/knowledge/webhook-risk-guidance.md	X	vendored-agent-tooling
.agents/skills/bmad-testarch-atdd/resources/knowledge/webhook-template-matchers.md	X	vendored-agent-tooling
.agents/skills/bmad-testarch-atdd/resources/knowledge/webhook-testing-fundamentals.md	X	vendored-agent-tooling
.agents/skills/bmad-testarch-atdd/resources/knowledge/webhook-timeout-error.md	X	vendored-agent-tooling
.agents/skills/bmad-testarch-atdd/resources/knowledge/webhook-waiting-querying.md	X	vendored-agent-tooling
.agents/skills/bmad-testarch-atdd/resources/tea-index.csv	X	vendored-agent-tooling
.agents/skills/bmad-testarch-atdd/steps-c/step-01-preflight-and-context.md	X	vendored-agent-tooling
.agents/skills/bmad-testarch-atdd/steps-c/step-01b-resume.md	X	vendored-agent-tooling
.agents/skills/bmad-testarch-atdd/steps-c/step-02-generation-mode.md	X	vendored-agent-tooling
.agents/skills/bmad-testarch-atdd/steps-c/step-03-test-strategy.md	X	vendored-agent-tooling
.agents/skills/bmad-testarch-atdd/steps-c/step-04-generate-tests.md	X	vendored-agent-tooling
.agents/skills/bmad-testarch-atdd/steps-c/step-04a-subagent-api-failing.md	X	vendored-agent-tooling
.agents/skills/bmad-testarch-atdd/steps-c/step-04b-subagent-e2e-failing.md	X	vendored-agent-tooling
.agents/skills/bmad-testarch-atdd/steps-c/step-04c-aggregate.md	X	vendored-agent-tooling
.agents/skills/bmad-testarch-atdd/steps-c/step-05-validate-and-complete.md	X	vendored-agent-tooling
.agents/skills/bmad-testarch-atdd/steps-e/step-01-assess.md	X	vendored-agent-tooling
.agents/skills/bmad-testarch-atdd/steps-e/step-02-apply-edit.md	X	vendored-agent-tooling
.agents/skills/bmad-testarch-atdd/steps-v/step-01-validate.md	X	vendored-agent-tooling
.agents/skills/bmad-testarch-atdd/validation-report-20260127-095021.md	X	vendored-agent-tooling
.agents/skills/bmad-testarch-atdd/validation-report-20260127-102401.md	X	vendored-agent-tooling
.agents/skills/bmad-testarch-atdd/workflow-plan.md	X	vendored-agent-tooling
.agents/skills/bmad-testarch-atdd/workflow.yaml	X	vendored-agent-tooling
.agents/skills/bmad-testarch-automate/SKILL.md	X	vendored-agent-tooling
.agents/skills/bmad-testarch-automate/checklist.md	X	vendored-agent-tooling
.agents/skills/bmad-testarch-automate/customize.toml	X	vendored-agent-tooling
.agents/skills/bmad-testarch-automate/instructions.md	X	vendored-agent-tooling
.agents/skills/bmad-testarch-automate/resources/knowledge/adr-quality-readiness-checklist.md	X	vendored-agent-tooling
.agents/skills/bmad-testarch-automate/resources/knowledge/api-request.md	X	vendored-agent-tooling
.agents/skills/bmad-testarch-automate/resources/knowledge/api-testing-patterns.md	X	vendored-agent-tooling
.agents/skills/bmad-testarch-automate/resources/knowledge/auth-session.md	X	vendored-agent-tooling
.agents/skills/bmad-testarch-automate/resources/knowledge/burn-in.md	X	vendored-agent-tooling
.agents/skills/bmad-testarch-automate/resources/knowledge/ci-burn-in.md	X	vendored-agent-tooling
.agents/skills/bmad-testarch-automate/resources/knowledge/component-tdd.md	X	vendored-agent-tooling
.agents/skills/bmad-testarch-automate/resources/knowledge/contract-testing.md	X	vendored-agent-tooling
.agents/skills/bmad-testarch-automate/resources/knowledge/data-factories.md	X	vendored-agent-tooling
.agents/skills/bmad-testarch-automate/resources/knowledge/email-auth.md	X	vendored-agent-tooling
.agents/skills/bmad-testarch-automate/resources/knowledge/error-handling.md	X	vendored-agent-tooling
.agents/skills/bmad-testarch-automate/resources/knowledge/feature-flags.md	X	vendored-agent-tooling
.agents/skills/bmad-testarch-automate/resources/knowledge/file-utils.md	X	vendored-agent-tooling
.agents/skills/bmad-testarch-automate/resources/knowledge/fixture-architecture.md	X	vendored-agent-tooling
.agents/skills/bmad-testarch-automate/resources/knowledge/fixtures-composition.md	X	vendored-agent-tooling
.agents/skills/bmad-testarch-automate/resources/knowledge/intercept-network-call.md	X	vendored-agent-tooling
.agents/skills/bmad-testarch-automate/resources/knowledge/log.md	X	vendored-agent-tooling
.agents/skills/bmad-testarch-automate/resources/knowledge/network-error-monitor.md	X	vendored-agent-tooling
.agents/skills/bmad-testarch-automate/resources/knowledge/network-first.md	X	vendored-agent-tooling
.agents/skills/bmad-testarch-automate/resources/knowledge/network-recorder.md	X	vendored-agent-tooling
.agents/skills/bmad-testarch-automate/resources/knowledge/nfr-criteria.md	X	vendored-agent-tooling
.agents/skills/bmad-testarch-automate/resources/knowledge/overview.md	X	vendored-agent-tooling
.agents/skills/bmad-testarch-automate/resources/knowledge/pact-broker-webhooks.md	X	vendored-agent-tooling
.agents/skills/bmad-testarch-automate/resources/knowledge/pact-consumer-di.md	X	vendored-agent-tooling
.agents/skills/bmad-testarch-automate/resources/knowledge/pact-consumer-framework-setup.md	X	vendored-agent-tooling
.agents/skills/bmad-testarch-automate/resources/knowledge/pact-mcp.md	X	vendored-agent-tooling
.agents/skills/bmad-testarch-automate/resources/knowledge/pactjs-utils-consumer-helpers.md	X	vendored-agent-tooling
.agents/skills/bmad-testarch-automate/resources/knowledge/pactjs-utils-overview.md	X	vendored-agent-tooling
.agents/skills/bmad-testarch-automate/resources/knowledge/pactjs-utils-provider-verifier.md	X	vendored-agent-tooling
.agents/skills/bmad-testarch-automate/resources/knowledge/pactjs-utils-request-filter.md	X	vendored-agent-tooling
.agents/skills/bmad-testarch-automate/resources/knowledge/playwright-cli.md	X	vendored-agent-tooling
.agents/skills/bmad-testarch-automate/resources/knowledge/playwright-config.md	X	vendored-agent-tooling
.agents/skills/bmad-testarch-automate/resources/knowledge/probability-impact.md	X	vendored-agent-tooling
.agents/skills/bmad-testarch-automate/resources/knowledge/recurse.md	X	vendored-agent-tooling
.agents/skills/bmad-testarch-automate/resources/knowledge/risk-governance.md	X	vendored-agent-tooling
.agents/skills/bmad-testarch-automate/resources/knowledge/selective-testing.md	X	vendored-agent-tooling
.agents/skills/bmad-testarch-automate/resources/knowledge/selector-resilience.md	X	vendored-agent-tooling
.agents/skills/bmad-testarch-automate/resources/knowledge/test-healing-patterns.md	X	vendored-agent-tooling
.agents/skills/bmad-testarch-automate/resources/knowledge/test-levels-framework.md	X	vendored-agent-tooling
.agents/skills/bmad-testarch-automate/resources/knowledge/test-priorities-matrix.md	X	vendored-agent-tooling
.agents/skills/bmad-testarch-automate/resources/knowledge/test-quality.md	X	vendored-agent-tooling
.agents/skills/bmad-testarch-automate/resources/knowledge/timing-debugging.md	X	vendored-agent-tooling
.agents/skills/bmad-testarch-automate/resources/knowledge/visual-debugging.md	X	vendored-agent-tooling
.agents/skills/bmad-testarch-automate/resources/knowledge/webhook-module-setup.md	X	vendored-agent-tooling
.agents/skills/bmad-testarch-automate/resources/knowledge/webhook-providers.md	X	vendored-agent-tooling
.agents/skills/bmad-testarch-automate/resources/knowledge/webhook-risk-guidance.md	X	vendored-agent-tooling
.agents/skills/bmad-testarch-automate/resources/knowledge/webhook-template-matchers.md	X	vendored-agent-tooling
.agents/skills/bmad-testarch-automate/resources/knowledge/webhook-testing-fundamentals.md	X	vendored-agent-tooling
.agents/skills/bmad-testarch-automate/resources/knowledge/webhook-timeout-error.md	X	vendored-agent-tooling
.agents/skills/bmad-testarch-automate/resources/knowledge/webhook-waiting-querying.md	X	vendored-agent-tooling
.agents/skills/bmad-testarch-automate/resources/tea-index.csv	X	vendored-agent-tooling
.agents/skills/bmad-testarch-automate/steps-c/step-01-preflight-and-context.md	X	vendored-agent-tooling
.agents/skills/bmad-testarch-automate/steps-c/step-01b-resume.md	X	vendored-agent-tooling
.agents/skills/bmad-testarch-automate/steps-c/step-02-identify-targets.md	X	vendored-agent-tooling
.agents/skills/bmad-testarch-automate/steps-c/step-03-generate-tests.md	X	vendored-agent-tooling
.agents/skills/bmad-testarch-automate/steps-c/step-03a-subagent-api.md	X	vendored-agent-tooling
.agents/skills/bmad-testarch-automate/steps-c/step-03b-subagent-backend.md	X	vendored-agent-tooling
.agents/skills/bmad-testarch-automate/steps-c/step-03b-subagent-e2e.md	X	vendored-agent-tooling
.agents/skills/bmad-testarch-automate/steps-c/step-03c-aggregate.md	X	vendored-agent-tooling
.agents/skills/bmad-testarch-automate/steps-c/step-04-validate-and-summarize.md	X	vendored-agent-tooling
.agents/skills/bmad-testarch-automate/steps-e/step-01-assess.md	X	vendored-agent-tooling
.agents/skills/bmad-testarch-automate/steps-e/step-02-apply-edit.md	X	vendored-agent-tooling
.agents/skills/bmad-testarch-automate/steps-v/step-01-validate.md	X	vendored-agent-tooling
.agents/skills/bmad-testarch-automate/validation-report-20260127-095021.md	X	vendored-agent-tooling
.agents/skills/bmad-testarch-automate/validation-report-20260127-102401.md	X	vendored-agent-tooling
.agents/skills/bmad-testarch-automate/workflow-plan.md	X	vendored-agent-tooling
.agents/skills/bmad-testarch-automate/workflow.yaml	X	vendored-agent-tooling
.agents/skills/bmad-testarch-ci/SKILL.md	X	vendored-agent-tooling
.agents/skills/bmad-testarch-ci/azure-pipelines-template.yaml	X	vendored-agent-tooling
.agents/skills/bmad-testarch-ci/checklist.md	X	vendored-agent-tooling
.agents/skills/bmad-testarch-ci/customize.toml	X	vendored-agent-tooling
.agents/skills/bmad-testarch-ci/github-actions-template.yaml	X	vendored-agent-tooling
.agents/skills/bmad-testarch-ci/gitlab-ci-template.yaml	X	vendored-agent-tooling
.agents/skills/bmad-testarch-ci/harness-pipeline-template.yaml	X	vendored-agent-tooling
.agents/skills/bmad-testarch-ci/instructions.md	X	vendored-agent-tooling
.agents/skills/bmad-testarch-ci/jenkins-pipeline-template.groovy	X	vendored-agent-tooling
.agents/skills/bmad-testarch-ci/resources/knowledge/adr-quality-readiness-checklist.md	X	vendored-agent-tooling
.agents/skills/bmad-testarch-ci/resources/knowledge/api-request.md	X	vendored-agent-tooling
.agents/skills/bmad-testarch-ci/resources/knowledge/api-testing-patterns.md	X	vendored-agent-tooling
.agents/skills/bmad-testarch-ci/resources/knowledge/auth-session.md	X	vendored-agent-tooling
.agents/skills/bmad-testarch-ci/resources/knowledge/burn-in.md	X	vendored-agent-tooling
.agents/skills/bmad-testarch-ci/resources/knowledge/ci-burn-in.md	X	vendored-agent-tooling
.agents/skills/bmad-testarch-ci/resources/knowledge/component-tdd.md	X	vendored-agent-tooling
.agents/skills/bmad-testarch-ci/resources/knowledge/contract-testing.md	X	vendored-agent-tooling
.agents/skills/bmad-testarch-ci/resources/knowledge/data-factories.md	X	vendored-agent-tooling
.agents/skills/bmad-testarch-ci/resources/knowledge/email-auth.md	X	vendored-agent-tooling
.agents/skills/bmad-testarch-ci/resources/knowledge/error-handling.md	X	vendored-agent-tooling
.agents/skills/bmad-testarch-ci/resources/knowledge/feature-flags.md	X	vendored-agent-tooling
.agents/skills/bmad-testarch-ci/resources/knowledge/file-utils.md	X	vendored-agent-tooling
.agents/skills/bmad-testarch-ci/resources/knowledge/fixture-architecture.md	X	vendored-agent-tooling
.agents/skills/bmad-testarch-ci/resources/knowledge/fixtures-composition.md	X	vendored-agent-tooling
.agents/skills/bmad-testarch-ci/resources/knowledge/intercept-network-call.md	X	vendored-agent-tooling
.agents/skills/bmad-testarch-ci/resources/knowledge/log.md	X	vendored-agent-tooling
.agents/skills/bmad-testarch-ci/resources/knowledge/network-error-monitor.md	X	vendored-agent-tooling
.agents/skills/bmad-testarch-ci/resources/knowledge/network-first.md	X	vendored-agent-tooling
.agents/skills/bmad-testarch-ci/resources/knowledge/network-recorder.md	X	vendored-agent-tooling
.agents/skills/bmad-testarch-ci/resources/knowledge/nfr-criteria.md	X	vendored-agent-tooling
.agents/skills/bmad-testarch-ci/resources/knowledge/overview.md	X	vendored-agent-tooling
.agents/skills/bmad-testarch-ci/resources/knowledge/pact-broker-webhooks.md	X	vendored-agent-tooling
.agents/skills/bmad-testarch-ci/resources/knowledge/pact-consumer-di.md	X	vendored-agent-tooling
.agents/skills/bmad-testarch-ci/resources/knowledge/pact-consumer-framework-setup.md	X	vendored-agent-tooling
.agents/skills/bmad-testarch-ci/resources/knowledge/pact-mcp.md	X	vendored-agent-tooling
.agents/skills/bmad-testarch-ci/resources/knowledge/pactjs-utils-consumer-helpers.md	X	vendored-agent-tooling
.agents/skills/bmad-testarch-ci/resources/knowledge/pactjs-utils-overview.md	X	vendored-agent-tooling
.agents/skills/bmad-testarch-ci/resources/knowledge/pactjs-utils-provider-verifier.md	X	vendored-agent-tooling
.agents/skills/bmad-testarch-ci/resources/knowledge/pactjs-utils-request-filter.md	X	vendored-agent-tooling
.agents/skills/bmad-testarch-ci/resources/knowledge/playwright-cli.md	X	vendored-agent-tooling
.agents/skills/bmad-testarch-ci/resources/knowledge/playwright-config.md	X	vendored-agent-tooling
.agents/skills/bmad-testarch-ci/resources/knowledge/probability-impact.md	X	vendored-agent-tooling
.agents/skills/bmad-testarch-ci/resources/knowledge/recurse.md	X	vendored-agent-tooling
.agents/skills/bmad-testarch-ci/resources/knowledge/risk-governance.md	X	vendored-agent-tooling
.agents/skills/bmad-testarch-ci/resources/knowledge/selective-testing.md	X	vendored-agent-tooling
.agents/skills/bmad-testarch-ci/resources/knowledge/selector-resilience.md	X	vendored-agent-tooling
.agents/skills/bmad-testarch-ci/resources/knowledge/test-healing-patterns.md	X	vendored-agent-tooling
.agents/skills/bmad-testarch-ci/resources/knowledge/test-levels-framework.md	X	vendored-agent-tooling
.agents/skills/bmad-testarch-ci/resources/knowledge/test-priorities-matrix.md	X	vendored-agent-tooling
.agents/skills/bmad-testarch-ci/resources/knowledge/test-quality.md	X	vendored-agent-tooling
.agents/skills/bmad-testarch-ci/resources/knowledge/timing-debugging.md	X	vendored-agent-tooling
.agents/skills/bmad-testarch-ci/resources/knowledge/visual-debugging.md	X	vendored-agent-tooling
.agents/skills/bmad-testarch-ci/resources/knowledge/webhook-module-setup.md	X	vendored-agent-tooling
.agents/skills/bmad-testarch-ci/resources/knowledge/webhook-providers.md	X	vendored-agent-tooling
.agents/skills/bmad-testarch-ci/resources/knowledge/webhook-risk-guidance.md	X	vendored-agent-tooling
.agents/skills/bmad-testarch-ci/resources/knowledge/webhook-template-matchers.md	X	vendored-agent-tooling
.agents/skills/bmad-testarch-ci/resources/knowledge/webhook-testing-fundamentals.md	X	vendored-agent-tooling
.agents/skills/bmad-testarch-ci/resources/knowledge/webhook-timeout-error.md	X	vendored-agent-tooling
.agents/skills/bmad-testarch-ci/resources/knowledge/webhook-waiting-querying.md	X	vendored-agent-tooling
.agents/skills/bmad-testarch-ci/resources/tea-index.csv	X	vendored-agent-tooling
.agents/skills/bmad-testarch-ci/steps-c/step-01-preflight.md	X	vendored-agent-tooling
.agents/skills/bmad-testarch-ci/steps-c/step-01b-resume.md	X	vendored-agent-tooling
.agents/skills/bmad-testarch-ci/steps-c/step-02-generate-pipeline.md	X	vendored-agent-tooling
.agents/skills/bmad-testarch-ci/steps-c/step-03-configure-quality-gates.md	X	vendored-agent-tooling
.agents/skills/bmad-testarch-ci/steps-c/step-04-validate-and-summary.md	X	vendored-agent-tooling
.agents/skills/bmad-testarch-ci/steps-e/step-01-assess.md	X	vendored-agent-tooling
.agents/skills/bmad-testarch-ci/steps-e/step-02-apply-edit.md	X	vendored-agent-tooling
.agents/skills/bmad-testarch-ci/steps-v/step-01-validate.md	X	vendored-agent-tooling
.agents/skills/bmad-testarch-ci/validation-report-20260127-095021.md	X	vendored-agent-tooling
.agents/skills/bmad-testarch-ci/validation-report-20260127-102401.md	X	vendored-agent-tooling
.agents/skills/bmad-testarch-ci/workflow-plan.md	X	vendored-agent-tooling
.agents/skills/bmad-testarch-ci/workflow.yaml	X	vendored-agent-tooling
.agents/skills/bmad-testarch-framework/SKILL.md	X	vendored-agent-tooling
.agents/skills/bmad-testarch-framework/checklist.md	X	vendored-agent-tooling
.agents/skills/bmad-testarch-framework/customize.toml	X	vendored-agent-tooling
.agents/skills/bmad-testarch-framework/instructions.md	X	vendored-agent-tooling
.agents/skills/bmad-testarch-framework/resources/knowledge/adr-quality-readiness-checklist.md	X	vendored-agent-tooling
.agents/skills/bmad-testarch-framework/resources/knowledge/api-request.md	X	vendored-agent-tooling
.agents/skills/bmad-testarch-framework/resources/knowledge/api-testing-patterns.md	X	vendored-agent-tooling
.agents/skills/bmad-testarch-framework/resources/knowledge/auth-session.md	X	vendored-agent-tooling
.agents/skills/bmad-testarch-framework/resources/knowledge/burn-in.md	X	vendored-agent-tooling
.agents/skills/bmad-testarch-framework/resources/knowledge/ci-burn-in.md	X	vendored-agent-tooling
.agents/skills/bmad-testarch-framework/resources/knowledge/component-tdd.md	X	vendored-agent-tooling
.agents/skills/bmad-testarch-framework/resources/knowledge/contract-testing.md	X	vendored-agent-tooling
.agents/skills/bmad-testarch-framework/resources/knowledge/data-factories.md	X	vendored-agent-tooling
.agents/skills/bmad-testarch-framework/resources/knowledge/email-auth.md	X	vendored-agent-tooling
.agents/skills/bmad-testarch-framework/resources/knowledge/error-handling.md	X	vendored-agent-tooling
.agents/skills/bmad-testarch-framework/resources/knowledge/feature-flags.md	X	vendored-agent-tooling
.agents/skills/bmad-testarch-framework/resources/knowledge/file-utils.md	X	vendored-agent-tooling
.agents/skills/bmad-testarch-framework/resources/knowledge/fixture-architecture.md	X	vendored-agent-tooling
.agents/skills/bmad-testarch-framework/resources/knowledge/fixtures-composition.md	X	vendored-agent-tooling
.agents/skills/bmad-testarch-framework/resources/knowledge/intercept-network-call.md	X	vendored-agent-tooling
.agents/skills/bmad-testarch-framework/resources/knowledge/log.md	X	vendored-agent-tooling
.agents/skills/bmad-testarch-framework/resources/knowledge/network-error-monitor.md	X	vendored-agent-tooling
.agents/skills/bmad-testarch-framework/resources/knowledge/network-first.md	X	vendored-agent-tooling
.agents/skills/bmad-testarch-framework/resources/knowledge/network-recorder.md	X	vendored-agent-tooling
.agents/skills/bmad-testarch-framework/resources/knowledge/nfr-criteria.md	X	vendored-agent-tooling
.agents/skills/bmad-testarch-framework/resources/knowledge/overview.md	X	vendored-agent-tooling
.agents/skills/bmad-testarch-framework/resources/knowledge/pact-broker-webhooks.md	X	vendored-agent-tooling
.agents/skills/bmad-testarch-framework/resources/knowledge/pact-consumer-di.md	X	vendored-agent-tooling
.agents/skills/bmad-testarch-framework/resources/knowledge/pact-consumer-framework-setup.md	X	vendored-agent-tooling
.agents/skills/bmad-testarch-framework/resources/knowledge/pact-mcp.md	X	vendored-agent-tooling
.agents/skills/bmad-testarch-framework/resources/knowledge/pactjs-utils-consumer-helpers.md	X	vendored-agent-tooling
.agents/skills/bmad-testarch-framework/resources/knowledge/pactjs-utils-overview.md	X	vendored-agent-tooling
.agents/skills/bmad-testarch-framework/resources/knowledge/pactjs-utils-provider-verifier.md	X	vendored-agent-tooling
.agents/skills/bmad-testarch-framework/resources/knowledge/pactjs-utils-request-filter.md	X	vendored-agent-tooling
.agents/skills/bmad-testarch-framework/resources/knowledge/playwright-cli.md	X	vendored-agent-tooling
.agents/skills/bmad-testarch-framework/resources/knowledge/playwright-config.md	X	vendored-agent-tooling
.agents/skills/bmad-testarch-framework/resources/knowledge/probability-impact.md	X	vendored-agent-tooling
.agents/skills/bmad-testarch-framework/resources/knowledge/recurse.md	X	vendored-agent-tooling
.agents/skills/bmad-testarch-framework/resources/knowledge/risk-governance.md	X	vendored-agent-tooling
.agents/skills/bmad-testarch-framework/resources/knowledge/selective-testing.md	X	vendored-agent-tooling
.agents/skills/bmad-testarch-framework/resources/knowledge/selector-resilience.md	X	vendored-agent-tooling
.agents/skills/bmad-testarch-framework/resources/knowledge/test-healing-patterns.md	X	vendored-agent-tooling
.agents/skills/bmad-testarch-framework/resources/knowledge/test-levels-framework.md	X	vendored-agent-tooling
.agents/skills/bmad-testarch-framework/resources/knowledge/test-priorities-matrix.md	X	vendored-agent-tooling
.agents/skills/bmad-testarch-framework/resources/knowledge/test-quality.md	X	vendored-agent-tooling
.agents/skills/bmad-testarch-framework/resources/knowledge/timing-debugging.md	X	vendored-agent-tooling
.agents/skills/bmad-testarch-framework/resources/knowledge/visual-debugging.md	X	vendored-agent-tooling
.agents/skills/bmad-testarch-framework/resources/knowledge/webhook-module-setup.md	X	vendored-agent-tooling
.agents/skills/bmad-testarch-framework/resources/knowledge/webhook-providers.md	X	vendored-agent-tooling
.agents/skills/bmad-testarch-framework/resources/knowledge/webhook-risk-guidance.md	X	vendored-agent-tooling
.agents/skills/bmad-testarch-framework/resources/knowledge/webhook-template-matchers.md	X	vendored-agent-tooling
.agents/skills/bmad-testarch-framework/resources/knowledge/webhook-testing-fundamentals.md	X	vendored-agent-tooling
.agents/skills/bmad-testarch-framework/resources/knowledge/webhook-timeout-error.md	X	vendored-agent-tooling
.agents/skills/bmad-testarch-framework/resources/knowledge/webhook-waiting-querying.md	X	vendored-agent-tooling
.agents/skills/bmad-testarch-framework/resources/tea-index.csv	X	vendored-agent-tooling
.agents/skills/bmad-testarch-framework/steps-c/step-01-preflight.md	X	vendored-agent-tooling
.agents/skills/bmad-testarch-framework/steps-c/step-01b-resume.md	X	vendored-agent-tooling
.agents/skills/bmad-testarch-framework/steps-c/step-02-select-framework.md	X	vendored-agent-tooling
.agents/skills/bmad-testarch-framework/steps-c/step-03-scaffold-framework.md	X	vendored-agent-tooling
.agents/skills/bmad-testarch-framework/steps-c/step-04-docs-and-scripts.md	X	vendored-agent-tooling
.agents/skills/bmad-testarch-framework/steps-c/step-05-validate-and-summary.md	X	vendored-agent-tooling
.agents/skills/bmad-testarch-framework/steps-e/step-01-assess.md	X	vendored-agent-tooling
.agents/skills/bmad-testarch-framework/steps-e/step-02-apply-edit.md	X	vendored-agent-tooling
.agents/skills/bmad-testarch-framework/steps-v/step-01-validate.md	X	vendored-agent-tooling
.agents/skills/bmad-testarch-framework/validation-report-20260127-095021.md	X	vendored-agent-tooling
.agents/skills/bmad-testarch-framework/validation-report-20260127-102401.md	X	vendored-agent-tooling
.agents/skills/bmad-testarch-framework/workflow-plan.md	X	vendored-agent-tooling
.agents/skills/bmad-testarch-framework/workflow.yaml	X	vendored-agent-tooling
.agents/skills/bmad-testarch-nfr/SKILL.md	X	vendored-agent-tooling
.agents/skills/bmad-testarch-nfr/checklist.md	X	vendored-agent-tooling
.agents/skills/bmad-testarch-nfr/customize.toml	X	vendored-agent-tooling
.agents/skills/bmad-testarch-nfr/instructions.md	X	vendored-agent-tooling
.agents/skills/bmad-testarch-nfr/nfr-report-template.md	X	vendored-agent-tooling
.agents/skills/bmad-testarch-nfr/resources/knowledge/adr-quality-readiness-checklist.md	X	vendored-agent-tooling
.agents/skills/bmad-testarch-nfr/resources/knowledge/api-request.md	X	vendored-agent-tooling
.agents/skills/bmad-testarch-nfr/resources/knowledge/api-testing-patterns.md	X	vendored-agent-tooling
.agents/skills/bmad-testarch-nfr/resources/knowledge/auth-session.md	X	vendored-agent-tooling
.agents/skills/bmad-testarch-nfr/resources/knowledge/burn-in.md	X	vendored-agent-tooling
.agents/skills/bmad-testarch-nfr/resources/knowledge/ci-burn-in.md	X	vendored-agent-tooling
.agents/skills/bmad-testarch-nfr/resources/knowledge/component-tdd.md	X	vendored-agent-tooling
.agents/skills/bmad-testarch-nfr/resources/knowledge/contract-testing.md	X	vendored-agent-tooling
.agents/skills/bmad-testarch-nfr/resources/knowledge/data-factories.md	X	vendored-agent-tooling
.agents/skills/bmad-testarch-nfr/resources/knowledge/email-auth.md	X	vendored-agent-tooling
.agents/skills/bmad-testarch-nfr/resources/knowledge/error-handling.md	X	vendored-agent-tooling
.agents/skills/bmad-testarch-nfr/resources/knowledge/feature-flags.md	X	vendored-agent-tooling
.agents/skills/bmad-testarch-nfr/resources/knowledge/file-utils.md	X	vendored-agent-tooling
.agents/skills/bmad-testarch-nfr/resources/knowledge/fixture-architecture.md	X	vendored-agent-tooling
.agents/skills/bmad-testarch-nfr/resources/knowledge/fixtures-composition.md	X	vendored-agent-tooling
.agents/skills/bmad-testarch-nfr/resources/knowledge/intercept-network-call.md	X	vendored-agent-tooling
.agents/skills/bmad-testarch-nfr/resources/knowledge/log.md	X	vendored-agent-tooling
.agents/skills/bmad-testarch-nfr/resources/knowledge/network-error-monitor.md	X	vendored-agent-tooling
.agents/skills/bmad-testarch-nfr/resources/knowledge/network-first.md	X	vendored-agent-tooling
.agents/skills/bmad-testarch-nfr/resources/knowledge/network-recorder.md	X	vendored-agent-tooling
.agents/skills/bmad-testarch-nfr/resources/knowledge/nfr-criteria.md	X	vendored-agent-tooling
.agents/skills/bmad-testarch-nfr/resources/knowledge/overview.md	X	vendored-agent-tooling
.agents/skills/bmad-testarch-nfr/resources/knowledge/pact-broker-webhooks.md	X	vendored-agent-tooling
.agents/skills/bmad-testarch-nfr/resources/knowledge/pact-consumer-di.md	X	vendored-agent-tooling
.agents/skills/bmad-testarch-nfr/resources/knowledge/pact-consumer-framework-setup.md	X	vendored-agent-tooling
.agents/skills/bmad-testarch-nfr/resources/knowledge/pact-mcp.md	X	vendored-agent-tooling
.agents/skills/bmad-testarch-nfr/resources/knowledge/pactjs-utils-consumer-helpers.md	X	vendored-agent-tooling
.agents/skills/bmad-testarch-nfr/resources/knowledge/pactjs-utils-overview.md	X	vendored-agent-tooling
.agents/skills/bmad-testarch-nfr/resources/knowledge/pactjs-utils-provider-verifier.md	X	vendored-agent-tooling
.agents/skills/bmad-testarch-nfr/resources/knowledge/pactjs-utils-request-filter.md	X	vendored-agent-tooling
.agents/skills/bmad-testarch-nfr/resources/knowledge/playwright-cli.md	X	vendored-agent-tooling
.agents/skills/bmad-testarch-nfr/resources/knowledge/playwright-config.md	X	vendored-agent-tooling
.agents/skills/bmad-testarch-nfr/resources/knowledge/probability-impact.md	X	vendored-agent-tooling
.agents/skills/bmad-testarch-nfr/resources/knowledge/recurse.md	X	vendored-agent-tooling
.agents/skills/bmad-testarch-nfr/resources/knowledge/risk-governance.md	X	vendored-agent-tooling
.agents/skills/bmad-testarch-nfr/resources/knowledge/selective-testing.md	X	vendored-agent-tooling
.agents/skills/bmad-testarch-nfr/resources/knowledge/selector-resilience.md	X	vendored-agent-tooling
.agents/skills/bmad-testarch-nfr/resources/knowledge/test-healing-patterns.md	X	vendored-agent-tooling
.agents/skills/bmad-testarch-nfr/resources/knowledge/test-levels-framework.md	X	vendored-agent-tooling
.agents/skills/bmad-testarch-nfr/resources/knowledge/test-priorities-matrix.md	X	vendored-agent-tooling
.agents/skills/bmad-testarch-nfr/resources/knowledge/test-quality.md	X	vendored-agent-tooling
.agents/skills/bmad-testarch-nfr/resources/knowledge/timing-debugging.md	X	vendored-agent-tooling
.agents/skills/bmad-testarch-nfr/resources/knowledge/visual-debugging.md	X	vendored-agent-tooling
.agents/skills/bmad-testarch-nfr/resources/knowledge/webhook-module-setup.md	X	vendored-agent-tooling
.agents/skills/bmad-testarch-nfr/resources/knowledge/webhook-providers.md	X	vendored-agent-tooling
.agents/skills/bmad-testarch-nfr/resources/knowledge/webhook-risk-guidance.md	X	vendored-agent-tooling
.agents/skills/bmad-testarch-nfr/resources/knowledge/webhook-template-matchers.md	X	vendored-agent-tooling
.agents/skills/bmad-testarch-nfr/resources/knowledge/webhook-testing-fundamentals.md	X	vendored-agent-tooling
.agents/skills/bmad-testarch-nfr/resources/knowledge/webhook-timeout-error.md	X	vendored-agent-tooling
.agents/skills/bmad-testarch-nfr/resources/knowledge/webhook-waiting-querying.md	X	vendored-agent-tooling
.agents/skills/bmad-testarch-nfr/resources/tea-index.csv	X	vendored-agent-tooling
.agents/skills/bmad-testarch-nfr/steps-c/step-01-load-context.md	X	vendored-agent-tooling
.agents/skills/bmad-testarch-nfr/steps-c/step-01b-resume.md	X	vendored-agent-tooling
.agents/skills/bmad-testarch-nfr/steps-c/step-02-define-thresholds.md	X	vendored-agent-tooling
.agents/skills/bmad-testarch-nfr/steps-c/step-03-gather-evidence.md	X	vendored-agent-tooling
.agents/skills/bmad-testarch-nfr/steps-c/step-04-evaluate-and-score.md	X	vendored-agent-tooling
.agents/skills/bmad-testarch-nfr/steps-c/step-04a-subagent-security.md	X	vendored-agent-tooling
.agents/skills/bmad-testarch-nfr/steps-c/step-04b-subagent-performance.md	X	vendored-agent-tooling
.agents/skills/bmad-testarch-nfr/steps-c/step-04c-subagent-reliability.md	X	vendored-agent-tooling
.agents/skills/bmad-testarch-nfr/steps-c/step-04d-subagent-scalability.md	X	vendored-agent-tooling
.agents/skills/bmad-testarch-nfr/steps-c/step-04e-aggregate-nfr.md	X	vendored-agent-tooling
.agents/skills/bmad-testarch-nfr/steps-c/step-05-generate-report.md	X	vendored-agent-tooling
.agents/skills/bmad-testarch-nfr/steps-e/step-01-assess.md	X	vendored-agent-tooling
.agents/skills/bmad-testarch-nfr/steps-e/step-02-apply-edit.md	X	vendored-agent-tooling
.agents/skills/bmad-testarch-nfr/steps-v/step-01-validate.md	X	vendored-agent-tooling
.agents/skills/bmad-testarch-nfr/validation-report-20260127-095021.md	X	vendored-agent-tooling
.agents/skills/bmad-testarch-nfr/validation-report-20260127-102401.md	X	vendored-agent-tooling
.agents/skills/bmad-testarch-nfr/workflow-plan.md	X	vendored-agent-tooling
.agents/skills/bmad-testarch-nfr/workflow.yaml	X	vendored-agent-tooling
.agents/skills/bmad-testarch-test-design/SKILL.md	X	vendored-agent-tooling
.agents/skills/bmad-testarch-test-design/checklist.md	X	vendored-agent-tooling
.agents/skills/bmad-testarch-test-design/customize.toml	X	vendored-agent-tooling
.agents/skills/bmad-testarch-test-design/instructions.md	X	vendored-agent-tooling
.agents/skills/bmad-testarch-test-design/resources/knowledge/adr-quality-readiness-checklist.md	X	vendored-agent-tooling
.agents/skills/bmad-testarch-test-design/resources/knowledge/api-request.md	X	vendored-agent-tooling
.agents/skills/bmad-testarch-test-design/resources/knowledge/api-testing-patterns.md	X	vendored-agent-tooling
.agents/skills/bmad-testarch-test-design/resources/knowledge/auth-session.md	X	vendored-agent-tooling
.agents/skills/bmad-testarch-test-design/resources/knowledge/burn-in.md	X	vendored-agent-tooling
.agents/skills/bmad-testarch-test-design/resources/knowledge/ci-burn-in.md	X	vendored-agent-tooling
.agents/skills/bmad-testarch-test-design/resources/knowledge/component-tdd.md	X	vendored-agent-tooling
.agents/skills/bmad-testarch-test-design/resources/knowledge/contract-testing.md	X	vendored-agent-tooling
.agents/skills/bmad-testarch-test-design/resources/knowledge/data-factories.md	X	vendored-agent-tooling
.agents/skills/bmad-testarch-test-design/resources/knowledge/email-auth.md	X	vendored-agent-tooling
.agents/skills/bmad-testarch-test-design/resources/knowledge/error-handling.md	X	vendored-agent-tooling
.agents/skills/bmad-testarch-test-design/resources/knowledge/feature-flags.md	X	vendored-agent-tooling
.agents/skills/bmad-testarch-test-design/resources/knowledge/file-utils.md	X	vendored-agent-tooling
.agents/skills/bmad-testarch-test-design/resources/knowledge/fixture-architecture.md	X	vendored-agent-tooling
.agents/skills/bmad-testarch-test-design/resources/knowledge/fixtures-composition.md	X	vendored-agent-tooling
.agents/skills/bmad-testarch-test-design/resources/knowledge/intercept-network-call.md	X	vendored-agent-tooling
.agents/skills/bmad-testarch-test-design/resources/knowledge/log.md	X	vendored-agent-tooling
.agents/skills/bmad-testarch-test-design/resources/knowledge/network-error-monitor.md	X	vendored-agent-tooling
.agents/skills/bmad-testarch-test-design/resources/knowledge/network-first.md	X	vendored-agent-tooling
.agents/skills/bmad-testarch-test-design/resources/knowledge/network-recorder.md	X	vendored-agent-tooling
.agents/skills/bmad-testarch-test-design/resources/knowledge/nfr-criteria.md	X	vendored-agent-tooling
.agents/skills/bmad-testarch-test-design/resources/knowledge/overview.md	X	vendored-agent-tooling
.agents/skills/bmad-testarch-test-design/resources/knowledge/pact-broker-webhooks.md	X	vendored-agent-tooling
.agents/skills/bmad-testarch-test-design/resources/knowledge/pact-consumer-di.md	X	vendored-agent-tooling
.agents/skills/bmad-testarch-test-design/resources/knowledge/pact-consumer-framework-setup.md	X	vendored-agent-tooling
.agents/skills/bmad-testarch-test-design/resources/knowledge/pact-mcp.md	X	vendored-agent-tooling
.agents/skills/bmad-testarch-test-design/resources/knowledge/pactjs-utils-consumer-helpers.md	X	vendored-agent-tooling
.agents/skills/bmad-testarch-test-design/resources/knowledge/pactjs-utils-overview.md	X	vendored-agent-tooling
.agents/skills/bmad-testarch-test-design/resources/knowledge/pactjs-utils-provider-verifier.md	X	vendored-agent-tooling
.agents/skills/bmad-testarch-test-design/resources/knowledge/pactjs-utils-request-filter.md	X	vendored-agent-tooling
.agents/skills/bmad-testarch-test-design/resources/knowledge/playwright-cli.md	X	vendored-agent-tooling
.agents/skills/bmad-testarch-test-design/resources/knowledge/playwright-config.md	X	vendored-agent-tooling
.agents/skills/bmad-testarch-test-design/resources/knowledge/probability-impact.md	X	vendored-agent-tooling
.agents/skills/bmad-testarch-test-design/resources/knowledge/recurse.md	X	vendored-agent-tooling
.agents/skills/bmad-testarch-test-design/resources/knowledge/risk-governance.md	X	vendored-agent-tooling
.agents/skills/bmad-testarch-test-design/resources/knowledge/selective-testing.md	X	vendored-agent-tooling
.agents/skills/bmad-testarch-test-design/resources/knowledge/selector-resilience.md	X	vendored-agent-tooling
.agents/skills/bmad-testarch-test-design/resources/knowledge/test-healing-patterns.md	X	vendored-agent-tooling
.agents/skills/bmad-testarch-test-design/resources/knowledge/test-levels-framework.md	X	vendored-agent-tooling
.agents/skills/bmad-testarch-test-design/resources/knowledge/test-priorities-matrix.md	X	vendored-agent-tooling
.agents/skills/bmad-testarch-test-design/resources/knowledge/test-quality.md	X	vendored-agent-tooling
.agents/skills/bmad-testarch-test-design/resources/knowledge/timing-debugging.md	X	vendored-agent-tooling
.agents/skills/bmad-testarch-test-design/resources/knowledge/visual-debugging.md	X	vendored-agent-tooling
.agents/skills/bmad-testarch-test-design/resources/knowledge/webhook-module-setup.md	X	vendored-agent-tooling
.agents/skills/bmad-testarch-test-design/resources/knowledge/webhook-providers.md	X	vendored-agent-tooling
.agents/skills/bmad-testarch-test-design/resources/knowledge/webhook-risk-guidance.md	X	vendored-agent-tooling
.agents/skills/bmad-testarch-test-design/resources/knowledge/webhook-template-matchers.md	X	vendored-agent-tooling
.agents/skills/bmad-testarch-test-design/resources/knowledge/webhook-testing-fundamentals.md	X	vendored-agent-tooling
.agents/skills/bmad-testarch-test-design/resources/knowledge/webhook-timeout-error.md	X	vendored-agent-tooling
.agents/skills/bmad-testarch-test-design/resources/knowledge/webhook-waiting-querying.md	X	vendored-agent-tooling
.agents/skills/bmad-testarch-test-design/resources/tea-index.csv	X	vendored-agent-tooling
.agents/skills/bmad-testarch-test-design/steps-c/step-01-detect-mode.md	X	vendored-agent-tooling
.agents/skills/bmad-testarch-test-design/steps-c/step-01b-resume.md	X	vendored-agent-tooling
.agents/skills/bmad-testarch-test-design/steps-c/step-02-load-context.md	X	vendored-agent-tooling
.agents/skills/bmad-testarch-test-design/steps-c/step-03-risk-and-testability.md	X	vendored-agent-tooling
.agents/skills/bmad-testarch-test-design/steps-c/step-04-coverage-plan.md	X	vendored-agent-tooling
.agents/skills/bmad-testarch-test-design/steps-c/step-05-generate-output.md	X	vendored-agent-tooling
.agents/skills/bmad-testarch-test-design/steps-e/step-01-assess.md	X	vendored-agent-tooling
.agents/skills/bmad-testarch-test-design/steps-e/step-02-apply-edit.md	X	vendored-agent-tooling
.agents/skills/bmad-testarch-test-design/steps-v/step-01-validate.md	X	vendored-agent-tooling
.agents/skills/bmad-testarch-test-design/test-design-architecture-template.md	X	vendored-agent-tooling
.agents/skills/bmad-testarch-test-design/test-design-handoff-template.md	X	vendored-agent-tooling
.agents/skills/bmad-testarch-test-design/test-design-qa-template.md	X	vendored-agent-tooling
.agents/skills/bmad-testarch-test-design/test-design-template.md	X	vendored-agent-tooling
.agents/skills/bmad-testarch-test-design/validation-report-20260127-095021.md	X	vendored-agent-tooling
.agents/skills/bmad-testarch-test-design/validation-report-20260127-102401.md	X	vendored-agent-tooling
.agents/skills/bmad-testarch-test-design/workflow-plan.md	X	vendored-agent-tooling
.agents/skills/bmad-testarch-test-design/workflow.yaml	X	vendored-agent-tooling
.agents/skills/bmad-testarch-test-review/SKILL.md	X	vendored-agent-tooling
.agents/skills/bmad-testarch-test-review/checklist.md	X	vendored-agent-tooling
.agents/skills/bmad-testarch-test-review/customize.toml	X	vendored-agent-tooling
.agents/skills/bmad-testarch-test-review/instructions.md	X	vendored-agent-tooling
.agents/skills/bmad-testarch-test-review/resources/knowledge/adr-quality-readiness-checklist.md	X	vendored-agent-tooling
.agents/skills/bmad-testarch-test-review/resources/knowledge/api-request.md	X	vendored-agent-tooling
.agents/skills/bmad-testarch-test-review/resources/knowledge/api-testing-patterns.md	X	vendored-agent-tooling
.agents/skills/bmad-testarch-test-review/resources/knowledge/auth-session.md	X	vendored-agent-tooling
.agents/skills/bmad-testarch-test-review/resources/knowledge/burn-in.md	X	vendored-agent-tooling
.agents/skills/bmad-testarch-test-review/resources/knowledge/ci-burn-in.md	X	vendored-agent-tooling
.agents/skills/bmad-testarch-test-review/resources/knowledge/component-tdd.md	X	vendored-agent-tooling
.agents/skills/bmad-testarch-test-review/resources/knowledge/contract-testing.md	X	vendored-agent-tooling
.agents/skills/bmad-testarch-test-review/resources/knowledge/data-factories.md	X	vendored-agent-tooling
.agents/skills/bmad-testarch-test-review/resources/knowledge/email-auth.md	X	vendored-agent-tooling
.agents/skills/bmad-testarch-test-review/resources/knowledge/error-handling.md	X	vendored-agent-tooling
.agents/skills/bmad-testarch-test-review/resources/knowledge/feature-flags.md	X	vendored-agent-tooling
.agents/skills/bmad-testarch-test-review/resources/knowledge/file-utils.md	X	vendored-agent-tooling
.agents/skills/bmad-testarch-test-review/resources/knowledge/fixture-architecture.md	X	vendored-agent-tooling
.agents/skills/bmad-testarch-test-review/resources/knowledge/fixtures-composition.md	X	vendored-agent-tooling
.agents/skills/bmad-testarch-test-review/resources/knowledge/intercept-network-call.md	X	vendored-agent-tooling
.agents/skills/bmad-testarch-test-review/resources/knowledge/log.md	X	vendored-agent-tooling
.agents/skills/bmad-testarch-test-review/resources/knowledge/network-error-monitor.md	X	vendored-agent-tooling
.agents/skills/bmad-testarch-test-review/resources/knowledge/network-first.md	X	vendored-agent-tooling
.agents/skills/bmad-testarch-test-review/resources/knowledge/network-recorder.md	X	vendored-agent-tooling
.agents/skills/bmad-testarch-test-review/resources/knowledge/nfr-criteria.md	X	vendored-agent-tooling
.agents/skills/bmad-testarch-test-review/resources/knowledge/overview.md	X	vendored-agent-tooling
.agents/skills/bmad-testarch-test-review/resources/knowledge/pact-broker-webhooks.md	X	vendored-agent-tooling
.agents/skills/bmad-testarch-test-review/resources/knowledge/pact-consumer-di.md	X	vendored-agent-tooling
.agents/skills/bmad-testarch-test-review/resources/knowledge/pact-consumer-framework-setup.md	X	vendored-agent-tooling
.agents/skills/bmad-testarch-test-review/resources/knowledge/pact-mcp.md	X	vendored-agent-tooling
.agents/skills/bmad-testarch-test-review/resources/knowledge/pactjs-utils-consumer-helpers.md	X	vendored-agent-tooling
.agents/skills/bmad-testarch-test-review/resources/knowledge/pactjs-utils-overview.md	X	vendored-agent-tooling
.agents/skills/bmad-testarch-test-review/resources/knowledge/pactjs-utils-provider-verifier.md	X	vendored-agent-tooling
.agents/skills/bmad-testarch-test-review/resources/knowledge/pactjs-utils-request-filter.md	X	vendored-agent-tooling
.agents/skills/bmad-testarch-test-review/resources/knowledge/playwright-cli.md	X	vendored-agent-tooling
.agents/skills/bmad-testarch-test-review/resources/knowledge/playwright-config.md	X	vendored-agent-tooling
.agents/skills/bmad-testarch-test-review/resources/knowledge/probability-impact.md	X	vendored-agent-tooling
.agents/skills/bmad-testarch-test-review/resources/knowledge/recurse.md	X	vendored-agent-tooling
.agents/skills/bmad-testarch-test-review/resources/knowledge/risk-governance.md	X	vendored-agent-tooling
.agents/skills/bmad-testarch-test-review/resources/knowledge/selective-testing.md	X	vendored-agent-tooling
.agents/skills/bmad-testarch-test-review/resources/knowledge/selector-resilience.md	X	vendored-agent-tooling
.agents/skills/bmad-testarch-test-review/resources/knowledge/test-healing-patterns.md	X	vendored-agent-tooling
.agents/skills/bmad-testarch-test-review/resources/knowledge/test-levels-framework.md	X	vendored-agent-tooling
.agents/skills/bmad-testarch-test-review/resources/knowledge/test-priorities-matrix.md	X	vendored-agent-tooling
.agents/skills/bmad-testarch-test-review/resources/knowledge/test-quality.md	X	vendored-agent-tooling
.agents/skills/bmad-testarch-test-review/resources/knowledge/timing-debugging.md	X	vendored-agent-tooling
.agents/skills/bmad-testarch-test-review/resources/knowledge/visual-debugging.md	X	vendored-agent-tooling
.agents/skills/bmad-testarch-test-review/resources/knowledge/webhook-module-setup.md	X	vendored-agent-tooling
.agents/skills/bmad-testarch-test-review/resources/knowledge/webhook-providers.md	X	vendored-agent-tooling
.agents/skills/bmad-testarch-test-review/resources/knowledge/webhook-risk-guidance.md	X	vendored-agent-tooling
.agents/skills/bmad-testarch-test-review/resources/knowledge/webhook-template-matchers.md	X	vendored-agent-tooling
.agents/skills/bmad-testarch-test-review/resources/knowledge/webhook-testing-fundamentals.md	X	vendored-agent-tooling
.agents/skills/bmad-testarch-test-review/resources/knowledge/webhook-timeout-error.md	X	vendored-agent-tooling
.agents/skills/bmad-testarch-test-review/resources/knowledge/webhook-waiting-querying.md	X	vendored-agent-tooling
.agents/skills/bmad-testarch-test-review/resources/tea-index.csv	X	vendored-agent-tooling
.agents/skills/bmad-testarch-test-review/steps-c/step-01-load-context.md	X	vendored-agent-tooling
.agents/skills/bmad-testarch-test-review/steps-c/step-01b-resume.md	X	vendored-agent-tooling
.agents/skills/bmad-testarch-test-review/steps-c/step-02-discover-tests.md	X	vendored-agent-tooling
.agents/skills/bmad-testarch-test-review/steps-c/step-03-quality-evaluation.md	X	vendored-agent-tooling
.agents/skills/bmad-testarch-test-review/steps-c/step-03a-subagent-determinism.md	X	vendored-agent-tooling
.agents/skills/bmad-testarch-test-review/steps-c/step-03b-subagent-isolation.md	X	vendored-agent-tooling
.agents/skills/bmad-testarch-test-review/steps-c/step-03c-subagent-maintainability.md	X	vendored-agent-tooling
.agents/skills/bmad-testarch-test-review/steps-c/step-03e-subagent-performance.md	X	vendored-agent-tooling
.agents/skills/bmad-testarch-test-review/steps-c/step-03f-aggregate-scores.md	X	vendored-agent-tooling
.agents/skills/bmad-testarch-test-review/steps-c/step-04-generate-report.md	X	vendored-agent-tooling
.agents/skills/bmad-testarch-test-review/steps-e/step-01-assess.md	X	vendored-agent-tooling
.agents/skills/bmad-testarch-test-review/steps-e/step-02-apply-edit.md	X	vendored-agent-tooling
.agents/skills/bmad-testarch-test-review/steps-v/step-01-validate.md	X	vendored-agent-tooling
.agents/skills/bmad-testarch-test-review/test-review-template.md	X	vendored-agent-tooling
.agents/skills/bmad-testarch-test-review/validation-report-20260127-095021.md	X	vendored-agent-tooling
.agents/skills/bmad-testarch-test-review/validation-report-20260127-102401.md	X	vendored-agent-tooling
.agents/skills/bmad-testarch-test-review/workflow-plan.md	X	vendored-agent-tooling
.agents/skills/bmad-testarch-test-review/workflow.yaml	X	vendored-agent-tooling
.agents/skills/bmad-testarch-trace/SKILL.md	X	vendored-agent-tooling
.agents/skills/bmad-testarch-trace/checklist.md	X	vendored-agent-tooling
.agents/skills/bmad-testarch-trace/customize.toml	X	vendored-agent-tooling
.agents/skills/bmad-testarch-trace/instructions.md	X	vendored-agent-tooling
.agents/skills/bmad-testarch-trace/resources/knowledge/adr-quality-readiness-checklist.md	X	vendored-agent-tooling
.agents/skills/bmad-testarch-trace/resources/knowledge/api-request.md	X	vendored-agent-tooling
.agents/skills/bmad-testarch-trace/resources/knowledge/api-testing-patterns.md	X	vendored-agent-tooling
.agents/skills/bmad-testarch-trace/resources/knowledge/auth-session.md	X	vendored-agent-tooling
.agents/skills/bmad-testarch-trace/resources/knowledge/burn-in.md	X	vendored-agent-tooling
.agents/skills/bmad-testarch-trace/resources/knowledge/ci-burn-in.md	X	vendored-agent-tooling
.agents/skills/bmad-testarch-trace/resources/knowledge/component-tdd.md	X	vendored-agent-tooling
.agents/skills/bmad-testarch-trace/resources/knowledge/contract-testing.md	X	vendored-agent-tooling
.agents/skills/bmad-testarch-trace/resources/knowledge/data-factories.md	X	vendored-agent-tooling
.agents/skills/bmad-testarch-trace/resources/knowledge/email-auth.md	X	vendored-agent-tooling
.agents/skills/bmad-testarch-trace/resources/knowledge/error-handling.md	X	vendored-agent-tooling
.agents/skills/bmad-testarch-trace/resources/knowledge/feature-flags.md	X	vendored-agent-tooling
.agents/skills/bmad-testarch-trace/resources/knowledge/file-utils.md	X	vendored-agent-tooling
.agents/skills/bmad-testarch-trace/resources/knowledge/fixture-architecture.md	X	vendored-agent-tooling
.agents/skills/bmad-testarch-trace/resources/knowledge/fixtures-composition.md	X	vendored-agent-tooling
.agents/skills/bmad-testarch-trace/resources/knowledge/intercept-network-call.md	X	vendored-agent-tooling
.agents/skills/bmad-testarch-trace/resources/knowledge/log.md	X	vendored-agent-tooling
.agents/skills/bmad-testarch-trace/resources/knowledge/network-error-monitor.md	X	vendored-agent-tooling
.agents/skills/bmad-testarch-trace/resources/knowledge/network-first.md	X	vendored-agent-tooling
.agents/skills/bmad-testarch-trace/resources/knowledge/network-recorder.md	X	vendored-agent-tooling
.agents/skills/bmad-testarch-trace/resources/knowledge/nfr-criteria.md	X	vendored-agent-tooling
.agents/skills/bmad-testarch-trace/resources/knowledge/overview.md	X	vendored-agent-tooling
.agents/skills/bmad-testarch-trace/resources/knowledge/pact-broker-webhooks.md	X	vendored-agent-tooling
.agents/skills/bmad-testarch-trace/resources/knowledge/pact-consumer-di.md	X	vendored-agent-tooling
.agents/skills/bmad-testarch-trace/resources/knowledge/pact-consumer-framework-setup.md	X	vendored-agent-tooling
.agents/skills/bmad-testarch-trace/resources/knowledge/pact-mcp.md	X	vendored-agent-tooling
.agents/skills/bmad-testarch-trace/resources/knowledge/pactjs-utils-consumer-helpers.md	X	vendored-agent-tooling
.agents/skills/bmad-testarch-trace/resources/knowledge/pactjs-utils-overview.md	X	vendored-agent-tooling
.agents/skills/bmad-testarch-trace/resources/knowledge/pactjs-utils-provider-verifier.md	X	vendored-agent-tooling
.agents/skills/bmad-testarch-trace/resources/knowledge/pactjs-utils-request-filter.md	X	vendored-agent-tooling
.agents/skills/bmad-testarch-trace/resources/knowledge/playwright-cli.md	X	vendored-agent-tooling
.agents/skills/bmad-testarch-trace/resources/knowledge/playwright-config.md	X	vendored-agent-tooling
.agents/skills/bmad-testarch-trace/resources/knowledge/probability-impact.md	X	vendored-agent-tooling
.agents/skills/bmad-testarch-trace/resources/knowledge/recurse.md	X	vendored-agent-tooling
.agents/skills/bmad-testarch-trace/resources/knowledge/risk-governance.md	X	vendored-agent-tooling
.agents/skills/bmad-testarch-trace/resources/knowledge/selective-testing.md	X	vendored-agent-tooling
.agents/skills/bmad-testarch-trace/resources/knowledge/selector-resilience.md	X	vendored-agent-tooling
.agents/skills/bmad-testarch-trace/resources/knowledge/test-healing-patterns.md	X	vendored-agent-tooling
.agents/skills/bmad-testarch-trace/resources/knowledge/test-levels-framework.md	X	vendored-agent-tooling
.agents/skills/bmad-testarch-trace/resources/knowledge/test-priorities-matrix.md	X	vendored-agent-tooling
.agents/skills/bmad-testarch-trace/resources/knowledge/test-quality.md	X	vendored-agent-tooling
.agents/skills/bmad-testarch-trace/resources/knowledge/timing-debugging.md	X	vendored-agent-tooling
.agents/skills/bmad-testarch-trace/resources/knowledge/visual-debugging.md	X	vendored-agent-tooling
.agents/skills/bmad-testarch-trace/resources/knowledge/webhook-module-setup.md	X	vendored-agent-tooling
.agents/skills/bmad-testarch-trace/resources/knowledge/webhook-providers.md	X	vendored-agent-tooling
.agents/skills/bmad-testarch-trace/resources/knowledge/webhook-risk-guidance.md	X	vendored-agent-tooling
.agents/skills/bmad-testarch-trace/resources/knowledge/webhook-template-matchers.md	X	vendored-agent-tooling
.agents/skills/bmad-testarch-trace/resources/knowledge/webhook-testing-fundamentals.md	X	vendored-agent-tooling
.agents/skills/bmad-testarch-trace/resources/knowledge/webhook-timeout-error.md	X	vendored-agent-tooling
.agents/skills/bmad-testarch-trace/resources/knowledge/webhook-waiting-querying.md	X	vendored-agent-tooling
.agents/skills/bmad-testarch-trace/resources/tea-index.csv	X	vendored-agent-tooling
.agents/skills/bmad-testarch-trace/steps-c/step-01-load-context.md	X	vendored-agent-tooling
.agents/skills/bmad-testarch-trace/steps-c/step-01b-resume.md	X	vendored-agent-tooling
.agents/skills/bmad-testarch-trace/steps-c/step-02-discover-tests.md	X	vendored-agent-tooling
.agents/skills/bmad-testarch-trace/steps-c/step-03-map-criteria.md	X	vendored-agent-tooling
.agents/skills/bmad-testarch-trace/steps-c/step-04-analyze-gaps.md	X	vendored-agent-tooling
.agents/skills/bmad-testarch-trace/steps-c/step-05-gate-decision.md	X	vendored-agent-tooling
.agents/skills/bmad-testarch-trace/steps-e/step-01-assess.md	X	vendored-agent-tooling
.agents/skills/bmad-testarch-trace/steps-e/step-02-apply-edit.md	X	vendored-agent-tooling
.agents/skills/bmad-testarch-trace/steps-v/step-01-validate.md	X	vendored-agent-tooling
.agents/skills/bmad-testarch-trace/trace-template.md	X	vendored-agent-tooling
.agents/skills/bmad-testarch-trace/validation-report-20260127-095021.md	X	vendored-agent-tooling
.agents/skills/bmad-testarch-trace/validation-report-20260127-102401.md	X	vendored-agent-tooling
.agents/skills/bmad-testarch-trace/workflow-plan.md	X	vendored-agent-tooling
.agents/skills/bmad-testarch-trace/workflow.yaml	X	vendored-agent-tooling
.agents/skills/bmad-ux-designer/SKILL.md	X	vendored-agent-tooling
.agents/skills/bmad-ux/SKILL.md	X	vendored-agent-tooling
.agents/skills/bmad-ux/assets/color-themes.md	X	vendored-agent-tooling
.agents/skills/bmad-ux/assets/design-directions.md	X	vendored-agent-tooling
.agents/skills/bmad-ux/assets/design-example-editorial.md	X	vendored-agent-tooling
.agents/skills/bmad-ux/assets/design-example-mobile.md	X	vendored-agent-tooling
.agents/skills/bmad-ux/assets/design-example-shadcn.md	X	vendored-agent-tooling
.agents/skills/bmad-ux/assets/excalidraw-wireframe.md	X	vendored-agent-tooling
.agents/skills/bmad-ux/assets/experience-example-mobile.md	X	vendored-agent-tooling
.agents/skills/bmad-ux/assets/experience-example-shadcn.md	X	vendored-agent-tooling
.agents/skills/bmad-ux/assets/headless-schemas.md	X	vendored-agent-tooling
.agents/skills/bmad-ux/assets/key-screens.md	X	vendored-agent-tooling
.agents/skills/bmad-ux/assets/validation-report-template.html	X	vendored-agent-tooling
.agents/skills/bmad-ux/customize.toml	X	vendored-agent-tooling
.agents/skills/bmad-ux/references/creative-tools.md	X	vendored-agent-tooling
.agents/skills/bmad-ux/references/design-md-spec.md	X	vendored-agent-tooling
.agents/skills/bmad-ux/references/headless.md	X	vendored-agent-tooling
.agents/skills/bmad-ux/references/validate.md	X	vendored-agent-tooling
.agents/skills/bmad-validate-prd/SKILL.md	X	vendored-agent-tooling
.agents/skills/bmad-validate-prd/customize.toml	X	vendored-agent-tooling
.agents/skills/bmad-wds-Modular Component Architecture/SKILL.md	X	vendored-agent-tooling
.agents/skills/bmad-wds-Object Type Router/SKILL.md	X	vendored-agent-tooling
.agents/skills/bmad-wds-acceptance-test/SKILL.md	X	vendored-agent-tooling
.agents/skills/bmad-wds-acceptance-testing/SKILL.md	X	vendored-agent-tooling
.agents/skills/bmad-wds-agentic-development/SKILL.md	X	vendored-agent-tooling
.agents/skills/bmad-wds-alignment-signoff/SKILL.md	X	vendored-agent-tooling
.agents/skills/bmad-wds-analysis/SKILL.md	X	vendored-agent-tooling
.agents/skills/bmad-wds-analyze-product/SKILL.md	X	vendored-agent-tooling
.agents/skills/bmad-wds-asset-generation/SKILL.md	X	vendored-agent-tooling
.agents/skills/bmad-wds-browse-design-system/SKILL.md	X	vendored-agent-tooling
.agents/skills/bmad-wds-bugfixing/SKILL.md	X	vendored-agent-tooling
.agents/skills/bmad-wds-content-creation/SKILL.md	X	vendored-agent-tooling
.agents/skills/bmad-wds-create-design-system/SKILL.md	X	vendored-agent-tooling
.agents/skills/bmad-wds-deploy/SKILL.md	X	vendored-agent-tooling
.agents/skills/bmad-wds-design-solution/SKILL.md	X	vendored-agent-tooling
.agents/skills/bmad-wds-design-system/SKILL.md	X	vendored-agent-tooling
.agents/skills/bmad-wds-development/SKILL.md	X	vendored-agent-tooling
.agents/skills/bmad-wds-edit-components/SKILL.md	X	vendored-agent-tooling
.agents/skills/bmad-wds-evolution/SKILL.md	X	vendored-agent-tooling
.agents/skills/bmad-wds-figma-integration/SKILL.md	X	vendored-agent-tooling
.agents/skills/bmad-wds-handover/SKILL.md	X	vendored-agent-tooling
.agents/skills/bmad-wds-icons/SKILL.md	X	vendored-agent-tooling
.agents/skills/bmad-wds-images/SKILL.md	X	vendored-agent-tooling
.agents/skills/bmad-wds-implement/SKILL.md	X	vendored-agent-tooling
.agents/skills/bmad-wds-import-design-system/SKILL.md	X	vendored-agent-tooling
.agents/skills/bmad-wds-page-designs/SKILL.md	X	vendored-agent-tooling
.agents/skills/bmad-wds-product-evolution/SKILL.md	X	vendored-agent-tooling
.agents/skills/bmad-wds-project-brief/SKILL.md	X	vendored-agent-tooling
.agents/skills/bmad-wds-project-setup/SKILL.md	X	vendored-agent-tooling
.agents/skills/bmad-wds-prototyping/SKILL.md	X	vendored-agent-tooling
.agents/skills/bmad-wds-reverse-engineering/SKILL.md	X	vendored-agent-tooling
.agents/skills/bmad-wds-scenarios-validate/SKILL.md	X	vendored-agent-tooling
.agents/skills/bmad-wds-scenarios/SKILL.md	X	vendored-agent-tooling
.agents/skills/bmad-wds-scope-improvement/SKILL.md	X	vendored-agent-tooling
.agents/skills/bmad-wds-stitch-generation/SKILL.md	X	vendored-agent-tooling
.agents/skills/bmad-wds-trigger-mapping-validate/SKILL.md	X	vendored-agent-tooling
.agents/skills/bmad-wds-trigger-mapping/SKILL.md	X	vendored-agent-tooling
.agents/skills/bmad-wds-ui-elements/SKILL.md	X	vendored-agent-tooling
.agents/skills/bmad-wds-ux-design/SKILL.md	X	vendored-agent-tooling
.agents/skills/bmad-wds-videos/SKILL.md	X	vendored-agent-tooling
.agents/skills/bmad-wds-view-components/SKILL.md	X	vendored-agent-tooling
.agents/skills/bmad-wds-wireframes/SKILL.md	X	vendored-agent-tooling
.agents/skills/bmad-wds-workflow-design-system/SKILL.md	X	vendored-agent-tooling
.agents/skills/bmad-wds-workflow-discuss/SKILL.md	X	vendored-agent-tooling
.agents/skills/bmad-wds-workflow-dream/SKILL.md	X	vendored-agent-tooling
.agents/skills/bmad-wds-workflow-sketch/SKILL.md	X	vendored-agent-tooling
.agents/skills/bmad-wds-workflow-specify/SKILL.md	X	vendored-agent-tooling
.agents/skills/bmad-wds-workflow-suggest/SKILL.md	X	vendored-agent-tooling
.agents/skills/bmad-wds-workflow-validate/SKILL.md	X	vendored-agent-tooling
.agents/skills/bmad-wds-workflow-visual/SKILL.md	X	vendored-agent-tooling
.agents/skills/memory/SKILL.md	X	vendored-agent-tooling
.agents/skills/sync/SKILL.md	X	vendored-agent-tooling
.agents/skills/wds-0-alignment-signoff/SKILL.md	X	vendored-agent-tooling
.agents/skills/wds-0-alignment-signoff/data/01-start-understand-routing.md	X	vendored-agent-tooling
.agents/skills/wds-0-alignment-signoff/data/02-explore-sections-routing.md	X	vendored-agent-tooling
.agents/skills/wds-0-alignment-signoff/data/03-synthesize-present-routing.md	X	vendored-agent-tooling
.agents/skills/wds-0-alignment-signoff/data/04-generate-signoff-routing.md	X	vendored-agent-tooling
.agents/skills/wds-0-alignment-signoff/data/05-build-contract-routing.md	X	vendored-agent-tooling
.agents/skills/wds-0-alignment-signoff/data/06-build-signoff-internal-routing.md	X	vendored-agent-tooling
.agents/skills/wds-0-alignment-signoff/steps-c/step-01a-understand-situation.md	X	vendored-agent-tooling
.agents/skills/wds-0-alignment-signoff/steps-c/step-01b-determine-if-needed.md	X	vendored-agent-tooling
.agents/skills/wds-0-alignment-signoff/steps-c/step-01c-offer-extract.md	X	vendored-agent-tooling
.agents/skills/wds-0-alignment-signoff/steps-c/step-01d-extract-info.md	X	vendored-agent-tooling
.agents/skills/wds-0-alignment-signoff/steps-c/step-01e-detect-starting-point.md	X	vendored-agent-tooling
.agents/skills/wds-0-alignment-signoff/steps-c/step-02a-explore-realization.md	X	vendored-agent-tooling
.agents/skills/wds-0-alignment-signoff/steps-c/step-02b-explore-solution.md	X	vendored-agent-tooling
.agents/skills/wds-0-alignment-signoff/steps-c/step-02c-explore-why-it-matters.md	X	vendored-agent-tooling
.agents/skills/wds-0-alignment-signoff/steps-c/step-02d-explore-how-we-see-it-working.md	X	vendored-agent-tooling
.agents/skills/wds-0-alignment-signoff/steps-c/step-02e-explore-paths-we-explored.md	X	vendored-agent-tooling
.agents/skills/wds-0-alignment-signoff/steps-c/step-02f-explore-recommended-solution.md	X	vendored-agent-tooling
.agents/skills/wds-0-alignment-signoff/steps-c/step-02g-explore-path-forward.md	X	vendored-agent-tooling
.agents/skills/wds-0-alignment-signoff/steps-c/step-02h-explore-value-we-create.md	X	vendored-agent-tooling
.agents/skills/wds-0-alignment-signoff/steps-c/step-02i-explore-cost-of-inaction.md	X	vendored-agent-tooling
.agents/skills/wds-0-alignment-signoff/steps-c/step-02j-explore-our-commitment.md	X	vendored-agent-tooling
.agents/skills/wds-0-alignment-signoff/steps-c/step-02k-explore-summary.md	X	vendored-agent-tooling
.agents/skills/wds-0-alignment-signoff/steps-c/step-03a-reflect-back.md	X	vendored-agent-tooling
.agents/skills/wds-0-alignment-signoff/steps-c/step-03b-synthesize-document.md	X	vendored-agent-tooling
.agents/skills/wds-0-alignment-signoff/steps-c/step-03d-present-approval.md	X	vendored-agent-tooling
.agents/skills/wds-0-alignment-signoff/steps-c/step-04a-offer-signoff.md	X	vendored-agent-tooling
.agents/skills/wds-0-alignment-signoff/steps-c/step-04b-determine-business-model.md	X	vendored-agent-tooling
.agents/skills/wds-0-alignment-signoff/steps-c/step-05a-contract-overview.md	X	vendored-agent-tooling
.agents/skills/wds-0-alignment-signoff/steps-c/step-05b-contract-business-model.md	X	vendored-agent-tooling
.agents/skills/wds-0-alignment-signoff/steps-c/step-05c-contract-scope.md	X	vendored-agent-tooling
.agents/skills/wds-0-alignment-signoff/steps-c/step-05d-contract-payment.md	X	vendored-agent-tooling
.agents/skills/wds-0-alignment-signoff/steps-c/step-05e-contract-timeline.md	X	vendored-agent-tooling
.agents/skills/wds-0-alignment-signoff/steps-c/step-05f-contract-availability.md	X	vendored-agent-tooling
.agents/skills/wds-0-alignment-signoff/steps-c/step-05g-contract-confidentiality.md	X	vendored-agent-tooling
.agents/skills/wds-0-alignment-signoff/steps-c/step-05h-contract-not-to-exceed.md	X	vendored-agent-tooling
.agents/skills/wds-0-alignment-signoff/steps-c/step-05i-contract-work-initiation.md	X	vendored-agent-tooling
.agents/skills/wds-0-alignment-signoff/steps-c/step-05j-contract-terms.md	X	vendored-agent-tooling
.agents/skills/wds-0-alignment-signoff/steps-c/step-05k-contract-approval.md	X	vendored-agent-tooling
.agents/skills/wds-0-alignment-signoff/steps-c/step-05l-finalize-contract.md	X	vendored-agent-tooling
.agents/skills/wds-0-alignment-signoff/steps-c/step-06a-build-internal-signoff.md	X	vendored-agent-tooling
.agents/skills/wds-0-alignment-signoff/steps-c/step-06b-finalize-signoff.md	X	vendored-agent-tooling
.agents/skills/wds-0-alignment-signoff/workflow.md	X	vendored-agent-tooling
.agents/skills/wds-0-project-setup/SKILL.md	X	vendored-agent-tooling
.agents/skills/wds-0-project-setup/resources/agent-guides/freya/design-system.md	X	vendored-agent-tooling
.agents/skills/wds-0-project-setup/resources/agent-guides/freya/specification-quality.md	X	vendored-agent-tooling
.agents/skills/wds-0-project-setup/resources/wds-1-project-brief/templates/00-project-info.template.md	X	vendored-agent-tooling
.agents/skills/wds-0-project-setup/resources/wds-1-project-brief/templates/content-language.template.md	X	vendored-agent-tooling
.agents/skills/wds-0-project-setup/resources/wds-1-project-brief/templates/contract.template.md	X	vendored-agent-tooling
.agents/skills/wds-0-project-setup/resources/wds-1-project-brief/templates/inspiration-analysis.template.md	X	vendored-agent-tooling
.agents/skills/wds-0-project-setup/resources/wds-1-project-brief/templates/pitch.template.md	X	vendored-agent-tooling
.agents/skills/wds-0-project-setup/resources/wds-1-project-brief/templates/platform-requirements.template.md	X	vendored-agent-tooling
.agents/skills/wds-0-project-setup/resources/wds-1-project-brief/templates/platform-requirements.template.yaml	X	vendored-agent-tooling
.agents/skills/wds-0-project-setup/resources/wds-1-project-brief/templates/project-brief-dialog/00-context.md	X	vendored-agent-tooling
.agents/skills/wds-0-project-setup/resources/wds-1-project-brief/templates/project-brief-dialog/02-vision.md	X	vendored-agent-tooling
.agents/skills/wds-0-project-setup/resources/wds-1-project-brief/templates/project-brief-dialog/03-users.md	X	vendored-agent-tooling
.agents/skills/wds-0-project-setup/resources/wds-1-project-brief/templates/project-brief-dialog/04-concept.md	X	vendored-agent-tooling
.agents/skills/wds-0-project-setup/resources/wds-1-project-brief/templates/project-brief-dialog/06-inspiration.md	X	vendored-agent-tooling
.agents/skills/wds-0-project-setup/resources/wds-1-project-brief/templates/project-brief-dialog/07-positioning.md	X	vendored-agent-tooling
.agents/skills/wds-0-project-setup/resources/wds-1-project-brief/templates/project-brief-dialog/USAGE.md	X	vendored-agent-tooling
.agents/skills/wds-0-project-setup/resources/wds-1-project-brief/templates/project-brief-dialog/decisions.md	X	vendored-agent-tooling
.agents/skills/wds-0-project-setup/resources/wds-1-project-brief/templates/project-brief-dialog/progress-tracker.md	X	vendored-agent-tooling
.agents/skills/wds-0-project-setup/resources/wds-1-project-brief/templates/project-brief.template.md	X	vendored-agent-tooling
.agents/skills/wds-0-project-setup/resources/wds-1-project-brief/templates/service-agreement.template.md	X	vendored-agent-tooling
.agents/skills/wds-0-project-setup/resources/wds-1-project-brief/templates/signoff.template.md	X	vendored-agent-tooling
.agents/skills/wds-0-project-setup/resources/wds-1-project-brief/templates/simplified-brief.template.md	X	vendored-agent-tooling
.agents/skills/wds-0-project-setup/resources/wds-1-project-brief/templates/visual-direction.template.md	X	vendored-agent-tooling
.agents/skills/wds-0-project-setup/resources/wds-2-trigger-mapping/templates/feature-impact.template.md	X	vendored-agent-tooling
.agents/skills/wds-0-project-setup/resources/wds-2-trigger-mapping/templates/persona-document.template.md	X	vendored-agent-tooling
.agents/skills/wds-0-project-setup/resources/wds-2-trigger-mapping/templates/trigger-map.template.md	X	vendored-agent-tooling
.agents/skills/wds-0-project-setup/resources/wds-4-ux-design/templates/page-specification.template.md	X	vendored-agent-tooling
.agents/skills/wds-0-project-setup/resources/wds-4-ux-design/templates/scenario-overview.template.md	X	vendored-agent-tooling
.agents/skills/wds-0-project-setup/resources/wds-7-design-system/templates/catalog.template.html	X	vendored-agent-tooling
.agents/skills/wds-0-project-setup/resources/wds-7-design-system/templates/component-library-config.template.md	X	vendored-agent-tooling
.agents/skills/wds-0-project-setup/resources/wds-7-design-system/templates/component.template.md	X	vendored-agent-tooling
.agents/skills/wds-0-project-setup/resources/wds-7-design-system/templates/design-tokens.template.md	X	vendored-agent-tooling
.agents/skills/wds-0-project-setup/steps/step-01-welcome.md	X	vendored-agent-tooling
.agents/skills/wds-0-project-setup/steps/step-02-structure.md	X	vendored-agent-tooling
.agents/skills/wds-0-project-setup/templates/folder-guides/00-design-log.template.md	X	vendored-agent-tooling
.agents/skills/wds-0-project-setup/templates/folder-guides/00-design-system.template.md	X	vendored-agent-tooling
.agents/skills/wds-0-project-setup/templates/folder-guides/00-product-brief.template.md	X	vendored-agent-tooling
.agents/skills/wds-0-project-setup/templates/folder-guides/00-trigger-map.template.md	X	vendored-agent-tooling
.agents/skills/wds-0-project-setup/templates/folder-guides/00-ux-scenarios.template.md	X	vendored-agent-tooling
.agents/skills/wds-0-project-setup/workflow.md	X	vendored-agent-tooling
.agents/skills/wds-1-project-brief/SKILL.md	X	vendored-agent-tooling
.agents/skills/wds-1-project-brief/data/positioning-explore.md	X	vendored-agent-tooling
.agents/skills/wds-1-project-brief/data/positioning-open-conversation.md	X	vendored-agent-tooling
.agents/skills/wds-1-project-brief/data/positioning-reflect-confirm.md	X	vendored-agent-tooling
.agents/skills/wds-1-project-brief/data/positioning-synthesize.md	X	vendored-agent-tooling
.agents/skills/wds-1-project-brief/data/tone-of-voice-example.md	X	vendored-agent-tooling
.agents/skills/wds-1-project-brief/data/tone-of-voice-output-template.md	X	vendored-agent-tooling
.agents/skills/wds-1-project-brief/data/vision-explore.md	X	vendored-agent-tooling
.agents/skills/wds-1-project-brief/data/vision-open-conversation.md	X	vendored-agent-tooling
.agents/skills/wds-1-project-brief/data/vision-reflect-confirm.md	X	vendored-agent-tooling
.agents/skills/wds-1-project-brief/data/vision-synthesize.md	X	vendored-agent-tooling
.agents/skills/wds-1-project-brief/steps-c/step-00-simplified-brief.md	X	vendored-agent-tooling
.agents/skills/wds-1-project-brief/steps-c/step-01-init.md	X	vendored-agent-tooling
.agents/skills/wds-1-project-brief/steps-c/step-01a-client-profile.md	X	vendored-agent-tooling
.agents/skills/wds-1-project-brief/steps-c/step-02-vision.md	X	vendored-agent-tooling
.agents/skills/wds-1-project-brief/steps-c/step-03-positioning.md	X	vendored-agent-tooling
.agents/skills/wds-1-project-brief/steps-c/step-05-business-model.md	X	vendored-agent-tooling
.agents/skills/wds-1-project-brief/steps-c/step-06-business-customers.md	X	vendored-agent-tooling
.agents/skills/wds-1-project-brief/steps-c/step-07-target-users.md	X	vendored-agent-tooling
.agents/skills/wds-1-project-brief/steps-c/step-07a-product-concept.md	X	vendored-agent-tooling
.agents/skills/wds-1-project-brief/steps-c/step-08-success-criteria.md	X	vendored-agent-tooling
.agents/skills/wds-1-project-brief/steps-c/step-09-competitive-landscape.md	X	vendored-agent-tooling
.agents/skills/wds-1-project-brief/steps-c/step-10-constraints.md	X	vendored-agent-tooling
.agents/skills/wds-1-project-brief/steps-c/step-10a-platform-strategy.md	X	vendored-agent-tooling
.agents/skills/wds-1-project-brief/steps-c/step-11-tone-of-voice.md	X	vendored-agent-tooling
.agents/skills/wds-1-project-brief/steps-c/step-12-create-product-brief.md	X	vendored-agent-tooling
.agents/skills/wds-1-project-brief/steps-c/step-13-content-init.md	X	vendored-agent-tooling
.agents/skills/wds-1-project-brief/steps-c/step-14-personality.md	X	vendored-agent-tooling
.agents/skills/wds-1-project-brief/steps-c/step-15-tone.md	X	vendored-agent-tooling
.agents/skills/wds-1-project-brief/steps-c/step-16-languages.md	X	vendored-agent-tooling
.agents/skills/wds-1-project-brief/steps-c/step-17-seo-keywords.md	X	vendored-agent-tooling
.agents/skills/wds-1-project-brief/steps-c/step-17a-content-structure.md	X	vendored-agent-tooling
.agents/skills/wds-1-project-brief/steps-c/step-18-create-content-document.md	X	vendored-agent-tooling
.agents/skills/wds-1-project-brief/steps-c/step-19-inspiration-workshop.md	X	vendored-agent-tooling
.agents/skills/wds-1-project-brief/steps-c/step-20-visual-init.md	X	vendored-agent-tooling
.agents/skills/wds-1-project-brief/steps-c/step-21-existing-brand.md	X	vendored-agent-tooling
.agents/skills/wds-1-project-brief/steps-c/step-22-references.md	X	vendored-agent-tooling
.agents/skills/wds-1-project-brief/steps-c/step-23-design-style.md	X	vendored-agent-tooling
.agents/skills/wds-1-project-brief/steps-c/step-24-layout-effects.md	X	vendored-agent-tooling
.agents/skills/wds-1-project-brief/steps-c/step-25-imagery.md	X	vendored-agent-tooling
.agents/skills/wds-1-project-brief/steps-c/step-26-create-visual-document.md	X	vendored-agent-tooling
.agents/skills/wds-1-project-brief/steps-c/step-27-platform-init.md	X	vendored-agent-tooling
.agents/skills/wds-1-project-brief/steps-c/step-28-tech-stack.md	X	vendored-agent-tooling
.agents/skills/wds-1-project-brief/steps-c/step-29-integrations.md	X	vendored-agent-tooling
.agents/skills/wds-1-project-brief/steps-c/step-30-contact-strategy.md	X	vendored-agent-tooling
.agents/skills/wds-1-project-brief/steps-c/step-31-multilingual.md	X	vendored-agent-tooling
.agents/skills/wds-1-project-brief/steps-c/step-32-create-platform-document.md	X	vendored-agent-tooling
.agents/skills/wds-1-project-brief/steps-c/step-33-analyze-brief.md	X	vendored-agent-tooling
.agents/skills/wds-1-project-brief/steps-c/step-34-create-summary.md	X	vendored-agent-tooling
.agents/skills/wds-1-project-brief/steps-c/step-35-update-design-log.md	X	vendored-agent-tooling
.agents/skills/wds-1-project-brief/steps-c/step-36-provide-activation.md	X	vendored-agent-tooling
.agents/skills/wds-1-project-brief/steps-v/step-01-brief-completeness.md	X	vendored-agent-tooling
.agents/skills/wds-1-project-brief/steps-v/step-02-trigger-map-consistency.md	X	vendored-agent-tooling
.agents/skills/wds-1-project-brief/steps-v/step-03-seo-strategy.md	X	vendored-agent-tooling
.agents/skills/wds-1-project-brief/steps-v/step-04-content-language.md	X	vendored-agent-tooling
.agents/skills/wds-1-project-brief/steps-v/step-05-visual-direction.md	X	vendored-agent-tooling
.agents/skills/wds-1-project-brief/steps-v/step-06-platform-requirements.md	X	vendored-agent-tooling
.agents/skills/wds-1-project-brief/templates/00-project-info.template.md	X	vendored-agent-tooling
.agents/skills/wds-1-project-brief/templates/client-profile.template.md	X	vendored-agent-tooling
.agents/skills/wds-1-project-brief/templates/content-language.template.md	X	vendored-agent-tooling
.agents/skills/wds-1-project-brief/templates/contract.template.md	X	vendored-agent-tooling
.agents/skills/wds-1-project-brief/templates/inspiration-analysis.template.md	X	vendored-agent-tooling
.agents/skills/wds-1-project-brief/templates/pitch.template.md	X	vendored-agent-tooling
.agents/skills/wds-1-project-brief/templates/platform-requirements.template.md	X	vendored-agent-tooling
.agents/skills/wds-1-project-brief/templates/platform-requirements.template.yaml	X	vendored-agent-tooling
.agents/skills/wds-1-project-brief/templates/project-brief-dialog/00-context.md	X	vendored-agent-tooling
.agents/skills/wds-1-project-brief/templates/project-brief-dialog/02-vision.md	X	vendored-agent-tooling
.agents/skills/wds-1-project-brief/templates/project-brief-dialog/03-users.md	X	vendored-agent-tooling
.agents/skills/wds-1-project-brief/templates/project-brief-dialog/04-concept.md	X	vendored-agent-tooling
.agents/skills/wds-1-project-brief/templates/project-brief-dialog/06-inspiration.md	X	vendored-agent-tooling
.agents/skills/wds-1-project-brief/templates/project-brief-dialog/07-positioning.md	X	vendored-agent-tooling
.agents/skills/wds-1-project-brief/templates/project-brief-dialog/USAGE.md	X	vendored-agent-tooling
.agents/skills/wds-1-project-brief/templates/project-brief-dialog/decisions.md	X	vendored-agent-tooling
.agents/skills/wds-1-project-brief/templates/project-brief-dialog/progress-tracker.md	X	vendored-agent-tooling
.agents/skills/wds-1-project-brief/templates/project-brief.template.md	X	vendored-agent-tooling
.agents/skills/wds-1-project-brief/templates/service-agreement.template.md	X	vendored-agent-tooling
.agents/skills/wds-1-project-brief/templates/signoff.template.md	X	vendored-agent-tooling
.agents/skills/wds-1-project-brief/templates/simplified-brief.template.md	X	vendored-agent-tooling
.agents/skills/wds-1-project-brief/templates/visual-direction.template.md	X	vendored-agent-tooling
.agents/skills/wds-1-project-brief/workflow-validate.md	X	vendored-agent-tooling
.agents/skills/wds-1-project-brief/workflow.md	X	vendored-agent-tooling
.agents/skills/wds-2-trigger-mapping/SKILL.md	X	vendored-agent-tooling
.agents/skills/wds-2-trigger-mapping/data/business-goals-template.md	X	vendored-agent-tooling
.agents/skills/wds-2-trigger-mapping/data/key-insights-structure.md	X	vendored-agent-tooling
.agents/skills/wds-2-trigger-mapping/data/mermaid-formatting-guide.md	X	vendored-agent-tooling
.agents/skills/wds-2-trigger-mapping/data/quality-checklist.md	X	vendored-agent-tooling
.agents/skills/wds-2-trigger-mapping/steps-c/step-00a-documentation-synthesis.md	X	vendored-agent-tooling
.agents/skills/wds-2-trigger-mapping/steps-c/step-00b-business-goals-extract.md	X	vendored-agent-tooling
.agents/skills/wds-2-trigger-mapping/steps-c/step-00c-target-groups-extract.md	X	vendored-agent-tooling
.agents/skills/wds-2-trigger-mapping/steps-c/step-00d-driving-forces-extract.md	X	vendored-agent-tooling
.agents/skills/wds-2-trigger-mapping/steps-c/step-00e-prioritization-extract.md	X	vendored-agent-tooling
.agents/skills/wds-2-trigger-mapping/steps-c/step-00f-gap-analysis.md	X	vendored-agent-tooling
.agents/skills/wds-2-trigger-mapping/steps-c/step-01-overview.md	X	vendored-agent-tooling
.agents/skills/wds-2-trigger-mapping/steps-c/step-02-business-goals.md	X	vendored-agent-tooling
.agents/skills/wds-2-trigger-mapping/steps-c/step-03-target-groups.md	X	vendored-agent-tooling
.agents/skills/wds-2-trigger-mapping/steps-c/step-04-driving-forces.md	X	vendored-agent-tooling
.agents/skills/wds-2-trigger-mapping/steps-c/step-05-prioritization.md	X	vendored-agent-tooling
.agents/skills/wds-2-trigger-mapping/steps-c/step-06a-extract-features.md	X	vendored-agent-tooling
.agents/skills/wds-2-trigger-mapping/steps-c/step-06b-confirm-assessment.md	X	vendored-agent-tooling
.agents/skills/wds-2-trigger-mapping/steps-c/step-06c-make-assessment.md	X	vendored-agent-tooling
.agents/skills/wds-2-trigger-mapping/steps-c/step-06d-generate-document.md	X	vendored-agent-tooling
.agents/skills/wds-2-trigger-mapping/steps-c/step-06e-feature-wrap-up.md	X	vendored-agent-tooling
.agents/skills/wds-2-trigger-mapping/steps-c/step-07a-generate-hub.md	X	vendored-agent-tooling
.agents/skills/wds-2-trigger-mapping/steps-c/step-07b-generate-business-goals.md	X	vendored-agent-tooling
.agents/skills/wds-2-trigger-mapping/steps-c/step-07c-generate-primary-persona.md	X	vendored-agent-tooling
.agents/skills/wds-2-trigger-mapping/steps-c/step-07d-generate-secondary-persona.md	X	vendored-agent-tooling
.agents/skills/wds-2-trigger-mapping/steps-c/step-07e-generate-tertiary-persona.md	X	vendored-agent-tooling
.agents/skills/wds-2-trigger-mapping/steps-c/step-07f-generate-key-insights.md	X	vendored-agent-tooling
.agents/skills/wds-2-trigger-mapping/steps-c/step-07g-quality-check.md	X	vendored-agent-tooling
.agents/skills/wds-2-trigger-mapping/steps-c/step-08a-mermaid-init-structure.md	X	vendored-agent-tooling
.agents/skills/wds-2-trigger-mapping/steps-c/step-08b-mermaid-business-goals.md	X	vendored-agent-tooling
.agents/skills/wds-2-trigger-mapping/steps-c/step-08c-mermaid-platform.md	X	vendored-agent-tooling
.agents/skills/wds-2-trigger-mapping/steps-c/step-08d-mermaid-target-groups.md	X	vendored-agent-tooling
.agents/skills/wds-2-trigger-mapping/steps-c/step-08e-mermaid-driving-forces.md	X	vendored-agent-tooling
.agents/skills/wds-2-trigger-mapping/steps-c/step-08f-mermaid-connections.md	X	vendored-agent-tooling
.agents/skills/wds-2-trigger-mapping/steps-c/step-08g-mermaid-styling.md	X	vendored-agent-tooling
.agents/skills/wds-2-trigger-mapping/steps-c/step-08h-mermaid-quality.md	X	vendored-agent-tooling
.agents/skills/wds-2-trigger-mapping/steps-c/step-09a-finalize-hub.md	X	vendored-agent-tooling
.agents/skills/wds-2-trigger-mapping/steps-c/step-09b-add-cross-references.md	X	vendored-agent-tooling
.agents/skills/wds-2-trigger-mapping/steps-c/step-09c-quality-check.md	X	vendored-agent-tooling
.agents/skills/wds-2-trigger-mapping/steps-c/step-09d-create-handover-package.md	X	vendored-agent-tooling
.agents/skills/wds-2-trigger-mapping/steps-c/step-09e-update-design-log.md	X	vendored-agent-tooling
.agents/skills/wds-2-trigger-mapping/steps-c/step-09f-provide-activation.md	X	vendored-agent-tooling
.agents/skills/wds-2-trigger-mapping/steps-v/step-01-target-group-coverage.md	X	vendored-agent-tooling
.agents/skills/wds-2-trigger-mapping/steps-v/step-02-prioritization-integrity.md	X	vendored-agent-tooling
.agents/skills/wds-2-trigger-mapping/steps-v/step-03-persona-consistency.md	X	vendored-agent-tooling
.agents/skills/wds-2-trigger-mapping/steps-v/step-04-feature-impact-alignment.md	X	vendored-agent-tooling
.agents/skills/wds-2-trigger-mapping/steps-v/step-05-cross-document-coherence.md	X	vendored-agent-tooling
.agents/skills/wds-2-trigger-mapping/templates/feature-impact.template.md	X	vendored-agent-tooling
.agents/skills/wds-2-trigger-mapping/templates/persona-document.template.md	X	vendored-agent-tooling
.agents/skills/wds-2-trigger-mapping/templates/trigger-map.template.md	X	vendored-agent-tooling
.agents/skills/wds-2-trigger-mapping/workflow-validate.md	X	vendored-agent-tooling
.agents/skills/wds-2-trigger-mapping/workflow.md	X	vendored-agent-tooling
.agents/skills/wds-3-scenarios/SKILL.md	X	vendored-agent-tooling
.agents/skills/wds-3-scenarios/data/quality-checklist.md	X	vendored-agent-tooling
.agents/skills/wds-3-scenarios/data/scenario-outline-template.md	X	vendored-agent-tooling
.agents/skills/wds-3-scenarios/data/validation-standards.md	X	vendored-agent-tooling
.agents/skills/wds-3-scenarios/steps-c/step-01-load-context.md	X	vendored-agent-tooling
.agents/skills/wds-3-scenarios/steps-c/step-02-analyze-scope.md	X	vendored-agent-tooling
.agents/skills/wds-3-scenarios/steps-c/step-03-build-strategic-context.md	X	vendored-agent-tooling
.agents/skills/wds-3-scenarios/steps-c/step-04-suggest-scenarios.md	X	vendored-agent-tooling
.agents/skills/wds-3-scenarios/steps-c/step-05-outline-scenario.md	X	vendored-agent-tooling
.agents/skills/wds-3-scenarios/steps-c/step-06-generate-overview.md	X	vendored-agent-tooling
.agents/skills/wds-3-scenarios/steps-c/step-07-quality-review.md	X	vendored-agent-tooling
.agents/skills/wds-3-scenarios/steps-c/step-08-update-design-log.md	X	vendored-agent-tooling
.agents/skills/wds-3-scenarios/steps-c/step-09-handover.md	X	vendored-agent-tooling
.agents/skills/wds-3-scenarios/steps-v/step-01-scenario-coverage.md	X	vendored-agent-tooling
.agents/skills/wds-3-scenarios/steps-v/step-02-navigation-patterns.md	X	vendored-agent-tooling
.agents/skills/wds-3-scenarios/steps-v/step-03-outline-completeness.md	X	vendored-agent-tooling
.agents/skills/wds-3-scenarios/steps-v/step-04-cross-scenario-consistency.md	X	vendored-agent-tooling
.agents/skills/wds-3-scenarios/steps-v/step-05-seo-keyword-alignment.md	X	vendored-agent-tooling
.agents/skills/wds-3-scenarios/workflow-validate.md	X	vendored-agent-tooling
.agents/skills/wds-3-scenarios/workflow.md	X	vendored-agent-tooling
.agents/skills/wds-3-scenarios/workflow.xml	X	vendored-agent-tooling
.agents/skills/wds-4-ux-design/SKILL.md	X	vendored-agent-tooling
.agents/skills/wds-4-ux-design/data/delivery-templates.md	X	vendored-agent-tooling
.agents/skills/wds-4-ux-design/data/design-deliveries-guide.md	X	vendored-agent-tooling
.agents/skills/wds-4-ux-design/data/guides/DESIGN-LOOP-GUIDE.md	X	vendored-agent-tooling
.agents/skills/wds-4-ux-design/data/guides/HTML-VS-VISUAL-STYLES.md	X	vendored-agent-tooling
.agents/skills/wds-4-ux-design/data/guides/NANO-BANANA-PROMPT-GUIDE.md	X	vendored-agent-tooling
.agents/skills/wds-4-ux-design/data/guides/SKETCH-TEXT-ANALYSIS-GUIDE.md	X	vendored-agent-tooling
.agents/skills/wds-4-ux-design/data/guides/SKETCH-TEXT-QUICK-REFERENCE.md	X	vendored-agent-tooling
.agents/skills/wds-4-ux-design/data/guides/TRANSLATION-ORGANIZATION-GUIDE.md	X	vendored-agent-tooling
.agents/skills/wds-4-ux-design/data/guides/WDS-SPECIFICATION-PATTERN.md	X	vendored-agent-tooling
.agents/skills/wds-4-ux-design/data/handoff-dialog-scripts.md	X	vendored-agent-tooling
.agents/skills/wds-4-ux-design/data/modular-architecture/00-MODULAR-ARCHITECTURE-GUIDE.md	X	vendored-agent-tooling
.agents/skills/wds-4-ux-design/data/modular-architecture/00-foundation/agent-designer-collaboration.md	X	vendored-agent-tooling
.agents/skills/wds-4-ux-design/data/modular-architecture/01-core-concepts/complexity-detection.md	X	vendored-agent-tooling
.agents/skills/wds-4-ux-design/data/modular-architecture/01-core-concepts/content-placement-rules.md	X	vendored-agent-tooling
.agents/skills/wds-4-ux-design/data/modular-architecture/01-core-concepts/three-tier-overview.md	X	vendored-agent-tooling
.agents/skills/wds-4-ux-design/data/modular-architecture/02-workflows/01-what-are-storyboards.md	X	vendored-agent-tooling
.agents/skills/wds-4-ux-design/data/modular-architecture/02-workflows/01-when-to-use.md	X	vendored-agent-tooling
.agents/skills/wds-4-ux-design/data/modular-architecture/02-workflows/02-file-structure.md	X	vendored-agent-tooling
.agents/skills/wds-4-ux-design/data/modular-architecture/02-workflows/complexity-router-workflow.md	X	vendored-agent-tooling
.agents/skills/wds-4-ux-design/data/modular-architecture/02-workflows/page-specification-workflow.md	X	vendored-agent-tooling
.agents/skills/wds-4-ux-design/data/modular-architecture/02-workflows/storyboards-guide.md	X	vendored-agent-tooling
.agents/skills/wds-4-ux-design/data/modular-architecture/03-quick-refs/benefits.md	X	vendored-agent-tooling
.agents/skills/wds-4-ux-design/data/modular-architecture/03-quick-refs/decision-tree.md	X	vendored-agent-tooling
.agents/skills/wds-4-ux-design/data/modular-architecture/COMPONENT-FILE-STRUCTURE.md	X	vendored-agent-tooling
.agents/skills/wds-4-ux-design/data/modular-architecture/CONTENT-PLACEMENT-GUIDE.md	X	vendored-agent-tooling
.agents/skills/wds-4-ux-design/data/modular-architecture/CROSS-PAGE-CONSISTENCY.md	X	vendored-agent-tooling
.agents/skills/wds-4-ux-design/data/modular-architecture/STORYBOARD-INTEGRATION.md	X	vendored-agent-tooling
.agents/skills/wds-4-ux-design/data/modular-architecture/workflow.md	X	vendored-agent-tooling
.agents/skills/wds-4-ux-design/data/object-types/COMPLEXITY-ROUTER.md	X	vendored-agent-tooling
.agents/skills/wds-4-ux-design/data/object-types/ROUTER-FLOW-DIAGRAM.md	X	vendored-agent-tooling
.agents/skills/wds-4-ux-design/data/object-types/TEXT-DETECTION-PRIORITY.md	X	vendored-agent-tooling
.agents/skills/wds-4-ux-design/data/object-types/object-router.md	X	vendored-agent-tooling
.agents/skills/wds-4-ux-design/data/object-types/templates/button.md	X	vendored-agent-tooling
.agents/skills/wds-4-ux-design/data/object-types/templates/heading-text.md	X	vendored-agent-tooling
.agents/skills/wds-4-ux-design/data/object-types/templates/image.md	X	vendored-agent-tooling
.agents/skills/wds-4-ux-design/data/object-types/templates/link.md	X	vendored-agent-tooling
.agents/skills/wds-4-ux-design/data/object-types/templates/text-input.md	X	vendored-agent-tooling
.agents/skills/wds-4-ux-design/data/object-types/workflow.md	X	vendored-agent-tooling
.agents/skills/wds-4-ux-design/data/page-creation-flows/flow-a-sketch.md	X	vendored-agent-tooling
.agents/skills/wds-4-ux-design/data/page-creation-flows/flow-b-verbal.md	X	vendored-agent-tooling
.agents/skills/wds-4-ux-design/data/page-creation-flows/flow-c-ascii.md	X	vendored-agent-tooling
.agents/skills/wds-4-ux-design/data/page-creation-flows/flow-d-reference.md	X	vendored-agent-tooling
.agents/skills/wds-4-ux-design/data/page-creation-flows/flow-e-html.md	X	vendored-agent-tooling
.agents/skills/wds-4-ux-design/data/page-creation-flows/lightweight-page-template.md	X	vendored-agent-tooling
.agents/skills/wds-4-ux-design/data/page-creation-flows/page-init-lightweight.md	X	vendored-agent-tooling
.agents/skills/wds-4-ux-design/data/page-creation-flows/page-process-templates.md	X	vendored-agent-tooling
.agents/skills/wds-4-ux-design/data/page-creation-flows/placeholder-templates.md	X	vendored-agent-tooling
.agents/skills/wds-4-ux-design/data/page-creation-flows/workshop-c-placeholder-pages.md	X	vendored-agent-tooling
.agents/skills/wds-4-ux-design/data/page-creation-flows/workshop-page-creation.md	X	vendored-agent-tooling
.agents/skills/wds-4-ux-design/data/page-creation-flows/workshop-page-process.md	X	vendored-agent-tooling
.agents/skills/wds-4-ux-design/data/quality-guide.md	X	vendored-agent-tooling
.agents/skills/wds-4-ux-design/data/scenario-init/01-platform-confirmation.md	X	vendored-agent-tooling
.agents/skills/wds-4-ux-design/data/scenario-init/02-feature-selection.md	X	vendored-agent-tooling
.agents/skills/wds-4-ux-design/data/scenario-init/03-entry-point.md	X	vendored-agent-tooling
.agents/skills/wds-4-ux-design/data/scenario-init/04-mental-state.md	X	vendored-agent-tooling
.agents/skills/wds-4-ux-design/data/scenario-init/05-mutual-success.md	X	vendored-agent-tooling
.agents/skills/wds-4-ux-design/data/scenario-init/06-shortest-path.md	X	vendored-agent-tooling
.agents/skills/wds-4-ux-design/data/scenario-init/07-reference-trigger-map.md	X	vendored-agent-tooling
.agents/skills/wds-4-ux-design/data/scenario-init/examples/booking-example.md	X	vendored-agent-tooling
.agents/skills/wds-4-ux-design/data/scenario-init/examples/ecommerce-example.md	X	vendored-agent-tooling
.agents/skills/wds-4-ux-design/data/scenario-init/examples/saas-example.md	X	vendored-agent-tooling
.agents/skills/wds-4-ux-design/data/scenario-init/scenario-init-dialog.md	X	vendored-agent-tooling
.agents/skills/wds-4-ux-design/data/scenario-init/scenario-init-guide.md	X	vendored-agent-tooling
.agents/skills/wds-4-ux-design/data/scenario-init/scenario-init-process.md	X	vendored-agent-tooling
.agents/skills/wds-4-ux-design/data/specification-audit-workflow.md	X	vendored-agent-tooling
.agents/skills/wds-4-ux-design/data/substeps-guide.md	X	vendored-agent-tooling
.agents/skills/wds-4-ux-design/data/validation-standards.md	X	vendored-agent-tooling
.agents/skills/wds-4-ux-design/steps-c/step-01-exploration.md	X	vendored-agent-tooling
.agents/skills/wds-4-ux-design/steps-h/step-01-detect-completion.md	X	vendored-agent-tooling
.agents/skills/wds-4-ux-design/steps-h/step-02-create-delivery.md	X	vendored-agent-tooling
.agents/skills/wds-4-ux-design/steps-h/step-03-create-test-scenario.md	X	vendored-agent-tooling
.agents/skills/wds-4-ux-design/steps-h/step-04-handoff-dialog.md	X	vendored-agent-tooling
.agents/skills/wds-4-ux-design/steps-h/step-05-hand-off.md	X	vendored-agent-tooling
.agents/skills/wds-4-ux-design/steps-h/step-06-continue.md	X	vendored-agent-tooling
.agents/skills/wds-4-ux-design/steps-k/step-01-sketch-analysis.md	X	vendored-agent-tooling
.agents/skills/wds-4-ux-design/steps-m/step-01-review-current.md	X	vendored-agent-tooling
.agents/skills/wds-4-ux-design/steps-m/step-02-define-component.md	X	vendored-agent-tooling
.agents/skills/wds-4-ux-design/steps-m/step-03-validate-usage.md	X	vendored-agent-tooling
.agents/skills/wds-4-ux-design/steps-p/step-01-page-basics.md	X	vendored-agent-tooling
.agents/skills/wds-4-ux-design/steps-p/step-02-layout-sections.md	X	vendored-agent-tooling
.agents/skills/wds-4-ux-design/steps-p/step-03-components-objects.md	X	vendored-agent-tooling
.agents/skills/wds-4-ux-design/steps-p/step-04-content-languages.md	X	vendored-agent-tooling
.agents/skills/wds-4-ux-design/steps-p/step-05-interactions.md	X	vendored-agent-tooling
.agents/skills/wds-4-ux-design/steps-p/step-06-states.md	X	vendored-agent-tooling
.agents/skills/wds-4-ux-design/steps-p/step-07-validation.md	X	vendored-agent-tooling
.agents/skills/wds-4-ux-design/steps-p/step-08-spacing-typography.md	X	vendored-agent-tooling
.agents/skills/wds-4-ux-design/steps-p/step-09-generate-spec.md	X	vendored-agent-tooling
.agents/skills/wds-4-ux-design/steps-s/step-01-core-feature.md	X	vendored-agent-tooling
.agents/skills/wds-4-ux-design/steps-s/step-02-entry-point.md	X	vendored-agent-tooling
.agents/skills/wds-4-ux-design/steps-s/step-03-mental-state.md	X	vendored-agent-tooling
.agents/skills/wds-4-ux-design/steps-s/step-04-mutual-success.md	X	vendored-agent-tooling
.agents/skills/wds-4-ux-design/steps-s/step-05-shortest-path.md	X	vendored-agent-tooling
.agents/skills/wds-4-ux-design/steps-s/step-06-scenario-name.md	X	vendored-agent-tooling
.agents/skills/wds-4-ux-design/steps-s/step-07-create-scenario-folder.md	X	vendored-agent-tooling
.agents/skills/wds-4-ux-design/steps-s/step-08-page-context.md	X	vendored-agent-tooling
.agents/skills/wds-4-ux-design/steps-s/step-09-page-name.md	X	vendored-agent-tooling
.agents/skills/wds-4-ux-design/steps-s/step-10-page-purpose.md	X	vendored-agent-tooling
.agents/skills/wds-4-ux-design/steps-s/step-11-entry-point.md	X	vendored-agent-tooling
.agents/skills/wds-4-ux-design/steps-s/step-12-mental-state.md	X	vendored-agent-tooling
.agents/skills/wds-4-ux-design/steps-s/step-13-desired-outcome.md	X	vendored-agent-tooling
.agents/skills/wds-4-ux-design/steps-s/step-14-variants.md	X	vendored-agent-tooling
.agents/skills/wds-4-ux-design/steps-s/step-15-create-page-structure.md	X	vendored-agent-tooling
.agents/skills/wds-4-ux-design/steps-v/step-01-page-metadata.md	X	vendored-agent-tooling
.agents/skills/wds-4-ux-design/steps-v/step-02-navigation.md	X	vendored-agent-tooling
.agents/skills/wds-4-ux-design/steps-v/step-03-page-overview.md	X	vendored-agent-tooling
.agents/skills/wds-4-ux-design/steps-v/step-04-page-sections.md	X	vendored-agent-tooling
.agents/skills/wds-4-ux-design/steps-v/step-05-section-order.md	X	vendored-agent-tooling
.agents/skills/wds-4-ux-design/steps-v/step-06-object-registry.md	X	vendored-agent-tooling
.agents/skills/wds-4-ux-design/steps-v/step-07-design-system-separation.md	X	vendored-agent-tooling
.agents/skills/wds-4-ux-design/steps-v/step-08-seo-compliance.md	X	vendored-agent-tooling
.agents/skills/wds-4-ux-design/steps-v/step-09-design-system-consistency.md	X	vendored-agent-tooling
.agents/skills/wds-4-ux-design/steps-v/step-10-final-validation.md	X	vendored-agent-tooling
.agents/skills/wds-4-ux-design/steps-w/step-00-nb-setup.md	X	vendored-agent-tooling
.agents/skills/wds-4-ux-design/steps-w/step-01-visual-approach.md	X	vendored-agent-tooling
.agents/skills/wds-4-ux-design/steps-w/step-02-generate-visual.md	X	vendored-agent-tooling
.agents/skills/wds-4-ux-design/steps-w/step-02w-nb-compose-prompt.md	X	vendored-agent-tooling
.agents/skills/wds-4-ux-design/steps-w/step-03-review-integrate.md	X	vendored-agent-tooling
.agents/skills/wds-4-ux-design/templates/audit-report.template.md	X	vendored-agent-tooling
.agents/skills/wds-4-ux-design/templates/design-delivery.template.yaml	X	vendored-agent-tooling
.agents/skills/wds-4-ux-design/templates/diagnostic-report-template.md	X	vendored-agent-tooling
.agents/skills/wds-4-ux-design/templates/instructions/accessibility-audit.workflow.md	X	vendored-agent-tooling
.agents/skills/wds-4-ux-design/templates/instructions/accessibility.instructions.md	X	vendored-agent-tooling
.agents/skills/wds-4-ux-design/templates/instructions/data-api.instructions.md	X	vendored-agent-tooling
.agents/skills/wds-4-ux-design/templates/instructions/form-validation.instructions.md	X	vendored-agent-tooling
.agents/skills/wds-4-ux-design/templates/instructions/meta-content.instructions.md	X	vendored-agent-tooling
.agents/skills/wds-4-ux-design/templates/instructions/open-questions.instructions.md	X	vendored-agent-tooling
.agents/skills/wds-4-ux-design/templates/instructions/responsive.instructions.md	X	vendored-agent-tooling
.agents/skills/wds-4-ux-design/templates/instructions/seo-content.instructions.md	X	vendored-agent-tooling
.agents/skills/wds-4-ux-design/templates/page-specification.template.md	X	vendored-agent-tooling
.agents/skills/wds-4-ux-design/templates/scenario-overview.template.md	X	vendored-agent-tooling
.agents/skills/wds-4-ux-design/templates/storyboard-specification.template.md	X	vendored-agent-tooling
.agents/skills/wds-4-ux-design/templates/test-scenario.template.yaml	X	vendored-agent-tooling
.agents/skills/wds-4-ux-design/workflow-conceptualize.md	X	vendored-agent-tooling
.agents/skills/wds-4-ux-design/workflow-design-system.md	X	vendored-agent-tooling
.agents/skills/wds-4-ux-design/workflow-dream.md	X	vendored-agent-tooling
.agents/skills/wds-4-ux-design/workflow-handover.md	X	vendored-agent-tooling
.agents/skills/wds-4-ux-design/workflow-sketch.md	X	vendored-agent-tooling
.agents/skills/wds-4-ux-design/workflow-specify.md	X	vendored-agent-tooling
.agents/skills/wds-4-ux-design/workflow-specify.xml	X	vendored-agent-tooling
.agents/skills/wds-4-ux-design/workflow-suggest.md	X	vendored-agent-tooling
.agents/skills/wds-4-ux-design/workflow-validate.md	X	vendored-agent-tooling
.agents/skills/wds-4-ux-design/workflow-visual.md	X	vendored-agent-tooling
.agents/skills/wds-4-ux-design/workflow.md	X	vendored-agent-tooling
.agents/skills/wds-5-agentic-development/SKILL.md	X	vendored-agent-tooling
.agents/skills/wds-5-agentic-development/data/guides/AGENTIC-DEVELOPMENT-GUIDE.md	X	vendored-agent-tooling
.agents/skills/wds-5-agentic-development/data/guides/CREATION-GUIDE.md	X	vendored-agent-tooling
.agents/skills/wds-5-agentic-development/data/guides/EXECUTION-PRINCIPLES.md	X	vendored-agent-tooling
.agents/skills/wds-5-agentic-development/data/guides/FEEDBACK-PROTOCOL.md	X	vendored-agent-tooling
.agents/skills/wds-5-agentic-development/data/guides/FILE-INDEX.md	X	vendored-agent-tooling
.agents/skills/wds-5-agentic-development/data/guides/INLINE-TESTING-GUIDE.md	X	vendored-agent-tooling
.agents/skills/wds-5-agentic-development/data/guides/PROTOTYPE-ANALYSIS.md	X	vendored-agent-tooling
.agents/skills/wds-5-agentic-development/data/guides/PROTOTYPE-INITIATION-DIALOG.md	X	vendored-agent-tooling
.agents/skills/wds-5-agentic-development/data/guides/SEO-VALIDATION-GUIDE.md	X	vendored-agent-tooling
.agents/skills/wds-5-agentic-development/data/guides/SESSION-PROTOCOL.md	X	vendored-agent-tooling
.agents/skills/wds-5-agentic-development/data/issue-templates.md	X	vendored-agent-tooling
.agents/skills/wds-5-agentic-development/data/test-result-templates.md	X	vendored-agent-tooling
.agents/skills/wds-5-agentic-development/data/testing-guide.md	X	vendored-agent-tooling
.agents/skills/wds-5-agentic-development/steps-a/step-01-define-question.md	X	vendored-agent-tooling
.agents/skills/wds-5-agentic-development/steps-a/step-02-scan-codebase.md	X	vendored-agent-tooling
.agents/skills/wds-5-agentic-development/steps-a/step-03-map-architecture.md	X	vendored-agent-tooling
.agents/skills/wds-5-agentic-development/steps-a/step-04-document-findings.md	X	vendored-agent-tooling
.agents/skills/wds-5-agentic-development/steps-d/step-01-scope-and-plan.md	X	vendored-agent-tooling
.agents/skills/wds-5-agentic-development/steps-d/step-02-setup-environment.md	X	vendored-agent-tooling
.agents/skills/wds-5-agentic-development/steps-d/step-03-implement.md	X	vendored-agent-tooling
.agents/skills/wds-5-agentic-development/steps-d/step-04-verify.md	X	vendored-agent-tooling
.agents/skills/wds-5-agentic-development/steps-d/step-05-finalize.md	X	vendored-agent-tooling
.agents/skills/wds-5-agentic-development/steps-e/step-01-scope-change.md	X	vendored-agent-tooling
.agents/skills/wds-5-agentic-development/steps-e/step-02-analyze-impact.md	X	vendored-agent-tooling
.agents/skills/wds-5-agentic-development/steps-e/step-03-plan-implementation.md	X	vendored-agent-tooling
.agents/skills/wds-5-agentic-development/steps-e/step-04-implement.md	X	vendored-agent-tooling
.agents/skills/wds-5-agentic-development/steps-e/step-05-verify-and-document.md	X	vendored-agent-tooling
.agents/skills/wds-5-agentic-development/steps-f/step-01-reproduce.md	X	vendored-agent-tooling
.agents/skills/wds-5-agentic-development/steps-f/step-02-investigate.md	X	vendored-agent-tooling
.agents/skills/wds-5-agentic-development/steps-f/step-03-fix.md	X	vendored-agent-tooling
.agents/skills/wds-5-agentic-development/steps-f/step-04-verify.md	X	vendored-agent-tooling
.agents/skills/wds-5-agentic-development/steps-f/step-05-document.md	X	vendored-agent-tooling
.agents/skills/wds-5-agentic-development/steps-p/1-prototype-setup.md	X	vendored-agent-tooling
.agents/skills/wds-5-agentic-development/steps-p/2-scenario-analysis.md	X	vendored-agent-tooling
.agents/skills/wds-5-agentic-development/steps-p/3-logical-view-breakdown.md	X	vendored-agent-tooling
.agents/skills/wds-5-agentic-development/steps-p/4a-announce-and-gather.md	X	vendored-agent-tooling
.agents/skills/wds-5-agentic-development/steps-p/4b-create-story-file.md	X	vendored-agent-tooling
.agents/skills/wds-5-agentic-development/steps-p/4c-implement-section.md	X	vendored-agent-tooling
.agents/skills/wds-5-agentic-development/steps-p/4d-present-for-testing.md	X	vendored-agent-tooling
.agents/skills/wds-5-agentic-development/steps-p/4e-handle-issue.md	X	vendored-agent-tooling
.agents/skills/wds-5-agentic-development/steps-p/4f-handle-improvement.md	X	vendored-agent-tooling
.agents/skills/wds-5-agentic-development/steps-p/4g-section-approved.md	X	vendored-agent-tooling
.agents/skills/wds-5-agentic-development/steps-p/5-finalization.md	X	vendored-agent-tooling
.agents/skills/wds-5-agentic-development/steps-r/step-01-identify-target.md	X	vendored-agent-tooling
.agents/skills/wds-5-agentic-development/steps-r/step-02-explore-and-capture.md	X	vendored-agent-tooling
.agents/skills/wds-5-agentic-development/steps-r/step-03-generate-specs.md	X	vendored-agent-tooling
.agents/skills/wds-5-agentic-development/steps-r/step-04-extract-design-system.md	X	vendored-agent-tooling
.agents/skills/wds-5-agentic-development/steps-t/step-01-prepare.md	X	vendored-agent-tooling
.agents/skills/wds-5-agentic-development/steps-t/step-02-execute.md	X	vendored-agent-tooling
.agents/skills/wds-5-agentic-development/steps-t/step-03-document-issues.md	X	vendored-agent-tooling
.agents/skills/wds-5-agentic-development/steps-t/step-04-report.md	X	vendored-agent-tooling
.agents/skills/wds-5-agentic-development/steps-t/step-05-iterate.md	X	vendored-agent-tooling
.agents/skills/wds-5-agentic-development/templates/PROTOTYPE-ROADMAP-template.md	X	vendored-agent-tooling
.agents/skills/wds-5-agentic-development/templates/components/DEV-MODE-GUIDE.md	X	vendored-agent-tooling
.agents/skills/wds-5-agentic-development/templates/components/dev-mode.css	X	vendored-agent-tooling
.agents/skills/wds-5-agentic-development/templates/components/dev-mode.html	X	vendored-agent-tooling
.agents/skills/wds-5-agentic-development/templates/components/dev-mode.js	X	vendored-agent-tooling
.agents/skills/wds-5-agentic-development/templates/demo-data-template.json	X	vendored-agent-tooling
.agents/skills/wds-5-agentic-development/templates/page-template.html	X	vendored-agent-tooling
.agents/skills/wds-5-agentic-development/templates/story-file-template.md	X	vendored-agent-tooling
.agents/skills/wds-5-agentic-development/templates/work-file-template.yaml	X	vendored-agent-tooling
.agents/skills/wds-5-agentic-development/workflow-acceptance-testing.md	X	vendored-agent-tooling
.agents/skills/wds-5-agentic-development/workflow-analysis.md	X	vendored-agent-tooling
.agents/skills/wds-5-agentic-development/workflow-bugfixing.md	X	vendored-agent-tooling
.agents/skills/wds-5-agentic-development/workflow-development.md	X	vendored-agent-tooling
.agents/skills/wds-5-agentic-development/workflow-evolution.md	X	vendored-agent-tooling
.agents/skills/wds-5-agentic-development/workflow-prototyping.md	X	vendored-agent-tooling
.agents/skills/wds-5-agentic-development/workflow-reverse-engineering.md	X	vendored-agent-tooling
.agents/skills/wds-5-agentic-development/workflow.md	X	vendored-agent-tooling
.agents/skills/wds-6-asset-generation/SKILL.md	X	vendored-agent-tooling
.agents/skills/wds-6-asset-generation/data/00-purpose-examples.md	X	vendored-agent-tooling
.agents/skills/wds-6-asset-generation/data/03-action-filter-example.md	X	vendored-agent-tooling
.agents/skills/wds-6-asset-generation/data/04-badass-users-principles.md	X	vendored-agent-tooling
.agents/skills/wds-6-asset-generation/data/04-example-empowerment-frame.md	X	vendored-agent-tooling
.agents/skills/wds-6-asset-generation/data/05-example-golden-circle.md	X	vendored-agent-tooling
.agents/skills/wds-6-asset-generation/data/05-golden-circle-guide.md	X	vendored-agent-tooling
.agents/skills/wds-6-asset-generation/data/06-example-hairdresser-newsletter.md	X	vendored-agent-tooling
.agents/skills/wds-6-asset-generation/data/06-generation-instructions.md	X	vendored-agent-tooling
.agents/skills/wds-6-asset-generation/data/content-creation-workshop-guide.md	X	vendored-agent-tooling
.agents/skills/wds-6-asset-generation/data/figma-designer-guide.md	X	vendored-agent-tooling
.agents/skills/wds-6-asset-generation/data/figma-integration-guide.md	X	vendored-agent-tooling
.agents/skills/wds-6-asset-generation/data/figma-integration-summary.md	X	vendored-agent-tooling
.agents/skills/wds-6-asset-generation/data/figma-mcp-integration.md	X	vendored-agent-tooling
.agents/skills/wds-6-asset-generation/data/figma-plugin-setup.md	X	vendored-agent-tooling
.agents/skills/wds-6-asset-generation/data/figma-spec-preparation.md	X	vendored-agent-tooling
.agents/skills/wds-6-asset-generation/data/mcp-server-integration.md	X	vendored-agent-tooling
.agents/skills/wds-6-asset-generation/data/prototype-to-figma-workflow.md	X	vendored-agent-tooling
.agents/skills/wds-6-asset-generation/data/styles/content-styles/3d-render.md	X	vendored-agent-tooling
.agents/skills/wds-6-asset-generation/data/styles/content-styles/comic-book.md	X	vendored-agent-tooling
.agents/skills/wds-6-asset-generation/data/styles/content-styles/flat-design.md	X	vendored-agent-tooling
.agents/skills/wds-6-asset-generation/data/styles/content-styles/hyper-realistic.md	X	vendored-agent-tooling
.agents/skills/wds-6-asset-generation/data/styles/content-styles/illustration.md	X	vendored-agent-tooling
.agents/skills/wds-6-asset-generation/data/styles/content-styles/isometric.md	X	vendored-agent-tooling
.agents/skills/wds-6-asset-generation/data/styles/content-styles/line-art.md	X	vendored-agent-tooling
.agents/skills/wds-6-asset-generation/data/styles/content-styles/pencil-sketch.md	X	vendored-agent-tooling
.agents/skills/wds-6-asset-generation/data/styles/content-styles/photorealistic.md	X	vendored-agent-tooling
.agents/skills/wds-6-asset-generation/data/styles/content-styles/watercolor.md	X	vendored-agent-tooling
.agents/skills/wds-6-asset-generation/data/styles/design-styles/brutalist.md	X	vendored-agent-tooling
.agents/skills/wds-6-asset-generation/data/styles/design-styles/corporate.md	X	vendored-agent-tooling
.agents/skills/wds-6-asset-generation/data/styles/design-styles/editorial.md	X	vendored-agent-tooling
.agents/skills/wds-6-asset-generation/data/styles/design-styles/minimal.md	X	vendored-agent-tooling
.agents/skills/wds-6-asset-generation/data/styles/design-styles/organic.md	X	vendored-agent-tooling
.agents/skills/wds-6-asset-generation/data/styles/design-styles/playful.md	X	vendored-agent-tooling
.agents/skills/wds-6-asset-generation/data/tools-reference.md	X	vendored-agent-tooling
.agents/skills/wds-6-asset-generation/data/when-to-extract-decision-guide.md	X	vendored-agent-tooling
.agents/skills/wds-6-asset-generation/steps-c/step-00-define-purpose.md	X	vendored-agent-tooling
.agents/skills/wds-6-asset-generation/steps-c/step-01-load-trigger-map-context.md	X	vendored-agent-tooling
.agents/skills/wds-6-asset-generation/steps-c/step-02-awareness-strategy.md	X	vendored-agent-tooling
.agents/skills/wds-6-asset-generation/steps-c/step-03-action-filter.md	X	vendored-agent-tooling
.agents/skills/wds-6-asset-generation/steps-c/step-04-empowerment-frame.md	X	vendored-agent-tooling
.agents/skills/wds-6-asset-generation/steps-c/step-05-structural-order.md	X	vendored-agent-tooling
.agents/skills/wds-6-asset-generation/steps-c/step-06-generate-content.md	X	vendored-agent-tooling
.agents/skills/wds-6-asset-generation/steps-f/step-01-connection-check.md	X	vendored-agent-tooling
.agents/skills/wds-6-asset-generation/steps-f/step-02-identify-export-type.md	X	vendored-agent-tooling
.agents/skills/wds-6-asset-generation/steps-f/step-03-prepare-specifications.md	X	vendored-agent-tooling
.agents/skills/wds-6-asset-generation/steps-f/step-04-generate-validate.md	X	vendored-agent-tooling
.agents/skills/wds-6-asset-generation/steps-f/step-05-execute-export.md	X	vendored-agent-tooling
.agents/skills/wds-6-asset-generation/steps-i/step-01-load-context.md	X	vendored-agent-tooling
.agents/skills/wds-6-asset-generation/steps-i/step-02-inventory.md	X	vendored-agent-tooling
.agents/skills/wds-6-asset-generation/steps-i/step-03-select-style.md	X	vendored-agent-tooling
.agents/skills/wds-6-asset-generation/steps-i/step-04-generate.md	X	vendored-agent-tooling
.agents/skills/wds-6-asset-generation/steps-i/step-05-review.md	X	vendored-agent-tooling
.agents/skills/wds-6-asset-generation/steps-m/step-01-load-context.md	X	vendored-agent-tooling
.agents/skills/wds-6-asset-generation/steps-m/step-02-inventory.md	X	vendored-agent-tooling
.agents/skills/wds-6-asset-generation/steps-m/step-03-select-style.md	X	vendored-agent-tooling
.agents/skills/wds-6-asset-generation/steps-m/step-04-references.md	X	vendored-agent-tooling
.agents/skills/wds-6-asset-generation/steps-m/step-05-generate.md	X	vendored-agent-tooling
.agents/skills/wds-6-asset-generation/steps-m/step-06-review.md	X	vendored-agent-tooling
.agents/skills/wds-6-asset-generation/steps-p/step-01-load-context.md	X	vendored-agent-tooling
.agents/skills/wds-6-asset-generation/steps-p/step-02-inventory.md	X	vendored-agent-tooling
.agents/skills/wds-6-asset-generation/steps-p/step-03-select-style.md	X	vendored-agent-tooling
.agents/skills/wds-6-asset-generation/steps-p/step-04-generate.md	X	vendored-agent-tooling
.agents/skills/wds-6-asset-generation/steps-p/step-05-review.md	X	vendored-agent-tooling
.agents/skills/wds-6-asset-generation/steps-u/step-01-load-context.md	X	vendored-agent-tooling
.agents/skills/wds-6-asset-generation/steps-u/step-02-inventory.md	X	vendored-agent-tooling
.agents/skills/wds-6-asset-generation/steps-u/step-03-select-style.md	X	vendored-agent-tooling
.agents/skills/wds-6-asset-generation/steps-u/step-04-generate.md	X	vendored-agent-tooling
.agents/skills/wds-6-asset-generation/steps-u/step-05-review.md	X	vendored-agent-tooling
.agents/skills/wds-6-asset-generation/steps-v/step-01-load-context.md	X	vendored-agent-tooling
.agents/skills/wds-6-asset-generation/steps-v/step-02-inventory.md	X	vendored-agent-tooling
.agents/skills/wds-6-asset-generation/steps-v/step-03-select-style.md	X	vendored-agent-tooling
.agents/skills/wds-6-asset-generation/steps-v/step-04-generate.md	X	vendored-agent-tooling
.agents/skills/wds-6-asset-generation/steps-v/step-05-review.md	X	vendored-agent-tooling
.agents/skills/wds-6-asset-generation/steps-w/step-01-load-context.md	X	vendored-agent-tooling
.agents/skills/wds-6-asset-generation/steps-w/step-02-inventory.md	X	vendored-agent-tooling
.agents/skills/wds-6-asset-generation/steps-w/step-03-select-style.md	X	vendored-agent-tooling
.agents/skills/wds-6-asset-generation/steps-w/step-04-generate.md	X	vendored-agent-tooling
.agents/skills/wds-6-asset-generation/steps-w/step-05-review.md	X	vendored-agent-tooling
.agents/skills/wds-6-asset-generation/templates/content-output.template.md	X	vendored-agent-tooling
.agents/skills/wds-6-asset-generation/templates/stitch-prompt.template.md	X	vendored-agent-tooling
.agents/skills/wds-6-asset-generation/workflow-content.md	X	vendored-agent-tooling
.agents/skills/wds-6-asset-generation/workflow-figma.md	X	vendored-agent-tooling
.agents/skills/wds-6-asset-generation/workflow-icons.md	X	vendored-agent-tooling
.agents/skills/wds-6-asset-generation/workflow-images.md	X	vendored-agent-tooling
.agents/skills/wds-6-asset-generation/workflow-page-designs.md	X	vendored-agent-tooling
.agents/skills/wds-6-asset-generation/workflow-stitch.md	X	vendored-agent-tooling
.agents/skills/wds-6-asset-generation/workflow-ui-elements.md	X	vendored-agent-tooling
.agents/skills/wds-6-asset-generation/workflow-videos.md	X	vendored-agent-tooling
.agents/skills/wds-6-asset-generation/workflow-wireframes.md	X	vendored-agent-tooling
.agents/skills/wds-6-asset-generation/workflow.md	X	vendored-agent-tooling
.agents/skills/wds-7-design-system/SKILL.md	X	vendored-agent-tooling
.agents/skills/wds-7-design-system/data/design-system-guide.md	X	vendored-agent-tooling
.agents/skills/wds-7-design-system/steps-c/step-01-scan-existing.md	X	vendored-agent-tooling
.agents/skills/wds-7-design-system/steps-c/step-02-compare-attributes.md	X	vendored-agent-tooling
.agents/skills/wds-7-design-system/steps-c/step-03-calculate-similarity.md	X	vendored-agent-tooling
.agents/skills/wds-7-design-system/steps-c/step-04-identify-opportunities.md	X	vendored-agent-tooling
.agents/skills/wds-7-design-system/steps-c/step-05-identify-risks.md	X	vendored-agent-tooling
.agents/skills/wds-7-design-system/steps-c/step-06-present-decision.md	X	vendored-agent-tooling
.agents/skills/wds-7-design-system/steps-c/step-07-execute-decision.md	X	vendored-agent-tooling
.agents/skills/wds-7-design-system/steps-c/step-08a-initialize-design-system.md	X	vendored-agent-tooling
.agents/skills/wds-7-design-system/steps-c/step-08b-create-new-component.md	X	vendored-agent-tooling
.agents/skills/wds-7-design-system/steps-c/step-08c-update-component.md	X	vendored-agent-tooling
.agents/skills/wds-7-design-system/steps-c/step-08d-add-variant.md	X	vendored-agent-tooling
.agents/skills/wds-7-design-system/steps-c/step-08e-generate-catalog.md	X	vendored-agent-tooling
.agents/skills/wds-7-design-system/templates/catalog.template.html	X	vendored-agent-tooling
.agents/skills/wds-7-design-system/templates/component-library-config.template.md	X	vendored-agent-tooling
.agents/skills/wds-7-design-system/templates/component.template.md	X	vendored-agent-tooling
.agents/skills/wds-7-design-system/templates/design-tokens.template.md	X	vendored-agent-tooling
.agents/skills/wds-7-design-system/workflow-browse.md	X	vendored-agent-tooling
.agents/skills/wds-7-design-system/workflow-create.md	X	vendored-agent-tooling
.agents/skills/wds-7-design-system/workflow-edit.md	X	vendored-agent-tooling
.agents/skills/wds-7-design-system/workflow-import.md	X	vendored-agent-tooling
.agents/skills/wds-7-design-system/workflow-view.md	X	vendored-agent-tooling
.agents/skills/wds-7-design-system/workflow.md	X	vendored-agent-tooling
.agents/skills/wds-8-product-evolution/SKILL.md	X	vendored-agent-tooling
.agents/skills/wds-8-product-evolution/data/context-templates.md	X	vendored-agent-tooling
.agents/skills/wds-8-product-evolution/data/delivery-templates.md	X	vendored-agent-tooling
.agents/skills/wds-8-product-evolution/data/design-templates.md	X	vendored-agent-tooling
.agents/skills/wds-8-product-evolution/data/existing-product-guide.md	X	vendored-agent-tooling
.agents/skills/wds-8-product-evolution/data/kaizen-iteration-guide.md	X	vendored-agent-tooling
.agents/skills/wds-8-product-evolution/data/kaizen-principles.md	X	vendored-agent-tooling
.agents/skills/wds-8-product-evolution/data/monitoring-guide.md	X	vendored-agent-tooling
.agents/skills/wds-8-product-evolution/data/monitoring-templates.md	X	vendored-agent-tooling
.agents/skills/wds-8-product-evolution/steps-a/step-01-identify.md	X	vendored-agent-tooling
.agents/skills/wds-8-product-evolution/steps-a/step-02-gather-context.md	X	vendored-agent-tooling
.agents/skills/wds-8-product-evolution/steps-d/step-01-design-update.md	X	vendored-agent-tooling
.agents/skills/wds-8-product-evolution/steps-p/step-01-create-delivery.md	X	vendored-agent-tooling
.agents/skills/wds-8-product-evolution/steps-p/step-02-hand-off.md	X	vendored-agent-tooling
.agents/skills/wds-8-product-evolution/steps-t/step-01-validate.md	X	vendored-agent-tooling
.agents/skills/wds-8-product-evolution/workflow-analyze.md	X	vendored-agent-tooling
.agents/skills/wds-8-product-evolution/workflow-deploy.md	X	vendored-agent-tooling
.agents/skills/wds-8-product-evolution/workflow-design.md	X	vendored-agent-tooling
.agents/skills/wds-8-product-evolution/workflow-implement.md	X	vendored-agent-tooling
.agents/skills/wds-8-product-evolution/workflow-scope.md	X	vendored-agent-tooling
.agents/skills/wds-8-product-evolution/workflow-test.md	X	vendored-agent-tooling
.agents/skills/wds-8-product-evolution/workflow.md	X	vendored-agent-tooling
.agents/skills/wds-agent-freya-ux/SKILL.md	X	vendored-agent-tooling
.agents/skills/wds-agent-freya-ux/customize.toml	X	vendored-agent-tooling
.agents/skills/wds-agent-mimir-builder/SKILL.md	X	vendored-agent-tooling
.agents/skills/wds-agent-mimir-builder/customize.toml	X	vendored-agent-tooling
.agents/skills/wds-agent-saga-analyst/SKILL.md	X	vendored-agent-tooling
.agents/skills/wds-agent-saga-analyst/customize.toml	X	vendored-agent-tooling
.claude/settings.json	X	vendored-agent-tooling
.claude/skills/bmad-advanced-elicitation/SKILL.md	X	vendored-agent-tooling
.claude/skills/bmad-advanced-elicitation/methods.csv	X	vendored-agent-tooling
.claude/skills/bmad-analyst/SKILL.md	X	vendored-agent-tooling
.claude/skills/bmad-architect/SKILL.md	X	vendored-agent-tooling
.claude/skills/bmad-brainstorming/SKILL.md	X	vendored-agent-tooling
.claude/skills/bmad-brainstorming/brain-methods.csv	X	vendored-agent-tooling
.claude/skills/bmad-brainstorming/steps/step-01-session-setup.md	X	vendored-agent-tooling
.claude/skills/bmad-brainstorming/steps/step-01b-continue.md	X	vendored-agent-tooling
.claude/skills/bmad-brainstorming/steps/step-02a-user-selected.md	X	vendored-agent-tooling
.claude/skills/bmad-brainstorming/steps/step-02b-ai-recommended.md	X	vendored-agent-tooling
.claude/skills/bmad-brainstorming/steps/step-02c-random-selection.md	X	vendored-agent-tooling
.claude/skills/bmad-brainstorming/steps/step-02d-progressive-flow.md	X	vendored-agent-tooling
.claude/skills/bmad-brainstorming/steps/step-03-technique-execution.md	X	vendored-agent-tooling
.claude/skills/bmad-brainstorming/steps/step-04-idea-organization.md	X	vendored-agent-tooling
.claude/skills/bmad-brainstorming/template.md	X	vendored-agent-tooling
.claude/skills/bmad-brainstorming/workflow.md	X	vendored-agent-tooling
.claude/skills/bmad-check-implementation-readiness/SKILL.md	X	vendored-agent-tooling
.claude/skills/bmad-code-review/SKILL.md	X	vendored-agent-tooling
.claude/skills/bmad-correct-course/SKILL.md	X	vendored-agent-tooling
.claude/skills/bmad-create-architecture/SKILL.md	X	vendored-agent-tooling
.claude/skills/bmad-create-epics-and-stories/SKILL.md	X	vendored-agent-tooling
.claude/skills/bmad-create-prd/SKILL.md	X	vendored-agent-tooling
.claude/skills/bmad-create-story/SKILL.md	X	vendored-agent-tooling
.claude/skills/bmad-create-story/checklist.md	X	vendored-agent-tooling
.claude/skills/bmad-create-story/discover-inputs.md	X	vendored-agent-tooling
.claude/skills/bmad-create-story/template.md	X	vendored-agent-tooling
.claude/skills/bmad-dev-story/SKILL.md	X	vendored-agent-tooling
.claude/skills/bmad-dev/SKILL.md	X	vendored-agent-tooling
.claude/skills/bmad-document-project/SKILL.md	X	vendored-agent-tooling
.claude/skills/bmad-domain-research/SKILL.md	X	vendored-agent-tooling
.claude/skills/bmad-domain-research/domain-steps/step-01-init.md	X	vendored-agent-tooling
.claude/skills/bmad-domain-research/domain-steps/step-02-domain-analysis.md	X	vendored-agent-tooling
.claude/skills/bmad-domain-research/domain-steps/step-03-competitive-landscape.md	X	vendored-agent-tooling
.claude/skills/bmad-domain-research/domain-steps/step-04-regulatory-focus.md	X	vendored-agent-tooling
.claude/skills/bmad-domain-research/domain-steps/step-05-technical-trends.md	X	vendored-agent-tooling
.claude/skills/bmad-domain-research/domain-steps/step-06-research-synthesis.md	X	vendored-agent-tooling
.claude/skills/bmad-domain-research/research.template.md	X	vendored-agent-tooling
.claude/skills/bmad-edit-prd/SKILL.md	X	vendored-agent-tooling
.claude/skills/bmad-editorial-review-prose/SKILL.md	X	vendored-agent-tooling
.claude/skills/bmad-editorial-review-structure/SKILL.md	X	vendored-agent-tooling
.claude/skills/bmad-generate-project-context/SKILL.md	X	vendored-agent-tooling
.claude/skills/bmad-help/SKILL.md	X	vendored-agent-tooling
.claude/skills/bmad-index-docs/SKILL.md	X	vendored-agent-tooling
.claude/skills/bmad-market-research/SKILL.md	X	vendored-agent-tooling
.claude/skills/bmad-master/SKILL.md	X	vendored-agent-tooling
.claude/skills/bmad-party-mode/SKILL.md	X	vendored-agent-tooling
.claude/skills/bmad-pm/SKILL.md	X	vendored-agent-tooling
.claude/skills/bmad-qa-generate-e2e-tests/SKILL.md	X	vendored-agent-tooling
.claude/skills/bmad-qa/SKILL.md	X	vendored-agent-tooling
.claude/skills/bmad-quick-dev/SKILL.md	X	vendored-agent-tooling
.claude/skills/bmad-quick-flow-solo-dev/SKILL.md	X	vendored-agent-tooling
.claude/skills/bmad-retrospective/SKILL.md	X	vendored-agent-tooling
.claude/skills/bmad-review-adversarial-general/SKILL.md	X	vendored-agent-tooling
.claude/skills/bmad-review-edge-case-hunter/SKILL.md	X	vendored-agent-tooling
.claude/skills/bmad-shard-doc/SKILL.md	X	vendored-agent-tooling
.claude/skills/bmad-sm/SKILL.md	X	vendored-agent-tooling
.claude/skills/bmad-sprint-planning/SKILL.md	X	vendored-agent-tooling
.claude/skills/bmad-sprint-status/SKILL.md	X	vendored-agent-tooling
.claude/skills/bmad-tech-writer/SKILL.md	X	vendored-agent-tooling
.claude/skills/bmad-technical-research/SKILL.md	X	vendored-agent-tooling
.claude/skills/bmad-ux-designer/SKILL.md	X	vendored-agent-tooling
.claude/skills/bmad-validate-prd/SKILL.md	X	vendored-agent-tooling
.claude/skills/bmad-wds-Modular Component Architecture/SKILL.md	X	vendored-agent-tooling
.claude/skills/bmad-wds-Object Type Router/SKILL.md	X	vendored-agent-tooling
.claude/skills/bmad-wds-acceptance-test/SKILL.md	X	vendored-agent-tooling
.claude/skills/bmad-wds-acceptance-testing/SKILL.md	X	vendored-agent-tooling
.claude/skills/bmad-wds-agentic-development/SKILL.md	X	vendored-agent-tooling
.claude/skills/bmad-wds-alignment-signoff/SKILL.md	X	vendored-agent-tooling
.claude/skills/bmad-wds-analysis/SKILL.md	X	vendored-agent-tooling
.claude/skills/bmad-wds-analyze-product/SKILL.md	X	vendored-agent-tooling
.claude/skills/bmad-wds-asset-generation/SKILL.md	X	vendored-agent-tooling
.claude/skills/bmad-wds-browse-design-system/SKILL.md	X	vendored-agent-tooling
.claude/skills/bmad-wds-bugfixing/SKILL.md	X	vendored-agent-tooling
.claude/skills/bmad-wds-content-creation/SKILL.md	X	vendored-agent-tooling
.claude/skills/bmad-wds-create-design-system/SKILL.md	X	vendored-agent-tooling
.claude/skills/bmad-wds-deploy/SKILL.md	X	vendored-agent-tooling
.claude/skills/bmad-wds-design-solution/SKILL.md	X	vendored-agent-tooling
.claude/skills/bmad-wds-design-system/SKILL.md	X	vendored-agent-tooling
.claude/skills/bmad-wds-development/SKILL.md	X	vendored-agent-tooling
.claude/skills/bmad-wds-edit-components/SKILL.md	X	vendored-agent-tooling
.claude/skills/bmad-wds-evolution/SKILL.md	X	vendored-agent-tooling
.claude/skills/bmad-wds-figma-integration/SKILL.md	X	vendored-agent-tooling
.claude/skills/bmad-wds-handover/SKILL.md	X	vendored-agent-tooling
.claude/skills/bmad-wds-icons/SKILL.md	X	vendored-agent-tooling
.claude/skills/bmad-wds-images/SKILL.md	X	vendored-agent-tooling
.claude/skills/bmad-wds-implement/SKILL.md	X	vendored-agent-tooling
.claude/skills/bmad-wds-import-design-system/SKILL.md	X	vendored-agent-tooling
.claude/skills/bmad-wds-page-designs/SKILL.md	X	vendored-agent-tooling
.claude/skills/bmad-wds-product-evolution/SKILL.md	X	vendored-agent-tooling
.claude/skills/bmad-wds-project-brief/SKILL.md	X	vendored-agent-tooling
.claude/skills/bmad-wds-project-setup/SKILL.md	X	vendored-agent-tooling
.claude/skills/bmad-wds-prototyping/SKILL.md	X	vendored-agent-tooling
.claude/skills/bmad-wds-reverse-engineering/SKILL.md	X	vendored-agent-tooling
.claude/skills/bmad-wds-scenarios-validate/SKILL.md	X	vendored-agent-tooling
.claude/skills/bmad-wds-scenarios/SKILL.md	X	vendored-agent-tooling
.claude/skills/bmad-wds-scope-improvement/SKILL.md	X	vendored-agent-tooling
.claude/skills/bmad-wds-stitch-generation/SKILL.md	X	vendored-agent-tooling
.claude/skills/bmad-wds-trigger-mapping-validate/SKILL.md	X	vendored-agent-tooling
.claude/skills/bmad-wds-trigger-mapping/SKILL.md	X	vendored-agent-tooling
.claude/skills/bmad-wds-ui-elements/SKILL.md	X	vendored-agent-tooling
.claude/skills/bmad-wds-ux-design/SKILL.md	X	vendored-agent-tooling
.claude/skills/bmad-wds-videos/SKILL.md	X	vendored-agent-tooling
.claude/skills/bmad-wds-view-components/SKILL.md	X	vendored-agent-tooling
.claude/skills/bmad-wds-wireframes/SKILL.md	X	vendored-agent-tooling
.claude/skills/bmad-wds-workflow-design-system/SKILL.md	X	vendored-agent-tooling
.claude/skills/bmad-wds-workflow-discuss/SKILL.md	X	vendored-agent-tooling
.claude/skills/bmad-wds-workflow-dream/SKILL.md	X	vendored-agent-tooling
.claude/skills/bmad-wds-workflow-sketch/SKILL.md	X	vendored-agent-tooling
.claude/skills/bmad-wds-workflow-specify/SKILL.md	X	vendored-agent-tooling
.claude/skills/bmad-wds-workflow-suggest/SKILL.md	X	vendored-agent-tooling
.claude/skills/bmad-wds-workflow-validate/SKILL.md	X	vendored-agent-tooling
.claude/skills/bmad-wds-workflow-visual/SKILL.md	X	vendored-agent-tooling
.cursor/skills/bmad-advanced-elicitation/SKILL.md	X	vendored-agent-tooling
.cursor/skills/bmad-advanced-elicitation/bmad-skill-manifest.yaml	X	vendored-agent-tooling
.cursor/skills/bmad-advanced-elicitation/methods.csv	X	vendored-agent-tooling
.cursor/skills/bmad-advanced-elicitation/workflow.md	X	vendored-agent-tooling
.cursor/skills/bmad-analyst/SKILL.md	X	vendored-agent-tooling
.cursor/skills/bmad-architect/SKILL.md	X	vendored-agent-tooling
.cursor/skills/bmad-brainstorming/SKILL.md	X	vendored-agent-tooling
.cursor/skills/bmad-brainstorming/bmad-skill-manifest.yaml	X	vendored-agent-tooling
.cursor/skills/bmad-brainstorming/brain-methods.csv	X	vendored-agent-tooling
.cursor/skills/bmad-brainstorming/steps/step-01-session-setup.md	X	vendored-agent-tooling
.cursor/skills/bmad-brainstorming/steps/step-01b-continue.md	X	vendored-agent-tooling
.cursor/skills/bmad-brainstorming/steps/step-02a-user-selected.md	X	vendored-agent-tooling
.cursor/skills/bmad-brainstorming/steps/step-02b-ai-recommended.md	X	vendored-agent-tooling
.cursor/skills/bmad-brainstorming/steps/step-02c-random-selection.md	X	vendored-agent-tooling
.cursor/skills/bmad-brainstorming/steps/step-02d-progressive-flow.md	X	vendored-agent-tooling
.cursor/skills/bmad-brainstorming/steps/step-03-technique-execution.md	X	vendored-agent-tooling
.cursor/skills/bmad-brainstorming/steps/step-04-idea-organization.md	X	vendored-agent-tooling
.cursor/skills/bmad-brainstorming/template.md	X	vendored-agent-tooling
.cursor/skills/bmad-brainstorming/workflow.md	X	vendored-agent-tooling
.cursor/skills/bmad-check-implementation-readiness/SKILL.md	X	vendored-agent-tooling
.cursor/skills/bmad-code-review/SKILL.md	X	vendored-agent-tooling
.cursor/skills/bmad-correct-course/SKILL.md	X	vendored-agent-tooling
.cursor/skills/bmad-create-architecture/SKILL.md	X	vendored-agent-tooling
.cursor/skills/bmad-create-epics-and-stories/SKILL.md	X	vendored-agent-tooling
.cursor/skills/bmad-create-prd/SKILL.md	X	vendored-agent-tooling
.cursor/skills/bmad-create-product-brief/SKILL.md	X	vendored-agent-tooling
.cursor/skills/bmad-create-story/SKILL.md	X	vendored-agent-tooling
.cursor/skills/bmad-create-story/bmad-skill-manifest.yaml	X	vendored-agent-tooling
.cursor/skills/bmad-create-story/checklist.md	X	vendored-agent-tooling
.cursor/skills/bmad-create-story/discover-inputs.md	X	vendored-agent-tooling
.cursor/skills/bmad-create-story/template.md	X	vendored-agent-tooling
.cursor/skills/bmad-create-story/workflow.md	X	vendored-agent-tooling
.cursor/skills/bmad-create-ux-design/SKILL.md	X	vendored-agent-tooling
.cursor/skills/bmad-dev-story/SKILL.md	X	vendored-agent-tooling
.cursor/skills/bmad-dev/SKILL.md	X	vendored-agent-tooling
.cursor/skills/bmad-document-project/SKILL.md	X	vendored-agent-tooling
.cursor/skills/bmad-domain-research/SKILL.md	X	vendored-agent-tooling
.cursor/skills/bmad-domain-research/bmad-skill-manifest.yaml	X	vendored-agent-tooling
.cursor/skills/bmad-domain-research/domain-steps/step-01-init.md	X	vendored-agent-tooling
.cursor/skills/bmad-domain-research/domain-steps/step-02-domain-analysis.md	X	vendored-agent-tooling
.cursor/skills/bmad-domain-research/domain-steps/step-03-competitive-landscape.md	X	vendored-agent-tooling
.cursor/skills/bmad-domain-research/domain-steps/step-04-regulatory-focus.md	X	vendored-agent-tooling
.cursor/skills/bmad-domain-research/domain-steps/step-05-technical-trends.md	X	vendored-agent-tooling
.cursor/skills/bmad-domain-research/domain-steps/step-06-research-synthesis.md	X	vendored-agent-tooling
.cursor/skills/bmad-domain-research/research.template.md	X	vendored-agent-tooling
.cursor/skills/bmad-domain-research/workflow.md	X	vendored-agent-tooling
.cursor/skills/bmad-edit-prd/SKILL.md	X	vendored-agent-tooling
.cursor/skills/bmad-editorial-review-prose/SKILL.md	X	vendored-agent-tooling
.cursor/skills/bmad-editorial-review-prose/bmad-skill-manifest.yaml	X	vendored-agent-tooling
.cursor/skills/bmad-editorial-review-prose/workflow.md	X	vendored-agent-tooling
.cursor/skills/bmad-editorial-review-structure/SKILL.md	X	vendored-agent-tooling
.cursor/skills/bmad-editorial-review-structure/bmad-skill-manifest.yaml	X	vendored-agent-tooling
.cursor/skills/bmad-editorial-review-structure/workflow.md	X	vendored-agent-tooling
.cursor/skills/bmad-generate-project-context/SKILL.md	X	vendored-agent-tooling
.cursor/skills/bmad-help/SKILL.md	X	vendored-agent-tooling
.cursor/skills/bmad-help/bmad-skill-manifest.yaml	X	vendored-agent-tooling
.cursor/skills/bmad-help/workflow.md	X	vendored-agent-tooling
.cursor/skills/bmad-index-docs/SKILL.md	X	vendored-agent-tooling
.cursor/skills/bmad-index-docs/bmad-skill-manifest.yaml	X	vendored-agent-tooling
.cursor/skills/bmad-index-docs/workflow.md	X	vendored-agent-tooling
.cursor/skills/bmad-market-research/SKILL.md	X	vendored-agent-tooling
.cursor/skills/bmad-master/SKILL.md	X	vendored-agent-tooling
.cursor/skills/bmad-party-mode/SKILL.md	X	vendored-agent-tooling
.cursor/skills/bmad-party-mode/bmad-skill-manifest.yaml	X	vendored-agent-tooling
.cursor/skills/bmad-party-mode/steps/step-01-agent-loading.md	X	vendored-agent-tooling
.cursor/skills/bmad-party-mode/steps/step-02-discussion-orchestration.md	X	vendored-agent-tooling
.cursor/skills/bmad-party-mode/steps/step-03-graceful-exit.md	X	vendored-agent-tooling
.cursor/skills/bmad-party-mode/workflow.md	X	vendored-agent-tooling
.cursor/skills/bmad-pm/SKILL.md	X	vendored-agent-tooling
.cursor/skills/bmad-qa-generate-e2e-tests/SKILL.md	X	vendored-agent-tooling
.cursor/skills/bmad-qa/SKILL.md	X	vendored-agent-tooling
.cursor/skills/bmad-quick-dev-new-preview/SKILL.md	X	vendored-agent-tooling
.cursor/skills/bmad-quick-dev-new-preview/bmad-skill-manifest.yaml	X	vendored-agent-tooling
.cursor/skills/bmad-quick-dev-new-preview/steps/step-01-clarify-and-route.md	X	vendored-agent-tooling
.cursor/skills/bmad-quick-dev-new-preview/steps/step-02-plan.md	X	vendored-agent-tooling
.cursor/skills/bmad-quick-dev-new-preview/steps/step-03-implement.md	X	vendored-agent-tooling
.cursor/skills/bmad-quick-dev-new-preview/steps/step-04-review.md	X	vendored-agent-tooling
.cursor/skills/bmad-quick-dev-new-preview/steps/step-05-present.md	X	vendored-agent-tooling
.cursor/skills/bmad-quick-dev-new-preview/tech-spec-template.md	X	vendored-agent-tooling
.cursor/skills/bmad-quick-dev-new-preview/workflow.md	X	vendored-agent-tooling
.cursor/skills/bmad-quick-dev/SKILL.md	X	vendored-agent-tooling
.cursor/skills/bmad-quick-dev/bmad-skill-manifest.yaml	X	vendored-agent-tooling
.cursor/skills/bmad-quick-dev/steps/step-01-mode-detection.md	X	vendored-agent-tooling
.cursor/skills/bmad-quick-dev/steps/step-02-context-gathering.md	X	vendored-agent-tooling
.cursor/skills/bmad-quick-dev/steps/step-03-execute.md	X	vendored-agent-tooling
.cursor/skills/bmad-quick-dev/steps/step-04-self-check.md	X	vendored-agent-tooling
.cursor/skills/bmad-quick-dev/steps/step-05-adversarial-review.md	X	vendored-agent-tooling
.cursor/skills/bmad-quick-dev/steps/step-06-resolve-findings.md	X	vendored-agent-tooling
.cursor/skills/bmad-quick-dev/workflow.md	X	vendored-agent-tooling
.cursor/skills/bmad-quick-flow-solo-dev/SKILL.md	X	vendored-agent-tooling
.cursor/skills/bmad-quick-spec/SKILL.md	X	vendored-agent-tooling
.cursor/skills/bmad-retrospective/SKILL.md	X	vendored-agent-tooling
.cursor/skills/bmad-review-adversarial-general/SKILL.md	X	vendored-agent-tooling
.cursor/skills/bmad-review-adversarial-general/bmad-skill-manifest.yaml	X	vendored-agent-tooling
.cursor/skills/bmad-review-adversarial-general/workflow.md	X	vendored-agent-tooling
.cursor/skills/bmad-review-edge-case-hunter/SKILL.md	X	vendored-agent-tooling
.cursor/skills/bmad-review-edge-case-hunter/bmad-skill-manifest.yaml	X	vendored-agent-tooling
.cursor/skills/bmad-review-edge-case-hunter/workflow.md	X	vendored-agent-tooling
.cursor/skills/bmad-shard-doc/SKILL.md	X	vendored-agent-tooling
.cursor/skills/bmad-shard-doc/bmad-skill-manifest.yaml	X	vendored-agent-tooling
.cursor/skills/bmad-shard-doc/workflow.md	X	vendored-agent-tooling
.cursor/skills/bmad-sm/SKILL.md	X	vendored-agent-tooling
.cursor/skills/bmad-sprint-planning/SKILL.md	X	vendored-agent-tooling
.cursor/skills/bmad-sprint-status/SKILL.md	X	vendored-agent-tooling
.cursor/skills/bmad-tech-writer/SKILL.md	X	vendored-agent-tooling
.cursor/skills/bmad-technical-research/SKILL.md	X	vendored-agent-tooling
.cursor/skills/bmad-ux-designer/SKILL.md	X	vendored-agent-tooling
.cursor/skills/bmad-validate-prd/SKILL.md	X	vendored-agent-tooling
.cursor/skills/bmad-wds-Modular Component Architecture/SKILL.md	X	vendored-agent-tooling
.cursor/skills/bmad-wds-Object Type Router/SKILL.md	X	vendored-agent-tooling
.cursor/skills/bmad-wds-acceptance-test/SKILL.md	X	vendored-agent-tooling
.cursor/skills/bmad-wds-acceptance-testing/SKILL.md	X	vendored-agent-tooling
.cursor/skills/bmad-wds-agentic-development/SKILL.md	X	vendored-agent-tooling
.cursor/skills/bmad-wds-alignment-signoff/SKILL.md	X	vendored-agent-tooling
.cursor/skills/bmad-wds-analysis/SKILL.md	X	vendored-agent-tooling
.cursor/skills/bmad-wds-analyze-product/SKILL.md	X	vendored-agent-tooling
.cursor/skills/bmad-wds-asset-generation/SKILL.md	X	vendored-agent-tooling
.cursor/skills/bmad-wds-browse-design-system/SKILL.md	X	vendored-agent-tooling
.cursor/skills/bmad-wds-bugfixing/SKILL.md	X	vendored-agent-tooling
.cursor/skills/bmad-wds-content-creation/SKILL.md	X	vendored-agent-tooling
.cursor/skills/bmad-wds-create-design-system/SKILL.md	X	vendored-agent-tooling
.cursor/skills/bmad-wds-deploy/SKILL.md	X	vendored-agent-tooling
.cursor/skills/bmad-wds-design-solution/SKILL.md	X	vendored-agent-tooling
.cursor/skills/bmad-wds-design-system/SKILL.md	X	vendored-agent-tooling
.cursor/skills/bmad-wds-development/SKILL.md	X	vendored-agent-tooling
.cursor/skills/bmad-wds-edit-components/SKILL.md	X	vendored-agent-tooling
.cursor/skills/bmad-wds-evolution/SKILL.md	X	vendored-agent-tooling
.cursor/skills/bmad-wds-figma-integration/SKILL.md	X	vendored-agent-tooling
.cursor/skills/bmad-wds-handover/SKILL.md	X	vendored-agent-tooling
.cursor/skills/bmad-wds-icons/SKILL.md	X	vendored-agent-tooling
.cursor/skills/bmad-wds-images/SKILL.md	X	vendored-agent-tooling
.cursor/skills/bmad-wds-implement/SKILL.md	X	vendored-agent-tooling
.cursor/skills/bmad-wds-import-design-system/SKILL.md	X	vendored-agent-tooling
.cursor/skills/bmad-wds-page-designs/SKILL.md	X	vendored-agent-tooling
.cursor/skills/bmad-wds-product-evolution/SKILL.md	X	vendored-agent-tooling
.cursor/skills/bmad-wds-project-brief/SKILL.md	X	vendored-agent-tooling
.cursor/skills/bmad-wds-project-setup/SKILL.md	X	vendored-agent-tooling
.cursor/skills/bmad-wds-prototyping/SKILL.md	X	vendored-agent-tooling
.cursor/skills/bmad-wds-reverse-engineering/SKILL.md	X	vendored-agent-tooling
.cursor/skills/bmad-wds-scenarios-validate/SKILL.md	X	vendored-agent-tooling
.cursor/skills/bmad-wds-scenarios/SKILL.md	X	vendored-agent-tooling
.cursor/skills/bmad-wds-scope-improvement/SKILL.md	X	vendored-agent-tooling
.cursor/skills/bmad-wds-stitch-generation/SKILL.md	X	vendored-agent-tooling
.cursor/skills/bmad-wds-trigger-mapping-validate/SKILL.md	X	vendored-agent-tooling
.cursor/skills/bmad-wds-trigger-mapping/SKILL.md	X	vendored-agent-tooling
.cursor/skills/bmad-wds-ui-elements/SKILL.md	X	vendored-agent-tooling
.cursor/skills/bmad-wds-ux-design/SKILL.md	X	vendored-agent-tooling
.cursor/skills/bmad-wds-videos/SKILL.md	X	vendored-agent-tooling
.cursor/skills/bmad-wds-view-components/SKILL.md	X	vendored-agent-tooling
.cursor/skills/bmad-wds-wireframes/SKILL.md	X	vendored-agent-tooling
.cursor/skills/bmad-wds-workflow-design-system/SKILL.md	X	vendored-agent-tooling
.cursor/skills/bmad-wds-workflow-discuss/SKILL.md	X	vendored-agent-tooling
.cursor/skills/bmad-wds-workflow-dream/SKILL.md	X	vendored-agent-tooling
.cursor/skills/bmad-wds-workflow-sketch/SKILL.md	X	vendored-agent-tooling
.cursor/skills/bmad-wds-workflow-specify/SKILL.md	X	vendored-agent-tooling
.cursor/skills/bmad-wds-workflow-suggest/SKILL.md	X	vendored-agent-tooling
.cursor/skills/bmad-wds-workflow-validate/SKILL.md	X	vendored-agent-tooling
.cursor/skills/bmad-wds-workflow-visual/SKILL.md	X	vendored-agent-tooling
.firebaserc	2	t2-build-ci-guardrails
.gitattributes	2	t2-build-ci-guardrails
.github/agents/bmad-agent-analyst.agent.md	X	vendored-agent-tooling
.github/agents/bmad-agent-architect.agent.md	X	vendored-agent-tooling
.github/agents/bmad-agent-dev.agent.md	X	vendored-agent-tooling
.github/agents/bmad-agent-pm.agent.md	X	vendored-agent-tooling
.github/agents/bmad-agent-tech-writer.agent.md	X	vendored-agent-tooling
.github/agents/bmad-agent-ux-designer.agent.md	X	vendored-agent-tooling
.github/agents/bmad-tea.agent.md	X	vendored-agent-tooling
.github/agents/wds-agent-freya-ux.agent.md	X	vendored-agent-tooling
.github/agents/wds-agent-mimir-builder.agent.md	X	vendored-agent-tooling
.github/agents/wds-agent-saga-analyst.agent.md	X	vendored-agent-tooling
.github/skills/bmad-advanced-elicitation/SKILL.md	X	vendored-agent-tooling
.github/skills/bmad-advanced-elicitation/bmad-skill-manifest.yaml	X	vendored-agent-tooling
.github/skills/bmad-advanced-elicitation/methods.csv	X	vendored-agent-tooling
.github/skills/bmad-advanced-elicitation/workflow.md	X	vendored-agent-tooling
.github/skills/bmad-analyst/SKILL.md	X	vendored-agent-tooling
.github/skills/bmad-architect/SKILL.md	X	vendored-agent-tooling
.github/skills/bmad-brainstorming/SKILL.md	X	vendored-agent-tooling
.github/skills/bmad-brainstorming/bmad-skill-manifest.yaml	X	vendored-agent-tooling
.github/skills/bmad-brainstorming/brain-methods.csv	X	vendored-agent-tooling
.github/skills/bmad-brainstorming/steps/step-01-session-setup.md	X	vendored-agent-tooling
.github/skills/bmad-brainstorming/steps/step-01b-continue.md	X	vendored-agent-tooling
.github/skills/bmad-brainstorming/steps/step-02a-user-selected.md	X	vendored-agent-tooling
.github/skills/bmad-brainstorming/steps/step-02b-ai-recommended.md	X	vendored-agent-tooling
.github/skills/bmad-brainstorming/steps/step-02c-random-selection.md	X	vendored-agent-tooling
.github/skills/bmad-brainstorming/steps/step-02d-progressive-flow.md	X	vendored-agent-tooling
.github/skills/bmad-brainstorming/steps/step-03-technique-execution.md	X	vendored-agent-tooling
.github/skills/bmad-brainstorming/steps/step-04-idea-organization.md	X	vendored-agent-tooling
.github/skills/bmad-brainstorming/template.md	X	vendored-agent-tooling
.github/skills/bmad-brainstorming/workflow.md	X	vendored-agent-tooling
.github/skills/bmad-check-implementation-readiness/SKILL.md	X	vendored-agent-tooling
.github/skills/bmad-code-review/SKILL.md	X	vendored-agent-tooling
.github/skills/bmad-correct-course/SKILL.md	X	vendored-agent-tooling
.github/skills/bmad-create-architecture/SKILL.md	X	vendored-agent-tooling
.github/skills/bmad-create-epics-and-stories/SKILL.md	X	vendored-agent-tooling
.github/skills/bmad-create-prd/SKILL.md	X	vendored-agent-tooling
.github/skills/bmad-create-product-brief/SKILL.md	X	vendored-agent-tooling
.github/skills/bmad-create-story/SKILL.md	X	vendored-agent-tooling
.github/skills/bmad-create-story/bmad-skill-manifest.yaml	X	vendored-agent-tooling
.github/skills/bmad-create-story/checklist.md	X	vendored-agent-tooling
.github/skills/bmad-create-story/discover-inputs.md	X	vendored-agent-tooling
.github/skills/bmad-create-story/template.md	X	vendored-agent-tooling
.github/skills/bmad-create-story/workflow.md	X	vendored-agent-tooling
.github/skills/bmad-create-ux-design/SKILL.md	X	vendored-agent-tooling
.github/skills/bmad-dev-story/SKILL.md	X	vendored-agent-tooling
.github/skills/bmad-dev/SKILL.md	X	vendored-agent-tooling
.github/skills/bmad-document-project/SKILL.md	X	vendored-agent-tooling
.github/skills/bmad-domain-research/SKILL.md	X	vendored-agent-tooling
.github/skills/bmad-domain-research/bmad-skill-manifest.yaml	X	vendored-agent-tooling
.github/skills/bmad-domain-research/domain-steps/step-01-init.md	X	vendored-agent-tooling
.github/skills/bmad-domain-research/domain-steps/step-02-domain-analysis.md	X	vendored-agent-tooling
.github/skills/bmad-domain-research/domain-steps/step-03-competitive-landscape.md	X	vendored-agent-tooling
.github/skills/bmad-domain-research/domain-steps/step-04-regulatory-focus.md	X	vendored-agent-tooling
.github/skills/bmad-domain-research/domain-steps/step-05-technical-trends.md	X	vendored-agent-tooling
.github/skills/bmad-domain-research/domain-steps/step-06-research-synthesis.md	X	vendored-agent-tooling
.github/skills/bmad-domain-research/research.template.md	X	vendored-agent-tooling
.github/skills/bmad-domain-research/workflow.md	X	vendored-agent-tooling
.github/skills/bmad-edit-prd/SKILL.md	X	vendored-agent-tooling
.github/skills/bmad-editorial-review-prose/SKILL.md	X	vendored-agent-tooling
.github/skills/bmad-editorial-review-prose/bmad-skill-manifest.yaml	X	vendored-agent-tooling
.github/skills/bmad-editorial-review-prose/workflow.md	X	vendored-agent-tooling
.github/skills/bmad-editorial-review-structure/SKILL.md	X	vendored-agent-tooling
.github/skills/bmad-editorial-review-structure/bmad-skill-manifest.yaml	X	vendored-agent-tooling
.github/skills/bmad-editorial-review-structure/workflow.md	X	vendored-agent-tooling
.github/skills/bmad-generate-project-context/SKILL.md	X	vendored-agent-tooling
.github/skills/bmad-help/SKILL.md	X	vendored-agent-tooling
.github/skills/bmad-help/bmad-skill-manifest.yaml	X	vendored-agent-tooling
.github/skills/bmad-help/workflow.md	X	vendored-agent-tooling
.github/skills/bmad-index-docs/SKILL.md	X	vendored-agent-tooling
.github/skills/bmad-index-docs/bmad-skill-manifest.yaml	X	vendored-agent-tooling
.github/skills/bmad-index-docs/workflow.md	X	vendored-agent-tooling
.github/skills/bmad-market-research/SKILL.md	X	vendored-agent-tooling
.github/skills/bmad-master/SKILL.md	X	vendored-agent-tooling
.github/skills/bmad-party-mode/SKILL.md	X	vendored-agent-tooling
.github/skills/bmad-party-mode/bmad-skill-manifest.yaml	X	vendored-agent-tooling
.github/skills/bmad-party-mode/steps/step-01-agent-loading.md	X	vendored-agent-tooling
.github/skills/bmad-party-mode/steps/step-02-discussion-orchestration.md	X	vendored-agent-tooling
.github/skills/bmad-party-mode/steps/step-03-graceful-exit.md	X	vendored-agent-tooling
.github/skills/bmad-party-mode/workflow.md	X	vendored-agent-tooling
.github/skills/bmad-pm/SKILL.md	X	vendored-agent-tooling
.github/skills/bmad-qa-generate-e2e-tests/SKILL.md	X	vendored-agent-tooling
.github/skills/bmad-qa/SKILL.md	X	vendored-agent-tooling
.github/skills/bmad-quick-dev-new-preview/SKILL.md	X	vendored-agent-tooling
.github/skills/bmad-quick-dev-new-preview/bmad-skill-manifest.yaml	X	vendored-agent-tooling
.github/skills/bmad-quick-dev-new-preview/steps/step-01-clarify-and-route.md	X	vendored-agent-tooling
.github/skills/bmad-quick-dev-new-preview/steps/step-02-plan.md	X	vendored-agent-tooling
.github/skills/bmad-quick-dev-new-preview/steps/step-03-implement.md	X	vendored-agent-tooling
.github/skills/bmad-quick-dev-new-preview/steps/step-04-review.md	X	vendored-agent-tooling
.github/skills/bmad-quick-dev-new-preview/steps/step-05-present.md	X	vendored-agent-tooling
.github/skills/bmad-quick-dev-new-preview/tech-spec-template.md	X	vendored-agent-tooling
.github/skills/bmad-quick-dev-new-preview/workflow.md	X	vendored-agent-tooling
.github/skills/bmad-quick-dev/SKILL.md	X	vendored-agent-tooling
.github/skills/bmad-quick-dev/bmad-skill-manifest.yaml	X	vendored-agent-tooling
.github/skills/bmad-quick-dev/steps/step-01-mode-detection.md	X	vendored-agent-tooling
.github/skills/bmad-quick-dev/steps/step-02-context-gathering.md	X	vendored-agent-tooling
.github/skills/bmad-quick-dev/steps/step-03-execute.md	X	vendored-agent-tooling
.github/skills/bmad-quick-dev/steps/step-04-self-check.md	X	vendored-agent-tooling
.github/skills/bmad-quick-dev/steps/step-05-adversarial-review.md	X	vendored-agent-tooling
.github/skills/bmad-quick-dev/steps/step-06-resolve-findings.md	X	vendored-agent-tooling
.github/skills/bmad-quick-dev/workflow.md	X	vendored-agent-tooling
.github/skills/bmad-quick-flow-solo-dev/SKILL.md	X	vendored-agent-tooling
.github/skills/bmad-quick-spec/SKILL.md	X	vendored-agent-tooling
.github/skills/bmad-retrospective/SKILL.md	X	vendored-agent-tooling
.github/skills/bmad-review-adversarial-general/SKILL.md	X	vendored-agent-tooling
.github/skills/bmad-review-adversarial-general/bmad-skill-manifest.yaml	X	vendored-agent-tooling
.github/skills/bmad-review-adversarial-general/workflow.md	X	vendored-agent-tooling
.github/skills/bmad-review-edge-case-hunter/SKILL.md	X	vendored-agent-tooling
.github/skills/bmad-review-edge-case-hunter/bmad-skill-manifest.yaml	X	vendored-agent-tooling
.github/skills/bmad-review-edge-case-hunter/workflow.md	X	vendored-agent-tooling
.github/skills/bmad-shard-doc/SKILL.md	X	vendored-agent-tooling
.github/skills/bmad-shard-doc/bmad-skill-manifest.yaml	X	vendored-agent-tooling
.github/skills/bmad-shard-doc/workflow.md	X	vendored-agent-tooling
.github/skills/bmad-sm/SKILL.md	X	vendored-agent-tooling
.github/skills/bmad-sprint-planning/SKILL.md	X	vendored-agent-tooling
.github/skills/bmad-sprint-status/SKILL.md	X	vendored-agent-tooling
.github/skills/bmad-tech-writer/SKILL.md	X	vendored-agent-tooling
.github/skills/bmad-technical-research/SKILL.md	X	vendored-agent-tooling
.github/skills/bmad-ux-designer/SKILL.md	X	vendored-agent-tooling
.github/skills/bmad-validate-prd/SKILL.md	X	vendored-agent-tooling
.github/skills/bmad-wds-Modular Component Architecture/SKILL.md	X	vendored-agent-tooling
.github/skills/bmad-wds-Object Type Router/SKILL.md	X	vendored-agent-tooling
.github/skills/bmad-wds-acceptance-test/SKILL.md	X	vendored-agent-tooling
.github/skills/bmad-wds-acceptance-testing/SKILL.md	X	vendored-agent-tooling
.github/skills/bmad-wds-agentic-development/SKILL.md	X	vendored-agent-tooling
.github/skills/bmad-wds-alignment-signoff/SKILL.md	X	vendored-agent-tooling
.github/skills/bmad-wds-analysis/SKILL.md	X	vendored-agent-tooling
.github/skills/bmad-wds-analyze-product/SKILL.md	X	vendored-agent-tooling
.github/skills/bmad-wds-asset-generation/SKILL.md	X	vendored-agent-tooling
.github/skills/bmad-wds-browse-design-system/SKILL.md	X	vendored-agent-tooling
.github/skills/bmad-wds-bugfixing/SKILL.md	X	vendored-agent-tooling
.github/skills/bmad-wds-content-creation/SKILL.md	X	vendored-agent-tooling
.github/skills/bmad-wds-create-design-system/SKILL.md	X	vendored-agent-tooling
.github/skills/bmad-wds-deploy/SKILL.md	X	vendored-agent-tooling
.github/skills/bmad-wds-design-solution/SKILL.md	X	vendored-agent-tooling
.github/skills/bmad-wds-design-system/SKILL.md	X	vendored-agent-tooling
.github/skills/bmad-wds-development/SKILL.md	X	vendored-agent-tooling
.github/skills/bmad-wds-edit-components/SKILL.md	X	vendored-agent-tooling
.github/skills/bmad-wds-evolution/SKILL.md	X	vendored-agent-tooling
.github/skills/bmad-wds-figma-integration/SKILL.md	X	vendored-agent-tooling
.github/skills/bmad-wds-handover/SKILL.md	X	vendored-agent-tooling
.github/skills/bmad-wds-icons/SKILL.md	X	vendored-agent-tooling
.github/skills/bmad-wds-images/SKILL.md	X	vendored-agent-tooling
.github/skills/bmad-wds-implement/SKILL.md	X	vendored-agent-tooling
.github/skills/bmad-wds-import-design-system/SKILL.md	X	vendored-agent-tooling
.github/skills/bmad-wds-page-designs/SKILL.md	X	vendored-agent-tooling
.github/skills/bmad-wds-product-evolution/SKILL.md	X	vendored-agent-tooling
.github/skills/bmad-wds-project-brief/SKILL.md	X	vendored-agent-tooling
.github/skills/bmad-wds-project-setup/SKILL.md	X	vendored-agent-tooling
.github/skills/bmad-wds-prototyping/SKILL.md	X	vendored-agent-tooling
.github/skills/bmad-wds-reverse-engineering/SKILL.md	X	vendored-agent-tooling
.github/skills/bmad-wds-scenarios-validate/SKILL.md	X	vendored-agent-tooling
.github/skills/bmad-wds-scenarios/SKILL.md	X	vendored-agent-tooling
.github/skills/bmad-wds-scope-improvement/SKILL.md	X	vendored-agent-tooling
.github/skills/bmad-wds-stitch-generation/SKILL.md	X	vendored-agent-tooling
.github/skills/bmad-wds-trigger-mapping-validate/SKILL.md	X	vendored-agent-tooling
.github/skills/bmad-wds-trigger-mapping/SKILL.md	X	vendored-agent-tooling
.github/skills/bmad-wds-ui-elements/SKILL.md	X	vendored-agent-tooling
.github/skills/bmad-wds-ux-design/SKILL.md	X	vendored-agent-tooling
.github/skills/bmad-wds-videos/SKILL.md	X	vendored-agent-tooling
.github/skills/bmad-wds-view-components/SKILL.md	X	vendored-agent-tooling
.github/skills/bmad-wds-wireframes/SKILL.md	X	vendored-agent-tooling
.github/skills/bmad-wds-workflow-design-system/SKILL.md	X	vendored-agent-tooling
.github/skills/bmad-wds-workflow-discuss/SKILL.md	X	vendored-agent-tooling
.github/skills/bmad-wds-workflow-dream/SKILL.md	X	vendored-agent-tooling
.github/skills/bmad-wds-workflow-sketch/SKILL.md	X	vendored-agent-tooling
.github/skills/bmad-wds-workflow-specify/SKILL.md	X	vendored-agent-tooling
.github/skills/bmad-wds-workflow-suggest/SKILL.md	X	vendored-agent-tooling
.github/skills/bmad-wds-workflow-validate/SKILL.md	X	vendored-agent-tooling
.github/skills/bmad-wds-workflow-visual/SKILL.md	X	vendored-agent-tooling
.github/workflows/build.yml	2	t2-build-ci-guardrails
.github/workflows/ci.yml	2	t2-build-ci-guardrails
.github/workflows/deploy-play-store.yml	2	t2-build-ci-guardrails
.gitignore	2	t2-build-ci-guardrails
CLAUDE.md	2	t2-build-ci-guardrails
CONTRIBUTING.md	4	t4-docs-canonical
LICENSE	X	lockfile/license
Makefile	2	t2-build-ci-guardrails
README.md	4	t4-docs-canonical
V1_OUT_OF_SCOPE.md	4	t4-docs-canonical
_bmad-output/adversarial-review-report.md	X	superseded-output-dir (hygiene finding)
_bmad-output/orchestration-log.md	X	superseded-output-dir (hygiene finding)
_bmad-output/refactor-bug-fix-verification.md	X	superseded-output-dir (hygiene finding)
_bmad-output/refactor-hardcoded-placeholder-audit.md	X	superseded-output-dir (hygiene finding)
_bmad-output/refactor-manual-smoke-checklist.md	X	superseded-output-dir (hygiene finding)
_bmad-output/refactor-orchestration-log.md	X	superseded-output-dir (hygiene finding)
_bmad-output/refactor-progress-aggregator-analysis.md	X	superseded-output-dir (hygiene finding)
_bmad-output/refactor-s1-log.md	X	superseded-output-dir (hygiene finding)
_bmad-output/refactor-s2-log.md	X	superseded-output-dir (hygiene finding)
_bmad-output/refactor-s3-log.md	X	superseded-output-dir (hygiene finding)
_bmad-output/refactor-s4-log.md	X	superseded-output-dir (hygiene finding)
_bmad-output/refactor-s5-log.md	X	superseded-output-dir (hygiene finding)
_bmad-output/refactor-task-tracker.md	X	superseded-output-dir (hygiene finding)
_bmad-output/refactor-v1-ci-report.md	X	superseded-output-dir (hygiene finding)
_bmad-output/refactor-v2-r1-sync-data-findings.md	X	superseded-output-dir (hygiene finding)
_bmad-output/refactor-v2-r2-domain-findings.md	X	superseded-output-dir (hygiene finding)
_bmad-output/refactor-v2-r3-tutor-findings.md	X	superseded-output-dir (hygiene finding)
_bmad-output/refactor-v2-r4-class-quality-findings.md	X	superseded-output-dir (hygiene finding)
_bmad-output/refactor-v2-r5-cross-cutting-findings.md	X	superseded-output-dir (hygiene finding)
_bmad-output/refactor-v2-r6-tests-ci-findings.md	X	superseded-output-dir (hygiene finding)
_bmad-output/refactor-v3-fix-pass-log.md	X	superseded-output-dir (hygiene finding)
_bmad-output/refactor-v5-a-truth-report.md	X	superseded-output-dir (hygiene finding)
_bmad-output/refactor-v5-b-truth-report.md	X	superseded-output-dir (hygiene finding)
_bmad-output/refactor-v5-c-truth-report.md	X	superseded-output-dir (hygiene finding)
_bmad-output/refactor-wake-up-summary.md	X	superseded-output-dir (hygiene finding)
_bmad-output/review/epic_24.md	X	superseded-output-dir (hygiene finding)
_bmad-output/review/epic_25.md	X	superseded-output-dir (hygiene finding)
_bmad-output/review/epic_26.md	X	superseded-output-dir (hygiene finding)
_bmad-output/review/epic_27.md	X	superseded-output-dir (hygiene finding)
_bmad/_config/agent-manifest.csv	X	vendored-agent-tooling
_bmad/_config/agents/bmm-analyst.customize.yaml	X	vendored-agent-tooling
_bmad/_config/agents/bmm-architect.customize.yaml	X	vendored-agent-tooling
_bmad/_config/agents/bmm-dev.customize.yaml	X	vendored-agent-tooling
_bmad/_config/agents/bmm-pm.customize.yaml	X	vendored-agent-tooling
_bmad/_config/agents/bmm-qa.customize.yaml	X	vendored-agent-tooling
_bmad/_config/agents/bmm-quick-flow-solo-dev.customize.yaml	X	vendored-agent-tooling
_bmad/_config/agents/bmm-sm.customize.yaml	X	vendored-agent-tooling
_bmad/_config/agents/bmm-tech-writer.customize.yaml	X	vendored-agent-tooling
_bmad/_config/agents/bmm-ux-designer.customize.yaml	X	vendored-agent-tooling
_bmad/_config/agents/core-bmad-master.customize.yaml	X	vendored-agent-tooling
_bmad/_config/agents/wds-freya-ux.customize.yaml	X	vendored-agent-tooling
_bmad/_config/agents/wds-saga-analyst.customize.yaml	X	vendored-agent-tooling
_bmad/_config/bmad-help.csv	X	vendored-agent-tooling
_bmad/_config/files-manifest.csv	X	vendored-agent-tooling
_bmad/_config/ides/claude-code.yaml	X	vendored-agent-tooling
_bmad/_config/ides/codex.yaml	X	vendored-agent-tooling
_bmad/_config/ides/cursor.yaml	X	vendored-agent-tooling
_bmad/_config/ides/github-copilot.yaml	X	vendored-agent-tooling
_bmad/_config/manifest.yaml	X	vendored-agent-tooling
_bmad/_config/skill-manifest.csv	X	vendored-agent-tooling
_bmad/_config/task-manifest.csv	X	vendored-agent-tooling
_bmad/_config/tool-manifest.csv	X	vendored-agent-tooling
_bmad/_config/workflow-manifest.csv	X	vendored-agent-tooling
_bmad/_memory/config.yaml	X	vendored-agent-tooling
_bmad/_memory/tech-writer-sidecar/documentation-standards.md	X	vendored-agent-tooling
_bmad/bmm/config.yaml	X	vendored-agent-tooling
_bmad/bmm/module-help.csv	X	vendored-agent-tooling
_bmad/bmm/workflows/3-solutioning/create-epics-and-stories/steps/step-02-design-epics.md.bak	X	vendored-agent-tooling
_bmad/bmm/workflows/3-solutioning/create-epics-and-stories/steps/step-03-create-stories.md.bak	X	vendored-agent-tooling
_bmad/bmm/workflows/3-solutioning/create-epics-and-stories/steps/step-04-final-validation.md.bak	X	vendored-agent-tooling
_bmad/bmm/workflows/4-implementation/bmad-create-story/workflow.md.bak	X	vendored-agent-tooling
_bmad/bmm/workflows/4-implementation/code-review/workflow.md.bak	X	vendored-agent-tooling
_bmad/bmm/workflows/4-implementation/correct-course/workflow.md.bak	X	vendored-agent-tooling
_bmad/bmm/workflows/4-implementation/dev-story/workflow.md.bak	X	vendored-agent-tooling
_bmad/bmm/workflows/4-implementation/retrospective/workflow.md.bak	X	vendored-agent-tooling
_bmad/bmm/workflows/4-implementation/sprint-planning/workflow.md.bak	X	vendored-agent-tooling
_bmad/bmm/workflows/4-implementation/sprint-status/workflow.md.bak	X	vendored-agent-tooling
_bmad/config.toml	X	vendored-agent-tooling
_bmad/config.user.toml	X	vendored-agent-tooling
_bmad/core/config.yaml	X	vendored-agent-tooling
_bmad/core/module-help.csv	X	vendored-agent-tooling
_bmad/custom/.gitignore	X	vendored-agent-tooling
_bmad/custom/config.toml	X	vendored-agent-tooling
_bmad/scripts/resolve_config.py	X	vendored-agent-tooling
_bmad/scripts/resolve_customization.py	X	vendored-agent-tooling
_bmad/scripts/tests/test_resolve_customization.py	X	vendored-agent-tooling
_bmad/tea/config.yaml	X	vendored-agent-tooling
_bmad/tea/module-help.csv	X	vendored-agent-tooling
_bmad/tea/workflows/testarch/README.md	X	vendored-agent-tooling
_bmad/wds/config.yaml	X	vendored-agent-tooling
_bmad/wds/data/agent-contracts.md	X	vendored-agent-tooling
_bmad/wds/data/agent-guides/freya/agentic-development.md	X	vendored-agent-tooling
_bmad/wds/data/agent-guides/freya/content-creation.md	X	vendored-agent-tooling
_bmad/wds/data/agent-guides/freya/design-system.md	X	vendored-agent-tooling
_bmad/wds/data/agent-guides/freya/meta-content-guide.md	X	vendored-agent-tooling
_bmad/wds/data/agent-guides/freya/specification-quality.md	X	vendored-agent-tooling
_bmad/wds/data/agent-guides/freya/strategic-design.md	X	vendored-agent-tooling
_bmad/wds/data/agent-guides/saga/content-structure-principles.md	X	vendored-agent-tooling
_bmad/wds/data/agent-guides/saga/conversational-followups.md	X	vendored-agent-tooling
_bmad/wds/data/agent-guides/saga/discovery-conversation.md	X	vendored-agent-tooling
_bmad/wds/data/agent-guides/saga/dream-up-approach.md	X	vendored-agent-tooling
_bmad/wds/data/agent-guides/saga/inspiration-analysis.md	X	vendored-agent-tooling
_bmad/wds/data/agent-guides/saga/resources/project-brief.template.md	X	vendored-agent-tooling
_bmad/wds/data/agent-guides/saga/seo-strategy-guide.md	X	vendored-agent-tooling
_bmad/wds/data/agent-guides/saga/strategic-documentation.md	X	vendored-agent-tooling
_bmad/wds/data/agent-guides/saga/trigger-mapping.md	X	vendored-agent-tooling
_bmad/wds/data/agent-guides/saga/working-with-existing-materials.md	X	vendored-agent-tooling
_bmad/wds/data/design-system/component-boundaries.md	X	vendored-agent-tooling
_bmad/wds/data/design-system/figma-component-structure.md	X	vendored-agent-tooling
_bmad/wds/data/design-system/naming-conventions.md	X	vendored-agent-tooling
_bmad/wds/data/design-system/state-management.md	X	vendored-agent-tooling
_bmad/wds/data/design-system/token-architecture.md	X	vendored-agent-tooling
_bmad/wds/data/design-system/validation-patterns.md	X	vendored-agent-tooling
_bmad/wds/data/presentations/freya-how-i-help.md	X	vendored-agent-tooling
_bmad/wds/data/presentations/freya-intro.md	X	vendored-agent-tooling
_bmad/wds/data/presentations/freya-presentation.md	X	vendored-agent-tooling
_bmad/wds/data/presentations/freya-workflows-guide.md	X	vendored-agent-tooling
_bmad/wds/data/presentations/mimir-agents-overview.md	X	vendored-agent-tooling
_bmad/wds/data/presentations/mimir-tone-setting.md	X	vendored-agent-tooling
_bmad/wds/data/presentations/saga-how-i-help.md	X	vendored-agent-tooling
_bmad/wds/data/presentations/saga-intro.md	X	vendored-agent-tooling
_bmad/wds/data/presentations/saga-presentation.md	X	vendored-agent-tooling
_bmad/wds/data/presentations/saga-workflows-guide.md	X	vendored-agent-tooling
_bmad/wds/data/shared-activation.md	X	vendored-agent-tooling
_bmad/wds/data/wds-glossary.md	X	vendored-agent-tooling
_bmad/wds/module-help.csv	X	vendored-agent-tooling
_bmad/wds/scripts/README.md	X	vendored-agent-tooling
_bmad/wds/scripts/wds-add-object.js	X	vendored-agent-tooling
_bmad/wds/scripts/wds-add-spacing.js	X	vendored-agent-tooling
_bmad/wds/scripts/wds-init-page.js	X	vendored-agent-tooling
_bmad/wds/scripts/wds-init-scenario.js	X	vendored-agent-tooling
_bmad/wds/scripts/wds-nav.js	X	vendored-agent-tooling
_bmad/wds/scripts/wds-validate.js	X	vendored-agent-tooling
_bmad/wds/skills/freya.activation.md	X	vendored-agent-tooling
_bmad/wds/skills/handoff.md	X	vendored-agent-tooling
_bmad/wds/skills/saga.activation.md	X	vendored-agent-tooling
_bmad/wds/skills/shared/git.md	X	vendored-agent-tooling
_bmad/wds/skills/start.md	X	vendored-agent-tooling
_bmad/wds/skills/wrap.md	X	vendored-agent-tooling
app-icon.png	X	accidental/binary artifact (hygiene finding)
build/calendar_build.log	X	accidental/binary artifact (hygiene finding)
build/seed.db	X	accidental/binary artifact (hygiene finding)
build/seed.db.xz	X	accidental/binary artifact (hygiene finding)
clear	X	accidental/binary artifact (hygiene finding)
coding-standards.md	2	t2-build-ci-guardrails
docs/_archive/README.md	X	archived/test-artifact per Part C
docs/_archive/epic-qa-reports/QA_CHECKLIST_DNI32.md	X	archived/test-artifact per Part C
docs/_archive/epic-qa-reports/coverage-report-dni-122.md	X	archived/test-artifact per Part C
docs/_archive/epic-qa-reports/epic-1-qa-report.md	X	archived/test-artifact per Part C
docs/_archive/epic-qa-reports/epic-4-retrospective-2026-03-12.md	X	archived/test-artifact per Part C
docs/_archive/scrapped-ideas/epic-15-multi-profile-original-stories.md	X	archived/test-artifact per Part C
docs/_archive/scrapped-ideas/school-and-tutor-tracks.md	X	archived/test-artifact per Part C
docs/_archive/scrapped-ideas/tutor-companion-app.md	X	archived/test-artifact per Part C
docs/_archive/scrapped-ideas/tutor-mode-epic-11.md	X	archived/test-artifact per Part C
docs/_archive/superseded/architecture-v1-2026-01-04.md	X	archived/test-artifact per Part C
docs/_archive/superseded/component-specifications-2026-02-11.md	X	archived/test-artifact per Part C
docs/_archive/superseded/development-handoff-2026-02-11.md	X	archived/test-artifact per Part C
docs/_archive/superseded/epic-15-stories/15.1-multi-profile-data-model.md	X	archived/test-artifact per Part C
docs/_archive/superseded/epic-15-stories/15.10-dirshu-test-tracking.md	X	archived/test-artifact per Part C
docs/_archive/superseded/epic-15-stories/15.11-profile-scoped-providers-sync.md	X	archived/test-artifact per Part C
docs/_archive/superseded/epic-15-stories/15.12-appbar-fittedbox-fix.md	X	archived/test-artifact per Part C
docs/_archive/superseded/epic-15-stories/15.13-cloud-content-storage.md	X	archived/test-artifact per Part C
docs/_archive/superseded/epic-15-stories/15.14-test-suite-health.md	X	archived/test-artifact per Part C
docs/_archive/superseded/epic-15-stories/15.2-profile-picker-management-ui.md	X	archived/test-artifact per Part C
docs/_archive/superseded/epic-15-stories/15.3-new-curricula-support.md	X	archived/test-artifact per Part C
docs/_archive/superseded/epic-15-stories/15.4-learning-program-presets.md	X	archived/test-artifact per Part C
docs/_archive/superseded/epic-15-stories/15.5-expanded-stage-scheduling.md	X	archived/test-artifact per Part C
docs/_archive/superseded/epic-15-stories/15.6-learning-process-wizard.md	X	archived/test-artifact per Part C
docs/_archive/superseded/epic-15-stories/15.7-enhanced-bulk-mark.md	X	archived/test-artifact per Part C
docs/_archive/superseded/epic-15-stories/15.8-revised-onboarding-flow.md	X	archived/test-artifact per Part C
docs/_archive/superseded/epic-15-stories/15.9-program-management-settings.md	X	archived/test-artifact per Part C
docs/_archive/superseded/product-brief-2026-01-03.md	X	archived/test-artifact per Part C
docs/_archive/superseded/tech-spec-wip-2026-03-17.md	X	archived/test-artifact per Part C
docs/_archive/superseded/ux-design-specification-2026-02-11.md	X	archived/test-artifact per Part C
docs/_archive/tooling-notes/AGENTS.md	X	archived/test-artifact per Part C
docs/_archive/tooling-notes/VALIDATION_NOTES.md	X	archived/test-artifact per Part C
docs/_archive/tooling-notes/app_architecture.eraserdiagram	X	archived/test-artifact per Part C
docs/_archive/tooling-notes/app_flow.md	X	archived/test-artifact per Part C
docs/_archive/tooling-notes/bmad-progress/00-design-log.md	X	archived/test-artifact per Part C
docs/_archive/tooling-notes/project-context.md	X	archived/test-artifact per Part C
docs/_archive/tooling-notes/project-scan-report.json	X	archived/test-artifact per Part C
docs/_archive/tooling-notes/ux-design-directions.html	X	archived/test-artifact per Part C
docs/api-contracts.md	4	t4-docs-canonical
docs/architecture.md	4	t4-docs-canonical
docs/bug-fix-plan-2026-05-15.md	4	t4-docs-canonical
docs/bug-fix-prompt-2026-05-15.md	4	t4-docs-canonical
docs/bug-reports-2026-05-15.md	4	t4-docs-canonical
docs/coding-standards.md	4	t4-docs-canonical
docs/component-inventory.md	4	t4-docs-canonical
docs/data-models.md	4	t4-docs-canonical
docs/delete-policy.md	4	t4-docs-canonical
docs/deployment-guide.md	4	t4-docs-canonical
docs/developer-handbook.md	4	t4-docs-canonical
docs/development-guide.md	4	t4-docs-canonical
docs/exec-prompt-2026-05-17.md	4	t4-docs-canonical
docs/explainers/content-database.md	4	t4-docs-triage
docs/explainers/data-model.md	4	t4-docs-triage
docs/explainers/sync-subsystem.md	4	t4-docs-triage
docs/firestore-collection-layout.md	2	t2-firebase-rules-functions
docs/flows/add-track-flow.md	4	t4-docs-canonical
docs/flows/dashboard-redesign-analysis.md	4	t4-docs-canonical
docs/hebrew-terms.md	4	t4-docs-canonical
docs/index.md	4	t4-docs-canonical
docs/issues-2026-05-17.md	4	t4-docs-canonical
docs/linear-status.md	4	t4-docs-canonical
docs/open-items.md	4	t4-docs-canonical
docs/overdue-refactor-exec-prompt-2026-05-19.md	4	t4-docs-canonical
docs/perf-findings-2026-05-17.md	4	t4-docs-canonical
docs/planning/architecture-design.md	4	t4-docs-triage
docs/planning/architecture-offline-v2.md	4	t4-docs-triage
docs/planning/architecture-quick-reference.md	4	t4-docs-triage
docs/planning/b1-b11-review-fix-plan.md	4	t4-docs-triage
docs/planning/bug-hunt-findings-2026-05-31.md	4	t4-docs-triage
docs/planning/bug-hunt-round2-findings-2026-05-31.md	4	t4-docs-triage
docs/planning/bug-hunt-round3-findings-2026-05-31.md	4	t4-docs-triage
docs/planning/bug-hunt-round4-findings-2026-05-31.md	4	t4-docs-triage
docs/planning/bug-hunt-round5-findings-2026-05-31.md	4	t4-docs-triage
docs/planning/bug-hunt-round6-findings-2026-05-31.md	4	t4-docs-triage
docs/planning/calendar-cycle-analysis.md	4	t4-docs-triage
docs/planning/catchup-and-amnesty-scenarios.md	4	t4-docs-triage
docs/planning/daf-unit-display-scope.md	4	t4-docs-triage
docs/planning/e2e-test-suite-plan.md	4	t4-docs-triage
docs/planning/entity-model-audit-2026-05-24.md	4	t4-docs-triage
docs/planning/entity-model-remediation-log.md	4	t4-docs-triage
docs/planning/entity-model-remediation-orchestration-prompt.md	4	t4-docs-triage
docs/planning/entity-model-remediation-plan-2026-05-24.md	4	t4-docs-triage
docs/planning/entity-model-remediation-tracker.md	4	t4-docs-triage
docs/planning/epics-greenfield-rebuild.md	4	t4-docs-triage
docs/planning/epics.md	4	t4-docs-triage
docs/planning/exhaustive-test-and-fix-KICKOFF-PROMPT.md	4	t4-docs-triage
docs/planning/exhaustive-test-and-fix-plan-2026-05-29.md	4	t4-docs-triage
docs/planning/loop-progress.md	4	t4-docs-triage
docs/planning/on-device-exhaustive-test-plan-2026-05-31.md	4	t4-docs-triage
docs/planning/on-device-preflight-cheatsheet.md	4	t4-docs-triage
docs/planning/on-device-test-KICKOFF-PROMPT.md	4	t4-docs-triage
docs/planning/outstanding-bugs-handoff-2026-05-31.md	4	t4-docs-triage
docs/planning/overdue-refactor-architecture.md	4	t4-docs-triage
docs/planning/prd.md	4	t4-docs-triage
docs/planning/progress-ia-execution-plan.md	4	t4-docs-triage
docs/planning/progress-ia-final-report.md	4	t4-docs-triage
docs/planning/progress-ia-redesign.md	4	t4-docs-triage
docs/planning/refactor-orchestration-prompt.md	4	t4-docs-triage
docs/planning/research/technical-firebase-sync-optimization-research-2026-05-18.md	4	t4-docs-triage
docs/planning/research/technical-torah-learning-app-competitors-research-2026-03-17.md	4	t4-docs-triage
docs/planning/self-resuming-test-fix-loop-KICKOFF-2026-06-09.md	4	t4-docs-triage
docs/planning/sync-architecture-plan.md	4	t4-docs-triage
docs/planning/tech-debt-remediation-plan.md	4	t4-docs-triage
docs/planning/test-coverage-matrix.md	4	t4-docs-triage
docs/planning/test-fix-bug-log.md	4	t4-docs-triage
docs/planning/testing-quick-reference.md	4	t4-docs-triage
docs/planning/track-detail-and-ordering-plan.md	4	t4-docs-triage
docs/planning/tracks-and-completion-bug-report.md	4	t4-docs-triage
docs/planning/tracks-and-completion-fix-plan.md	4	t4-docs-triage
docs/planning/tutor-edit-propagation-log.md	4	t4-docs-triage
docs/planning/tutor-edit-propagation-orchestration-prompt.md	4	t4-docs-triage
docs/planning/tutor-edit-propagation-plan.md	4	t4-docs-triage
docs/planning/tutor-edit-propagation-tracker.md	4	t4-docs-triage
docs/planning/tutor-mode-brief.md	4	t4-docs-triage
docs/planning/tutor-talmid-view-log.md	4	t4-docs-triage
docs/planning/tutor-talmid-view-orchestration-prompt.md	4	t4-docs-triage
docs/planning/tutor-talmid-view-plan-2026-05-26.md	4	t4-docs-triage
docs/planning/tutor-talmid-view-tracker.md	4	t4-docs-triage
docs/planning/two-database-architecture.md	4	t4-docs-triage
docs/planning/ux-audit-2026-05-20-copy-review.md	4	t4-docs-triage
docs/planning/ux-audit-2026-05-20-fix-plan.md	4	t4-docs-triage
docs/planning/ux-audit-2026-05-20-hebrew-terms-findings.md	4	t4-docs-triage
docs/planning/ux-audit-2026-05-20-orchestration-prompt.md	4	t4-docs-triage
docs/planning/ux-patterns-quick-reference.md	4	t4-docs-triage
docs/planning/ux-upgrade-flow-spec.md	4	t4-docs-triage
docs/planning/ux-upgrade-flow-visual.md	4	t4-docs-triage
docs/planning/v1-developer-roadmap.md	4	t4-docs-triage
docs/privacy-policy.md	4	t4-docs-canonical
docs/product-rules.md	4	t4-docs-canonical
docs/project-overview.md	4	t4-docs-canonical
docs/project-scan-report.json	4	t4-docs-canonical
docs/qa/legacy/00-testing-methodology.md	4	t4-docs-triage
docs/qa/legacy/01-product-overview.md	4	t4-docs-triage
docs/qa/legacy/02-auth-and-accounts.md	4	t4-docs-triage
docs/qa/legacy/03-onboarding.md	4	t4-docs-triage
docs/qa/legacy/04-learning-and-completions.md	4	t4-docs-triage
docs/qa/legacy/05-multi-track.md	4	t4-docs-triage
docs/qa/legacy/06-scheduler-and-goals.md	4	t4-docs-triage
docs/qa/legacy/07-content-browsing.md	4	t4-docs-triage
docs/qa/legacy/08-dashboard-and-progress.md	4	t4-docs-triage
docs/qa/legacy/09-gamification.md	4	t4-docs-triage
docs/qa/legacy/10-parent-mode.md	4	t4-docs-triage
docs/qa/legacy/11-tutor-mode.md	4	t4-docs-triage
docs/qa/legacy/12-notifications.md	4	t4-docs-triage
docs/qa/legacy/13-settings.md	4	t4-docs-triage
docs/qa/legacy/14-sync-and-offline.md	4	t4-docs-triage
docs/qa/legacy/15-profiles.md	4	t4-docs-triage
docs/qa/legacy/16-stages-and-order.md	4	t4-docs-triage
docs/qa/legacy/17-catchup-and-amnesty.md	4	t4-docs-triage
docs/qa/legacy/EPIC-PROMPT.md	4	t4-docs-triage
docs/qa/legacy/seed-content-db-build-guide.md	4	t4-docs-triage
docs/scenarios/dashboard-redesign-set/dashboard-redesign/00-scenario-overview.md	4	t4-docs-triage
docs/scenarios/dashboard-redesign-set/dashboard-redesign/01-dashboard.md	4	t4-docs-triage
docs/scenarios/dashboard-redesign-set/dashboard-redesign/02-card-program.md	4	t4-docs-triage
docs/scenarios/dashboard-redesign-set/dashboard-redesign/03-card-deadline.md	4	t4-docs-triage
docs/scenarios/dashboard-redesign-set/dashboard-redesign/04-card-velocity.md	4	t4-docs-triage
docs/scenarios/dashboard-redesign-set/dashboard-redesign/05-card-momentum.md	4	t4-docs-triage
docs/scenarios/dashboard-redesign-set/dashboard-redesign/06-progress-screen.md	4	t4-docs-triage
docs/scenarios/dashboard-redesign-set/dashboard-redesign/07-track-detail.md	4	t4-docs-triage
docs/scenarios/evolution/README.md	4	t4-docs-triage
docs/scenarios/evolution/scenarios/01-catchup-sheet.md	4	t4-docs-triage
docs/scenarios/evolution/scenarios/02-triage-sheet.md	4	t4-docs-triage
docs/scenarios/evolution/scenarios/03-pause-control.md	4	t4-docs-triage
docs/scenarios/evolution/scenarios/04-review-debt-view.md	4	t4-docs-triage
docs/scenarios/evolution/scenarios/05-learning-journey-view.md	4	t4-docs-triage
docs/scenarios/evolution/scenarios/06-amnesty-history.md	4	t4-docs-triage
docs/scenarios/evolution/scenarios/07-setup-seeding-flow.md	4	t4-docs-triage
docs/scenarios/evolution/scenarios/08-returning-learner-onboarding.md	4	t4-docs-triage
docs/scenarios/evolution/scenarios/09-cycle-boundary-welcome.md	4	t4-docs-triage
docs/scenarios/evolution/specs/01-catchup-sheet-spec.md	4	t4-docs-triage
docs/scenarios/evolution/specs/02-triage-sheet-spec.md	4	t4-docs-triage
docs/scenarios/evolution/specs/03-pause-control-spec.md	4	t4-docs-triage
docs/scenarios/evolution/specs/04-review-debt-view-spec.md	4	t4-docs-triage
docs/scenarios/evolution/specs/05-learning-journey-view-spec.md	4	t4-docs-triage
docs/scenarios/evolution/specs/06-amnesty-history-spec.md	4	t4-docs-triage
docs/scenarios/evolution/specs/07-setup-seeding-flow-spec.md	4	t4-docs-triage
docs/scenarios/evolution/specs/08-returning-learner-spec.md	4	t4-docs-triage
docs/scenarios/evolution/specs/09-cycle-boundary-welcome-spec.md	4	t4-docs-triage
docs/scenarios/stitch-prompts/01-sign-in.md	4	t4-docs-triage
docs/scenarios/stitch-prompts/02-sign-up.md	4	t4-docs-triage
docs/scenarios/stitch-prompts/03-mode-selection.md	4	t4-docs-triage
docs/scenarios/stitch-prompts/04-curriculum-selection.md	4	t4-docs-triage
docs/scenarios/stitch-prompts/05-goal-setup.md	4	t4-docs-triage
docs/scenarios/stitch-prompts/06-dashboard.md	4	t4-docs-triage
docs/scenarios/stitch-prompts/07-daily-tasks.md	4	t4-docs-triage
docs/scenarios/stitch-prompts/08-content-browser.md	4	t4-docs-triage
docs/scenarios/stitch-prompts/09-learning-screen.md	4	t4-docs-triage
docs/scenarios/stitch-prompts/10-mark-completion-bulk.md	4	t4-docs-triage
docs/scenarios/stitch-prompts/11-learning-history.md	4	t4-docs-triage
docs/scenarios/stitch-prompts/12-progress-charts.md	4	t4-docs-triage
docs/scenarios/stitch-prompts/13-parent-dashboard.md	4	t4-docs-triage
docs/scenarios/stitch-prompts/14-parent-rewards.md	4	t4-docs-triage
docs/scenarios/stitch-prompts/15-tutor-dashboard.md	4	t4-docs-triage
docs/scenarios/stitch-prompts/16-settings.md	4	t4-docs-triage
docs/scenarios/stitch-prompts/17-stage-editor.md	4	t4-docs-triage
docs/scenarios/stitch-prompts/README.md	4	t4-docs-triage
docs/seed-build.md	4	t4-docs-canonical
docs/source-tree-analysis.md	4	t4-docs-canonical
docs/standards-audit-orchestrator-prompt-2026-07-03.md	4	t4-docs-canonical
docs/status/bmm-workflow-status.yaml	4	t4-docs-triage
docs/status/linear-mapping.yaml	4	t4-docs-triage
docs/status/sprint-status.yaml	4	t4-docs-triage
docs/status/wds-workflow-status.yaml	4	t4-docs-triage
docs/stories/implementation/1-1-initialize-flutter-project-with-architecture-foundations.md	4	t4-docs-triage
docs/stories/implementation/16-1-pace-based-goal-mode.md	4	t4-docs-triage
docs/stories/implementation/18-1-extract-reusable-add-track-flow.md	4	t4-docs-triage
docs/stories/implementation/18-10-add-delete-profile-from-profile-picker.md	4	t4-docs-triage
docs/stories/implementation/18-11-fix-edit-profile-button-settings.md	4	t4-docs-triage
docs/stories/implementation/18-12-delete-account-redirects-to-welcome.md	4	t4-docs-triage
docs/stories/implementation/18-2-slim-global-onboarding.md	4	t4-docs-triage
docs/stories/implementation/18-3-track-management-hub.md	4	t4-docs-triage
docs/stories/implementation/18-4-hebrew-terms-chazara-curriculum-names.md	4	t4-docs-triage
docs/stories/implementation/18-5-track-editing-from-settings.md	4	t4-docs-triage
docs/stories/implementation/18-6-child-mode-onboarding-post-setup-rewards.md	4	t4-docs-triage
docs/stories/implementation/18-7-navigation-state-cleanup.md	4	t4-docs-triage
docs/stories/implementation/18-8-instant-mark-complete.md	4	t4-docs-triage
docs/stories/implementation/18-9-prevent-duplicate-profile-names.md	4	t4-docs-triage
docs/stories/implementation/19-1-fix-calendar-registry-bugs.md	4	t4-docs-triage
docs/stories/implementation/19-10-navigation-state-cleanup.md	4	t4-docs-triage
docs/stories/implementation/19-11-e2e-offline-integration-testing.md	4	t4-docs-triage
docs/stories/implementation/19-12-content-db-resilience-error-recovery.md	4	t4-docs-triage
docs/stories/implementation/19-2-two-database-split.md	4	t4-docs-triage
docs/stories/implementation/19-2b-content-db-runtime-upgrade-flow.md	4	t4-docs-triage
docs/stories/implementation/19-3-seed-database-build-tool.md	4	t4-docs-triage
docs/stories/implementation/19-4-local-calendar-engine.md	4	t4-docs-triage
docs/stories/implementation/19-5-local-first-auth-abstraction.md	4	t4-docs-triage
docs/stories/implementation/19-6-startup-sequence-hardening.md	4	t4-docs-triage
docs/stories/implementation/19-7-optional-account-creation-settings.md	4	t4-docs-triage
docs/stories/implementation/19-8-syncengine-conditional-activation.md	4	t4-docs-triage
docs/stories/implementation/19-9-multi-device-sync.md	4	t4-docs-triage
docs/stories/implementation/21-1-device-account-registry.md	4	t4-docs-triage
docs/stories/implementation/21-10-signout-to-picker.md	4	t4-docs-triage
docs/stories/implementation/21-11-add-account-from-picker.md	4	t4-docs-triage
docs/stories/implementation/21-12-upgrade-multi-account.md	4	t4-docs-triage
docs/stories/implementation/21-13-remove-cloud-from-device.md	4	t4-docs-triage
docs/stories/implementation/21-14-delete-local-account.md	4	t4-docs-triage
docs/stories/implementation/21-15-delete-cloud-account-full.md	4	t4-docs-triage
docs/stories/implementation/21-16-cloud-function-deletion.md	4	t4-docs-triage
docs/stories/implementation/21-2-per-account-database-isolation.md	4	t4-docs-triage
docs/stories/implementation/21-3-session-auto-resume.md	4	t4-docs-triage
docs/stories/implementation/21-4-session-persistence.md	4	t4-docs-triage
docs/stories/implementation/21-5-unified-signup-email-password.md	4	t4-docs-triage
docs/stories/implementation/21-6-unified-signup-google.md	4	t4-docs-triage
docs/stories/implementation/21-7-unified-signin-smart-routing.md	4	t4-docs-triage
docs/stories/implementation/21-8-unified-signin-google.md	4	t4-docs-triage
docs/stories/implementation/21-9-account-picker-screen.md	4	t4-docs-triage
docs/stories/implementation/25-3-composite-indexes-hot-path.md	4	t4-docs-triage
docs/stories/implementation/DNI-323-append-only-event-tables-unique-constraints.md	4	t4-docs-triage
docs/stories/implementation/DNI-327-schema-check-profileid-invariants.md	4	t4-docs-triage
docs/stories/implementation/DNI-328-profile-scoped-preference-primitives.md	4	t4-docs-triage
docs/stories/implementation/DNI-329-content-index-program-ref-resolver.md	4	t4-docs-triage
docs/stories/implementation/DNI-331-local-day-clock-time-provider.md	4	t4-docs-triage
docs/stories/implementation/DNI-333-sync-engine-decomp-part1-gateway-pipelines.md	4	t4-docs-triage
docs/stories/implementation/DNI-334-sync-engine-decomp-part2-merge-router.md	4	t4-docs-triage
docs/stories/implementation/DNI-335-sync-engine-decomp-part3-listener-lifecycle.md	4	t4-docs-triage
docs/stories/implementation/DNI-336-completion-writer-transactional-commit.md	4	t4-docs-triage
docs/stories/implementation/DNI-337-streak-event-log-reducer-sync.md	4	t4-docs-triage
docs/stories/implementation/DNI-339-typed-auto-route-pinscope-guard.md	4	t4-docs-triage
docs/stories/implementation/DNI-340-finalize-applogger-migrate-production-logs.md	4	t4-docs-triage
docs/stories/implementation/DNI-341-materialapp-locale-noto-hebrew-dark-theme.md	4	t4-docs-triage
docs/stories/implementation/DNI-342-multi-account-threading-replace-hardcoded-account-id.md	4	t4-docs-triage
docs/stories/implementation/DNI-352-add-track-controller-state-machine.md	4	t4-docs-triage
docs/stories/implementation/DNI-378-unit-tests-pure-functions.md	4	t4-docs-triage
docs/stories/implementation/DNI-379-dao-tests-real-drift.md	4	t4-docs-triage
docs/stories/implementation/DNI-380-widget-golden-tests.md	4	t4-docs-triage
docs/stories/implementation/DNI-381-bulk-mark-prior-does-not-credit-streak.md	4	t4-docs-triage
docs/stories/implementation/DNI-382-streak-reducer-integration-tests.md	4	t4-docs-triage
docs/stories/implementation/DNI-383-integration-tests-profile-isolation-trackcard.md	4	t4-docs-triage
docs/stories/implementation/DNI-384-firestore-rules-and-offline-flush.md	2	t2-firebase-rules-functions
docs/stories/implementation/seed-database-build-tool-design.md	4	t4-docs-triage
docs/stories/implementation/tech-spec-learning-tracker-v1-complete.md	4	t4-docs-triage
docs/sync-conflict-resolution.md	4	t4-docs-canonical
docs/sync-rework-exec-prompt-2026-05-18.md	4	t4-docs-canonical
docs/test-artifacts/bulk-fix-plan-2026-06-11.md	X	archived/test-artifact per Part C
docs/test-artifacts/device-audit-run2/_REPORT.md	X	archived/test-artifact per Part C
docs/test-artifacts/device-audit-run3/_REPORT.md	X	archived/test-artifact per Part C
docs/test-artifacts/device-audit-run4/_REPORT.md	X	archived/test-artifact per Part C
docs/test-artifacts/device-audit-run5/_REPORT.md	X	archived/test-artifact per Part C
docs/test-artifacts/device-audit-run6/_REPORT.md	X	archived/test-artifact per Part C
docs/test-artifacts/device-audit-run7/_REPORT.md	X	archived/test-artifact per Part C
docs/test-artifacts/device-audit/_REPORT.md	X	archived/test-artifact per Part C
docs/test-artifacts/device-audit/_TRIAGE.md	X	archived/test-artifact per Part C
docs/test-artifacts/device-audit/findings_5554.md	X	archived/test-artifact per Part C
docs/test-artifacts/device-audit/findings_5560.md	X	archived/test-artifact per Part C
docs/test-artifacts/device-audit/findings_5562.md	X	archived/test-artifact per Part C
docs/test-artifacts/e2e-test-design-2026-06-09.md	X	archived/test-artifact per Part C
docs/test-artifacts/recalibration-detectability-2026-06-10.md	X	archived/test-artifact per Part C
docs/test-artifacts/vision-findings/_ALL.json	X	archived/test-artifact per Part C
docs/test-artifacts/vision-findings/batch01.json	X	archived/test-artifact per Part C
docs/test-artifacts/vision-findings/batch02.json	X	archived/test-artifact per Part C
docs/test-artifacts/vision-findings/batch03.json	X	archived/test-artifact per Part C
docs/test-artifacts/vision-findings/batch04.json	X	archived/test-artifact per Part C
docs/test-artifacts/vision-findings/batch05.json	X	archived/test-artifact per Part C
docs/test-artifacts/vision-findings/batch06.json	X	archived/test-artifact per Part C
docs/test-artifacts/vision-findings/redo_R1.json	X	archived/test-artifact per Part C
docs/test-options.md	4	t4-docs-canonical
docs/testing-guide.md	4	t4-docs-canonical
docs/tracking-system-review-2026-05-17.md	4	t4-docs-canonical
firebase.json	2	t2-build-ci-guardrails
hooks/README.md	2	t2-lints-hooks
hooks/pre-commit	2	t2-lints-hooks
learning_tracker/.gitignore	2	t2-build-ci-guardrails
learning_tracker/.metadata	2	t2-build-ci-guardrails
learning_tracker/CLAUDE.md	2	t2-build-ci-guardrails
learning_tracker/Makefile	2	t2-build-ci-guardrails
learning_tracker/README.md	2	t2-build-ci-guardrails
learning_tracker/analysis_options.yaml	2	t2-build-ci-guardrails
learning_tracker/android/.gitignore	2	t2-platform-config
learning_tracker/android/app/build.gradle.kts	2	t2-platform-config
learning_tracker/android/app/src/debug/AndroidManifest.xml	2	t2-platform-config
learning_tracker/android/app/src/main/AndroidManifest.xml	2	t2-platform-config
learning_tracker/android/app/src/main/kotlin/com/jcom/torah/learning_tracker/MainActivity.kt	2	t2-platform-config
learning_tracker/android/app/src/main/res/drawable-hdpi/android12splash.png	X	binary asset
learning_tracker/android/app/src/main/res/drawable-mdpi/android12splash.png	X	binary asset
learning_tracker/android/app/src/main/res/drawable-night-hdpi/android12splash.png	X	binary asset
learning_tracker/android/app/src/main/res/drawable-night-mdpi/android12splash.png	X	binary asset
learning_tracker/android/app/src/main/res/drawable-night-xhdpi/android12splash.png	X	binary asset
learning_tracker/android/app/src/main/res/drawable-night-xxhdpi/android12splash.png	X	binary asset
learning_tracker/android/app/src/main/res/drawable-night-xxxhdpi/android12splash.png	X	binary asset
learning_tracker/android/app/src/main/res/drawable-v21/background.png	X	binary asset
learning_tracker/android/app/src/main/res/drawable-v21/launch_background.xml	2	t2-platform-config
learning_tracker/android/app/src/main/res/drawable-xhdpi/android12splash.png	X	binary asset
learning_tracker/android/app/src/main/res/drawable-xxhdpi/android12splash.png	X	binary asset
learning_tracker/android/app/src/main/res/drawable-xxxhdpi/android12splash.png	X	binary asset
learning_tracker/android/app/src/main/res/drawable/background.png	X	binary asset
learning_tracker/android/app/src/main/res/drawable/launch_background.xml	2	t2-platform-config
learning_tracker/android/app/src/main/res/mipmap-hdpi/ic_launcher.png	X	binary asset
learning_tracker/android/app/src/main/res/mipmap-mdpi/ic_launcher.png	X	binary asset
learning_tracker/android/app/src/main/res/mipmap-xhdpi/ic_launcher.png	X	binary asset
learning_tracker/android/app/src/main/res/mipmap-xxhdpi/ic_launcher.png	X	binary asset
learning_tracker/android/app/src/main/res/mipmap-xxxhdpi/ic_launcher.png	X	binary asset
learning_tracker/android/app/src/main/res/values-night-v31/styles.xml	2	t2-platform-config
learning_tracker/android/app/src/main/res/values-night/styles.xml	2	t2-platform-config
learning_tracker/android/app/src/main/res/values-v31/styles.xml	2	t2-platform-config
learning_tracker/android/app/src/main/res/values/colors.xml	2	t2-platform-config
learning_tracker/android/app/src/main/res/values/styles.xml	2	t2-platform-config
learning_tracker/android/app/src/profile/AndroidManifest.xml	2	t2-platform-config
learning_tracker/android/build.gradle.kts	2	t2-platform-config
learning_tracker/android/build/reports/problems/problems-report.html	2	t2-platform-config
learning_tracker/android/gradle.properties	2	t2-platform-config
learning_tracker/android/gradle/wrapper/gradle-wrapper.properties	2	t2-platform-config
learning_tracker/android/settings.gradle.kts	2	t2-platform-config
learning_tracker/assets/content/hierarchy/arukh_hashulchan.json	X	content/data asset or cache
learning_tracker/assets/content/hierarchy/bavli.json	X	content/data asset or cache
learning_tracker/assets/content/hierarchy/chofetz_chaim.json	X	content/data asset or cache
learning_tracker/assets/content/hierarchy/chumash.json	X	content/data asset or cache
learning_tracker/assets/content/hierarchy/kitzur_shulchan_aruch.json	X	content/data asset or cache
learning_tracker/assets/content/hierarchy/mishna_berurah.json	X	content/data asset or cache
learning_tracker/assets/content/hierarchy/mishnayos.json	X	content/data asset or cache
learning_tracker/assets/content/hierarchy/mishneh_torah.json	X	content/data asset or cache
learning_tracker/assets/content/hierarchy/mussar.json	X	content/data asset or cache
learning_tracker/assets/content/hierarchy/nach.json	X	content/data asset or cache
learning_tracker/assets/content/hierarchy/pirkei_avot.json	X	content/data asset or cache
learning_tracker/assets/content/hierarchy/sefer_hamitzvot.json	X	content/data asset or cache
learning_tracker/assets/content/hierarchy/shemirat_halashon.json	X	content/data asset or cache
learning_tracker/assets/content/hierarchy/shulchan_arukh.json	X	content/data asset or cache
learning_tracker/assets/content/hierarchy/yerushalmi.json	X	content/data asset or cache
learning_tracker/assets/data/NOTICE.txt	X	content/data asset or cache
learning_tracker/assets/data/cities.sqlite	X	content/data asset or cache
learning_tracker/assets/db/content.db.xz	X	binary asset
learning_tracker/assets/fonts/.gitkeep	X	content/data asset or cache
learning_tracker/assets/fonts/Inter-Bold.ttf	X	binary asset
learning_tracker/assets/fonts/Inter-ExtraBold.ttf	X	binary asset
learning_tracker/assets/fonts/Inter-ExtraLight.ttf	X	binary asset
learning_tracker/assets/fonts/Inter-Light.ttf	X	binary asset
learning_tracker/assets/fonts/Inter-Medium.ttf	X	binary asset
learning_tracker/assets/fonts/Inter-Regular.ttf	X	binary asset
learning_tracker/assets/fonts/Inter-SemiBold.ttf	X	binary asset
learning_tracker/assets/fonts/NotoSansHebrew-Bold.ttf	X	binary asset
learning_tracker/assets/fonts/NotoSansHebrew-Light.ttf	X	binary asset
learning_tracker/assets/fonts/NotoSansHebrew-Medium.ttf	X	binary asset
learning_tracker/assets/fonts/NotoSansHebrew-Regular.ttf	X	binary asset
learning_tracker/assets/fonts/NotoSansHebrew-SemiBold.ttf	X	binary asset
learning_tracker/assets/fonts/PlusJakartaSans-Bold.ttf	X	binary asset
learning_tracker/assets/fonts/PlusJakartaSans-ExtraBold.ttf	X	binary asset
learning_tracker/assets/fonts/PlusJakartaSans-ExtraLight.ttf	X	binary asset
learning_tracker/assets/fonts/PlusJakartaSans-Light.ttf	X	binary asset
learning_tracker/assets/fonts/PlusJakartaSans-Medium.ttf	X	binary asset
learning_tracker/assets/fonts/PlusJakartaSans-Regular.ttf	X	binary asset
learning_tracker/assets/fonts/PlusJakartaSans-SemiBold.ttf	X	binary asset
learning_tracker/assets/fonts/README.md	X	content/data asset or cache
learning_tracker/assets/images/.gitkeep	X	content/data asset or cache
learning_tracker/assets/images/README.md	X	content/data asset or cache
learning_tracker/assets/images/icon.png	X	binary asset
learning_tracker/assets/images/splash_background.png	X	binary asset
learning_tracker/build.yaml	2	t2-build-ci-guardrails
learning_tracker/dart_test.yaml	2	t2-build-ci-guardrails
learning_tracker/firebase.json	2	t2-build-ci-guardrails
learning_tracker/firestore.indexes.json	2	t2-firebase-rules-functions
learning_tracker/firestore.rules	2	t2-firebase-rules-functions
learning_tracker/flutter_01.png	X	binary asset
learning_tracker/functions/.gitignore	2	t2-firebase-rules-functions
learning_tracker/functions/package-lock.json	X	lockfile/license
learning_tracker/functions/package.json	2	t2-firebase-rules-functions
learning_tracker/functions/src/index.ts	2	t2-firebase-rules-functions
learning_tracker/functions/test/_cf_helpers.mjs	2	t2-firebase-rules-functions
learning_tracker/functions/test/cf_deletes.test.mjs	2	t2-firebase-rules-functions
learning_tracker/functions/test/cf_grant_invite.test.mjs	2	t2-firebase-rules-functions
learning_tracker/functions/test/cf_grant_revoke.test.mjs	2	t2-firebase-rules-functions
learning_tracker/functions/test/cf_triggers.test.mjs	2	t2-firebase-rules-functions
learning_tracker/functions/test/cf_tutor_completions.test.mjs	2	t2-firebase-rules-functions
learning_tracker/functions/test/cf_tutor_content.test.mjs	2	t2-firebase-rules-functions
learning_tracker/functions/test/cf_tutor_goals_tracks.test.mjs	2	t2-firebase-rules-functions
learning_tracker/functions/test/cf_tutor_settings_profile.test.mjs	2	t2-firebase-rules-functions
learning_tracker/functions/test/firestore_rules.test.mjs	2	t2-firebase-rules-functions
learning_tracker/functions/test/fixtures/write_payloads.json	2	t2-firebase-rules-functions
learning_tracker/functions/tsconfig.json	2	t2-firebase-rules-functions
learning_tracker/integration_test/.gitkeep	2	t2-build-ci-guardrails
learning_tracker/integration_test/app_test.dart	2	t2-build-ci-guardrails
learning_tracker/ios/.gitignore	2	t2-platform-config
learning_tracker/ios/Flutter/AppFrameworkInfo.plist	2	t2-platform-config
learning_tracker/ios/Flutter/Debug.xcconfig	2	t2-platform-config
learning_tracker/ios/Flutter/Release.xcconfig	2	t2-platform-config
learning_tracker/ios/Runner.xcodeproj/project.pbxproj	2	t2-platform-config
learning_tracker/ios/Runner.xcodeproj/project.xcworkspace/contents.xcworkspacedata	2	t2-platform-config
learning_tracker/ios/Runner.xcodeproj/project.xcworkspace/xcshareddata/IDEWorkspaceChecks.plist	2	t2-platform-config
learning_tracker/ios/Runner.xcodeproj/project.xcworkspace/xcshareddata/WorkspaceSettings.xcsettings	2	t2-platform-config
learning_tracker/ios/Runner.xcodeproj/xcshareddata/xcschemes/Runner.xcscheme	2	t2-platform-config
learning_tracker/ios/Runner.xcworkspace/contents.xcworkspacedata	2	t2-platform-config
learning_tracker/ios/Runner.xcworkspace/xcshareddata/IDEWorkspaceChecks.plist	2	t2-platform-config
learning_tracker/ios/Runner.xcworkspace/xcshareddata/WorkspaceSettings.xcsettings	2	t2-platform-config
learning_tracker/ios/Runner/AppDelegate.swift	2	t2-platform-config
learning_tracker/ios/Runner/Assets.xcassets/AppIcon.appiconset/Contents.json	2	t2-platform-config
learning_tracker/ios/Runner/Assets.xcassets/AppIcon.appiconset/Icon-App-1024x1024@1x.png	X	binary asset
learning_tracker/ios/Runner/Assets.xcassets/AppIcon.appiconset/Icon-App-20x20@1x.png	X	binary asset
learning_tracker/ios/Runner/Assets.xcassets/AppIcon.appiconset/Icon-App-20x20@2x.png	X	binary asset
learning_tracker/ios/Runner/Assets.xcassets/AppIcon.appiconset/Icon-App-20x20@3x.png	X	binary asset
learning_tracker/ios/Runner/Assets.xcassets/AppIcon.appiconset/Icon-App-29x29@1x.png	X	binary asset
learning_tracker/ios/Runner/Assets.xcassets/AppIcon.appiconset/Icon-App-29x29@2x.png	X	binary asset
learning_tracker/ios/Runner/Assets.xcassets/AppIcon.appiconset/Icon-App-29x29@3x.png	X	binary asset
learning_tracker/ios/Runner/Assets.xcassets/AppIcon.appiconset/Icon-App-40x40@1x.png	X	binary asset
learning_tracker/ios/Runner/Assets.xcassets/AppIcon.appiconset/Icon-App-40x40@2x.png	X	binary asset
learning_tracker/ios/Runner/Assets.xcassets/AppIcon.appiconset/Icon-App-40x40@3x.png	X	binary asset
learning_tracker/ios/Runner/Assets.xcassets/AppIcon.appiconset/Icon-App-50x50@1x.png	X	binary asset
learning_tracker/ios/Runner/Assets.xcassets/AppIcon.appiconset/Icon-App-50x50@2x.png	X	binary asset
learning_tracker/ios/Runner/Assets.xcassets/AppIcon.appiconset/Icon-App-57x57@1x.png	X	binary asset
learning_tracker/ios/Runner/Assets.xcassets/AppIcon.appiconset/Icon-App-57x57@2x.png	X	binary asset
learning_tracker/ios/Runner/Assets.xcassets/AppIcon.appiconset/Icon-App-60x60@2x.png	X	binary asset
learning_tracker/ios/Runner/Assets.xcassets/AppIcon.appiconset/Icon-App-60x60@3x.png	X	binary asset
learning_tracker/ios/Runner/Assets.xcassets/AppIcon.appiconset/Icon-App-72x72@1x.png	X	binary asset
learning_tracker/ios/Runner/Assets.xcassets/AppIcon.appiconset/Icon-App-72x72@2x.png	X	binary asset
learning_tracker/ios/Runner/Assets.xcassets/AppIcon.appiconset/Icon-App-76x76@1x.png	X	binary asset
learning_tracker/ios/Runner/Assets.xcassets/AppIcon.appiconset/Icon-App-76x76@2x.png	X	binary asset
learning_tracker/ios/Runner/Assets.xcassets/AppIcon.appiconset/Icon-App-83.5x83.5@2x.png	X	binary asset
learning_tracker/ios/Runner/Assets.xcassets/LaunchBackground.imageset/Contents.json	2	t2-platform-config
learning_tracker/ios/Runner/Assets.xcassets/LaunchBackground.imageset/background.png	X	binary asset
learning_tracker/ios/Runner/Assets.xcassets/LaunchImage.imageset/Contents.json	2	t2-platform-config
learning_tracker/ios/Runner/Assets.xcassets/LaunchImage.imageset/LaunchImage.png	X	binary asset
learning_tracker/ios/Runner/Assets.xcassets/LaunchImage.imageset/LaunchImage@2x.png	X	binary asset
learning_tracker/ios/Runner/Assets.xcassets/LaunchImage.imageset/LaunchImage@3x.png	X	binary asset
learning_tracker/ios/Runner/Base.lproj/LaunchScreen.storyboard	2	t2-platform-config
learning_tracker/ios/Runner/Base.lproj/Main.storyboard	2	t2-platform-config
learning_tracker/ios/Runner/Info.plist	2	t2-platform-config
learning_tracker/ios/Runner/Runner-Bridging-Header.h	2	t2-platform-config
learning_tracker/ios/Runner/SceneDelegate.swift	2	t2-platform-config
learning_tracker/ios/RunnerTests/RunnerTests.swift	2	t2-platform-config
learning_tracker/l10n.yaml	2	t2-build-ci-guardrails
learning_tracker/lib/app/bootstrap/.gitkeep	1	t1-app-l10n
learning_tracker/lib/app/bootstrap/account_bootstrap.dart	1	t1-app-l10n
learning_tracker/lib/app/bootstrap/analytics_bootstrap.dart	1	t1-app-l10n
learning_tracker/lib/app/bootstrap/bootstrap.dart	1	t1-app-l10n
learning_tracker/lib/app/bootstrap/crashlytics_bootstrap.dart	1	t1-app-l10n
learning_tracker/lib/app/bootstrap/firebase_bootstrap.dart	1	t1-app-l10n
learning_tracker/lib/app/bootstrap/logger_bootstrap.dart	1	t1-app-l10n
learning_tracker/lib/app/bootstrap/notifications_bootstrap.dart	1	t1-app-l10n
learning_tracker/lib/app/bootstrap/seed_bootstrap.dart	1	t1-app-l10n
learning_tracker/lib/app/learning_tracker_app.dart	1	t1-app-l10n
learning_tracker/lib/app/restore/.gitkeep	1	t1-app-l10n
learning_tracker/lib/app/restore/device_restore_screen.dart	1	t1-app-l10n
learning_tracker/lib/app/restore/device_restore_service.dart	1	t1-app-l10n
learning_tracker/lib/app/restore/restore_providers.dart	1	t1-app-l10n
learning_tracker/lib/app/router/.gitkeep	1	t1-app-l10n
learning_tracker/lib/app/router/app_router.dart	1	t1-app-l10n
learning_tracker/lib/app/router/app_shell.dart	1	t1-app-l10n
learning_tracker/lib/app/router/guards/auth_guard.dart	1	t1-app-l10n
learning_tracker/lib/app/router/persistent_switcher_scaffold.dart	1	t1-app-l10n
learning_tracker/lib/app/router/router_provider.dart	1	t1-app-l10n
learning_tracker/lib/app/sync_runtime/.gitkeep	1	t1-app-l10n
learning_tracker/lib/app/sync_runtime/sync_lifecycle_observer.dart	1	t1-app-l10n
learning_tracker/lib/core/analytics/analytics_provider.dart	1	t1-core-analytics-logging
learning_tracker/lib/core/analytics/analytics_service.dart	1	t1-core-analytics-logging
learning_tracker/lib/core/analytics/firebase_analytics_service.dart	1	t1-core-analytics-logging
learning_tracker/lib/core/analytics/parent_analytics_repository.dart	1	t1-core-analytics-logging
learning_tracker/lib/core/analytics/streak_milestone_analytics_observer.dart	1	t1-core-analytics-logging
learning_tracker/lib/core/auth/auth_gateway_user.dart	1	t1-core-auth
learning_tracker/lib/core/auth/auth_providers.dart	1	t1-core-auth
learning_tracker/lib/core/auth/firebase_auth_gateway.dart	1	t1-core-auth
learning_tracker/lib/core/auth/firebase_auth_gateway_impl.dart	1	t1-core-auth
learning_tracker/lib/core/auth/google_sign_in_gateway.dart	1	t1-core-auth
learning_tracker/lib/core/auth/google_sign_in_gateway_impl.dart	1	t1-core-auth
learning_tracker/lib/core/constants/.gitkeep	1	t1-core-small-a
learning_tracker/lib/core/constants/app_constants.dart	1	t1-core-small-a
learning_tracker/lib/core/constants/curriculum_defaults.dart	1	t1-core-small-a
learning_tracker/lib/core/constants/hebrew_terms.dart	1	t1-core-small-a
learning_tracker/lib/core/content/content_grouping.dart	1	t1-core-content
learning_tracker/lib/core/content/content_index.dart	1	t1-core-content
learning_tracker/lib/core/content/content_index.g.dart	3	regen-freshness
learning_tracker/lib/core/content/content_tree.dart	1	t1-core-content
learning_tracker/lib/core/content/content_tree.g.dart	3	regen-freshness
learning_tracker/lib/core/content/hierarchy_browser.dart	1	t1-core-content
learning_tracker/lib/core/content/hierarchy_selection.dart	1	t1-core-content
learning_tracker/lib/core/content/program_ref_resolver.dart	1	t1-core-content
learning_tracker/lib/core/database/base_dao.dart	1	t1-core-database-root
learning_tracker/lib/core/database/content/content_database.dart	1	t1-core-database-root
learning_tracker/lib/core/database/content/content_database.g.dart	3	regen-freshness
learning_tracker/lib/core/database/content/daos/calendar_cycle_dao.dart	1	t1-core-database-root
learning_tracker/lib/core/database/content/daos/calendar_cycle_dao.g.dart	3	regen-freshness
learning_tracker/lib/core/database/content/daos/daily_content_dao.dart	1	t1-core-database-root
learning_tracker/lib/core/database/content/daos/daily_content_dao.g.dart	3	regen-freshness
learning_tracker/lib/core/database/content/daos/seed_metadata_dao.dart	1	t1-core-database-root
learning_tracker/lib/core/database/content/daos/seed_metadata_dao.g.dart	3	regen-freshness
learning_tracker/lib/core/database/content/daos/text_cache_dao.dart	1	t1-core-database-root
learning_tracker/lib/core/database/content/daos/text_cache_dao.g.dart	3	regen-freshness
learning_tracker/lib/core/database/content_db_health_checker.dart	1	t1-core-database-root
learning_tracker/lib/core/database/content_result.dart	1	t1-core-database-root
learning_tracker/lib/core/database/daos/.gitkeep	1	t1-core-database-daos
learning_tracker/lib/core/database/daos/active_curriculum_dao.dart	1	t1-core-database-daos
learning_tracker/lib/core/database/daos/active_curriculum_dao.g.dart	3	regen-freshness
learning_tracker/lib/core/database/daos/bookmark_dao.dart	1	t1-core-database-daos
learning_tracker/lib/core/database/daos/bookmark_dao.g.dart	3	regen-freshness
learning_tracker/lib/core/database/daos/completion_dao.dart	1	t1-core-database-daos
learning_tracker/lib/core/database/daos/completion_dao.g.dart	3	regen-freshness
learning_tracker/lib/core/database/daos/completion_event_dao.dart	1	t1-core-database-daos
learning_tracker/lib/core/database/daos/completion_event_dao.g.dart	3	regen-freshness
learning_tracker/lib/core/database/daos/curriculum_scope_dao.dart	1	t1-core-database-daos
learning_tracker/lib/core/database/daos/curriculum_scope_dao.g.dart	3	regen-freshness
learning_tracker/lib/core/database/daos/daily_plan_dao.dart	1	t1-core-database-daos
learning_tracker/lib/core/database/daos/daily_plan_dao.g.dart	3	regen-freshness
learning_tracker/lib/core/database/daos/goal_dao.dart	1	t1-core-database-daos
learning_tracker/lib/core/database/daos/goal_dao.g.dart	3	regen-freshness
learning_tracker/lib/core/database/daos/learning_ledger_dao.dart	1	t1-core-database-daos
learning_tracker/lib/core/database/daos/learning_ledger_dao.g.dart	3	regen-freshness
learning_tracker/lib/core/database/daos/learning_order_dao.dart	1	t1-core-database-daos
learning_tracker/lib/core/database/daos/learning_order_dao.g.dart	3	regen-freshness
learning_tracker/lib/core/database/daos/outbox_dao.dart	1	t1-core-database-daos
learning_tracker/lib/core/database/daos/outbox_dao.g.dart	3	regen-freshness
learning_tracker/lib/core/database/daos/point_config_dao.dart	1	t1-core-database-daos
learning_tracker/lib/core/database/daos/point_config_dao.g.dart	3	regen-freshness
learning_tracker/lib/core/database/daos/points_balance_dao.dart	1	t1-core-database-daos
learning_tracker/lib/core/database/daos/prior_completion_import_dao.dart	1	t1-core-database-daos
learning_tracker/lib/core/database/daos/profile_dao.dart	1	t1-core-database-daos
learning_tracker/lib/core/database/daos/profile_dao.g.dart	3	regen-freshness
learning_tracker/lib/core/database/daos/profile_program_dao.dart	1	t1-core-database-daos
learning_tracker/lib/core/database/daos/profile_program_dao.g.dart	3	regen-freshness
learning_tracker/lib/core/database/daos/sacred_window_dao.dart	1	t1-core-database-daos
learning_tracker/lib/core/database/daos/stage_dao.dart	1	t1-core-database-daos
learning_tracker/lib/core/database/daos/stage_dao.g.dart	3	regen-freshness
learning_tracker/lib/core/database/daos/streak_event_dao.dart	1	t1-core-database-daos
learning_tracker/lib/core/database/daos/streak_event_dao.g.dart	3	regen-freshness
learning_tracker/lib/core/database/daos/study_day_config_dao.dart	1	t1-core-database-daos
learning_tracker/lib/core/database/daos/study_day_config_dao.g.dart	3	regen-freshness
learning_tracker/lib/core/database/daos/sync_kv_dao.dart	1	t1-core-database-daos
learning_tracker/lib/core/database/daos/sync_kv_dao.g.dart	3	regen-freshness
learning_tracker/lib/core/database/daos/text_download_status_dao.dart	1	t1-core-database-daos
learning_tracker/lib/core/database/daos/text_download_status_dao.g.dart	3	regen-freshness
learning_tracker/lib/core/database/daos/track_dao.dart	1	t1-core-database-daos
learning_tracker/lib/core/database/daos/track_dao.g.dart	3	regen-freshness
learning_tracker/lib/core/database/daos/track_learning_order_dao.dart	1	t1-core-database-daos
learning_tracker/lib/core/database/daos/track_learning_order_dao.g.dart	3	regen-freshness
learning_tracker/lib/core/database/daos/user_profile_dao.dart	1	t1-core-database-daos
learning_tracker/lib/core/database/daos/user_profile_dao.g.dart	3	regen-freshness
learning_tracker/lib/core/database/registry/device_registry_database.dart	1	t1-core-database-root
learning_tracker/lib/core/database/registry/device_registry_database.g.dart	3	regen-freshness
learning_tracker/lib/core/database/registry/tables/device_accounts.dart	1	t1-core-database-root
learning_tracker/lib/core/database/registry/tables/device_state.dart	1	t1-core-database-root
learning_tracker/lib/core/database/seed/learning_program_seeds.dart	1	t1-core-database-root
learning_tracker/lib/core/database/seed_manager.dart	1	t1-core-database-root
learning_tracker/lib/core/database/seed_version.dart	1	t1-core-database-root
learning_tracker/lib/core/database/tables/.gitkeep	1	t1-core-database-tables
learning_tracker/lib/core/database/tables/accounts.dart	1	t1-core-database-tables
learning_tracker/lib/core/database/tables/bookmarks.dart	1	t1-core-database-tables
learning_tracker/lib/core/database/tables/calendar_cycles.dart	1	t1-core-database-tables
learning_tracker/lib/core/database/tables/completion_events.dart	1	t1-core-database-tables
learning_tracker/lib/core/database/tables/curriculum_scopes.dart	1	t1-core-database-tables
learning_tracker/lib/core/database/tables/curriculum_tracks.dart	1	t1-core-database-tables
learning_tracker/lib/core/database/tables/daily_content.dart	1	t1-core-database-tables
learning_tracker/lib/core/database/tables/daily_plans.dart	1	t1-core-database-tables
learning_tracker/lib/core/database/tables/goals.dart	1	t1-core-database-tables
learning_tracker/lib/core/database/tables/learner_profiles.dart	1	t1-core-database-tables
learning_tracker/lib/core/database/tables/learning_ledger.dart	1	t1-core-database-tables
learning_tracker/lib/core/database/tables/learning_order.dart	1	t1-core-database-tables
learning_tracker/lib/core/database/tables/monthly_activity_rollups.dart	1	t1-core-database-tables
learning_tracker/lib/core/database/tables/outbox_table.dart	1	t1-core-database-tables
learning_tracker/lib/core/database/tables/point_configs.dart	1	t1-core-database-tables
learning_tracker/lib/core/database/tables/points_balance.dart	1	t1-core-database-tables
learning_tracker/lib/core/database/tables/prior_completion_imports.dart	1	t1-core-database-tables
learning_tracker/lib/core/database/tables/profile_programs.dart	1	t1-core-database-tables
learning_tracker/lib/core/database/tables/sacred_window_entries.dart	1	t1-core-database-tables
learning_tracker/lib/core/database/tables/seed_metadata.dart	1	t1-core-database-tables
learning_tracker/lib/core/database/tables/stage_definitions.dart	1	t1-core-database-tables
learning_tracker/lib/core/database/tables/streak_events.dart	1	t1-core-database-tables
learning_tracker/lib/core/database/tables/study_day_configs.dart	1	t1-core-database-tables
learning_tracker/lib/core/database/tables/sync_kv.dart	1	t1-core-database-tables
learning_tracker/lib/core/database/tables/text_cache.dart	1	t1-core-database-tables
learning_tracker/lib/core/database/tables/text_download_status.dart	1	t1-core-database-tables
learning_tracker/lib/core/database/tables/track_learning_order.dart	1	t1-core-database-tables
learning_tracker/lib/core/database/track_scope.dart	1	t1-core-database-root
learning_tracker/lib/core/database/track_scope.freezed.dart	3	regen-freshness
learning_tracker/lib/core/database/user/user_database.dart	1	t1-core-database-root
learning_tracker/lib/core/database/user/user_database.g.dart	3	regen-freshness
learning_tracker/lib/core/database/views/completions_view.dart	1	t1-core-database-root
learning_tracker/lib/core/domain/value_objects/account_tier.dart	1	t1-core-domain-learning
learning_tracker/lib/core/domain/value_objects/calendar_system.dart	1	t1-core-domain-learning
learning_tracker/lib/core/domain/value_objects/pin.dart	1	t1-core-domain-learning
learning_tracker/lib/core/domain/value_objects/profile_mode.dart	1	t1-core-domain-learning
learning_tracker/lib/core/domain/value_objects/program_starting_position.dart	1	t1-core-domain-learning
learning_tracker/lib/core/domain/value_objects/schedule_spec.dart	1	t1-core-domain-learning
learning_tracker/lib/core/domain/value_objects/scope.dart	1	t1-core-domain-learning
learning_tracker/lib/core/domain/value_objects/sefaria_ref.dart	1	t1-core-domain-learning
learning_tracker/lib/core/domain/value_objects/stage_order.dart	1	t1-core-domain-learning
learning_tracker/lib/core/domain/value_objects/study_day_pattern.dart	1	t1-core-domain-learning
learning_tracker/lib/core/email/transactional_email_service.dart	1	t1-core-services
learning_tracker/lib/core/enums/cross_profile_scope.dart	1	t1-core-small-a
learning_tracker/lib/core/enums/curriculum_id.dart	1	t1-core-small-a
learning_tracker/lib/core/enums/curriculum_overlap_registry.dart	1	t1-core-small-a
learning_tracker/lib/core/exceptions/app_exception.dart	1	t1-core-small-a
learning_tracker/lib/core/exceptions/duplicate_completion_exception.dart	1	t1-core-small-a
learning_tracker/lib/core/exceptions/invalid_track_operation_exception.dart	1	t1-core-small-a
learning_tracker/lib/core/exceptions/permission_exception.dart	1	t1-core-small-a
learning_tracker/lib/core/exceptions/validation_exception.dart	1	t1-core-small-a
learning_tracker/lib/core/ids/ids.dart	1	t1-core-small-a
learning_tracker/lib/core/ids/natural_key.dart	1	t1-core-small-a
learning_tracker/lib/core/labels/curriculum_label.dart	1	t1-core-labels
learning_tracker/lib/core/labels/curriculum_label_providers.dart	1	t1-core-labels
learning_tracker/lib/core/labels/curriculum_label_providers.g.dart	3	regen-freshness
learning_tracker/lib/core/labels/curriculum_label_renderer.dart	1	t1-core-labels
learning_tracker/lib/core/labels/curriculum_level_name.dart	1	t1-core-labels
learning_tracker/lib/core/labels/curriculum_visuals.dart	1	t1-core-labels
learning_tracker/lib/core/labels/domain_term_labels.dart	1	t1-core-labels
learning_tracker/lib/core/learning/completion_constants.dart	1	t1-core-domain-learning
learning_tracker/lib/core/logging/.gitkeep	1	t1-core-analytics-logging
learning_tracker/lib/core/logging/crashlytics_service.dart	1	t1-core-analytics-logging
learning_tracker/lib/core/logging/log_events.dart	1	t1-core-analytics-logging
learning_tracker/lib/core/logging/logger.dart	1	t1-core-analytics-logging
learning_tracker/lib/core/navigation/app_router.dart	1	t1-core-nav-utils
learning_tracker/lib/core/navigation/app_shell.dart	1	t1-core-nav-utils
learning_tracker/lib/core/navigation/guards/.gitkeep	1	t1-core-nav-utils
learning_tracker/lib/core/navigation/guards/auth_guard.dart	1	t1-core-nav-utils
learning_tracker/lib/core/navigation/guards/child_mode_guard.dart	1	t1-core-nav-utils
learning_tracker/lib/core/navigation/guards/pin_guard.dart	1	t1-core-nav-utils
learning_tracker/lib/core/navigation/guards/profile_guard.dart	1	t1-core-nav-utils
learning_tracker/lib/core/navigation/guards/restore_guard.dart	1	t1-core-nav-utils
learning_tracker/lib/core/navigation/pin_scope.dart	1	t1-core-nav-utils
learning_tracker/lib/core/navigation/pin_scope.freezed.dart	3	regen-freshness
learning_tracker/lib/core/navigation/root_scaffold_messenger.dart	1	t1-core-nav-utils
learning_tracker/lib/core/navigation/router_provider.dart	1	t1-core-nav-utils
learning_tracker/lib/core/network/connectivity_gateway.dart	1	t1-core-network
learning_tracker/lib/core/network/sefaria/curriculum_content_fetcher.dart	1	t1-core-network
learning_tracker/lib/core/network/sefaria/models/content_item.dart	1	t1-core-network
learning_tracker/lib/core/network/sefaria/models/curriculum_hierarchy_config.dart	1	t1-core-network
learning_tracker/lib/core/preferences/hebrew_date_preference.dart	1	t1-core-providers-prefs
learning_tracker/lib/core/preferences/hebrew_terms_preference.dart	1	t1-core-providers-prefs
learning_tracker/lib/core/preferences/nikud_preference.dart	1	t1-core-providers-prefs
learning_tracker/lib/core/preferences/preference_providers.dart	1	t1-core-providers-prefs
learning_tracker/lib/core/preferences/preference_providers.g.dart	3	regen-freshness
learning_tracker/lib/core/preferences/profile_scoped_preference.dart	1	t1-core-providers-prefs
learning_tracker/lib/core/preferences/profile_scoped_preference_keys.dart	1	t1-core-providers-prefs
learning_tracker/lib/core/preferences/text_display_preference.dart	1	t1-core-providers-prefs
learning_tracker/lib/core/preferences/text_display_preferences.dart	1	t1-core-providers-prefs
learning_tracker/lib/core/preferences/transliteration_variant_preference.dart	1	t1-core-providers-prefs
learning_tracker/lib/core/providers/calendar_providers.dart	1	t1-core-providers-prefs
learning_tracker/lib/core/providers/crashlytics_provider.dart	1	t1-core-providers-prefs
learning_tracker/lib/core/providers/database_provider.dart	1	t1-core-providers-prefs
learning_tracker/lib/core/providers/database_provider.g.dart	3	regen-freshness
learning_tracker/lib/core/providers/firebase_providers.dart	1	t1-core-providers-prefs
learning_tracker/lib/core/providers/network_providers.dart	1	t1-core-providers-prefs
learning_tracker/lib/core/providers/registry_provider.dart	1	t1-core-providers-prefs
learning_tracker/lib/core/providers/registry_provider.g.dart	3	regen-freshness
learning_tracker/lib/core/providers/talker_provider.dart	1	t1-core-providers-prefs
learning_tracker/lib/core/services/.gitkeep	1	t1-core-services
learning_tracker/lib/core/sync/codec/bookmark_codec.dart	1	t1-core-sync-codec
learning_tracker/lib/core/sync/codec/completion_event_codec.dart	1	t1-core-sync-codec
learning_tracker/lib/core/sync/codec/entity_codec.dart	1	t1-core-sync-codec
learning_tracker/lib/core/sync/codec/firestore_codec.dart	1	t1-core-sync-codec
learning_tracker/lib/core/sync/codec/goal_codec.dart	1	t1-core-sync-codec
learning_tracker/lib/core/sync/codec/learner_profile_codec.dart	1	t1-core-sync-codec
learning_tracker/lib/core/sync/codec/learning_ledger_codec.dart	1	t1-core-sync-codec
learning_tracker/lib/core/sync/codec/learning_order_codec.dart	1	t1-core-sync-codec
learning_tracker/lib/core/sync/codec/profile_program_codec.dart	1	t1-core-sync-codec
learning_tracker/lib/core/sync/codec/settings_codec.dart	1	t1-core-sync-codec
learning_tracker/lib/core/sync/codec/stage_definition_codec.dart	1	t1-core-sync-codec
learning_tracker/lib/core/sync/codec/streak_event_codec.dart	1	t1-core-sync-codec
learning_tracker/lib/core/sync/codec/study_day_config_codec.dart	1	t1-core-sync-codec
learning_tracker/lib/core/sync/codec/track_codec.dart	1	t1-core-sync-codec
learning_tracker/lib/core/sync/codec/tutor_grant_codec.dart	1	t1-core-sync-codec
learning_tracker/lib/core/sync/exceptions/firestore_permission_denied_exception.dart	1	t1-core-sync-exceptions
learning_tracker/lib/core/sync/exceptions/merge_exception.dart	1	t1-core-sync-exceptions
learning_tracker/lib/core/sync/exceptions/outbox_dead_letter_exception.dart	1	t1-core-sync-exceptions
learning_tracker/lib/core/sync/exceptions/sync_push_exception.dart	1	t1-core-sync-exceptions
learning_tracker/lib/core/sync/firestore_gateway.dart	1	t1-core-sync-root
learning_tracker/lib/core/sync/firestore_gateway_impl.dart	1	t1-core-sync-root
learning_tracker/lib/core/sync/firestore_listener_source.dart	1	t1-core-sync-root
learning_tracker/lib/core/sync/initial_sync_state.dart	1	t1-core-sync-root
learning_tracker/lib/core/sync/lifecycle_observer.dart	1	t1-core-sync-root
learning_tracker/lib/core/sync/listener_supervisor.dart	1	t1-core-sync-root
learning_tracker/lib/core/sync/merge/bookmark_merger.dart	1	t1-core-sync-merge
learning_tracker/lib/core/sync/merge/completion_event_merger.dart	1	t1-core-sync-merge
learning_tracker/lib/core/sync/merge/drift_merge_store.dart	1	t1-core-sync-merge
learning_tracker/lib/core/sync/merge/entity_merger.dart	1	t1-core-sync-merge
learning_tracker/lib/core/sync/merge/gamification_settings_merger.dart	1	t1-core-sync-merge
learning_tracker/lib/core/sync/merge/goal_merger.dart	1	t1-core-sync-merge
learning_tracker/lib/core/sync/merge/learner_profile_merger.dart	1	t1-core-sync-merge
learning_tracker/lib/core/sync/merge/learning_ledger_merger.dart	1	t1-core-sync-merge
learning_tracker/lib/core/sync/merge/learning_order_merger.dart	1	t1-core-sync-merge
learning_tracker/lib/core/sync/merge/merge_router.dart	1	t1-core-sync-merge
learning_tracker/lib/core/sync/merge/merge_rules.dart	1	t1-core-sync-merge
learning_tracker/lib/core/sync/merge/notification_settings_merger.dart	1	t1-core-sync-merge
learning_tracker/lib/core/sync/merge/points_ledger_merger.dart	1	t1-core-sync-merge
learning_tracker/lib/core/sync/merge/profile_program_merger.dart	1	t1-core-sync-merge
learning_tracker/lib/core/sync/merge/reward_redemption_merger.dart	1	t1-core-sync-merge
learning_tracker/lib/core/sync/merge/settings_merger.dart	1	t1-core-sync-merge
learning_tracker/lib/core/sync/merge/stage_definition_merger.dart	1	t1-core-sync-merge
learning_tracker/lib/core/sync/merge/streak_event_merger.dart	1	t1-core-sync-merge
learning_tracker/lib/core/sync/merge/study_day_config_merger.dart	1	t1-core-sync-merge
learning_tracker/lib/core/sync/merge/track_config_merger.dart	1	t1-core-sync-merge
learning_tracker/lib/core/sync/merge/tutor_grant_merger.dart	1	t1-core-sync-merge
learning_tracker/lib/core/sync/merge/ui_preferences_merger.dart	1	t1-core-sync-merge
learning_tracker/lib/core/sync/outbox/outbox_processor.dart	1	t1-core-sync-outbox
learning_tracker/lib/core/sync/outbox/push_pipeline.dart	1	t1-core-sync-outbox
learning_tracker/lib/core/sync/providers/firestore_instance_provider.dart	1	t1-core-sync-providers
learning_tracker/lib/core/sync/providers/merge_router_provider.dart	1	t1-core-sync-providers
learning_tracker/lib/core/sync/providers/outbox_providers.dart	1	t1-core-sync-providers
learning_tracker/lib/core/sync/providers/resolve_profile_id_provider.dart	1	t1-core-sync-providers
learning_tracker/lib/core/sync/providers/sync_orchestrator_providers.dart	1	t1-core-sync-providers
learning_tracker/lib/core/sync/providers/sync_status_providers.dart	1	t1-core-sync-providers
learning_tracker/lib/core/sync/providers/tutored_pull_providers.dart	1	t1-core-sync-providers
learning_tracker/lib/core/sync/pull_pipeline.dart	1	t1-core-sync-root
learning_tracker/lib/core/sync/push_pipeline_impl.dart	1	t1-core-sync-root
learning_tracker/lib/core/sync/sync_identity_status.dart	1	t1-core-sync-root
learning_tracker/lib/core/sync/sync_orchestrator.dart	1	t1-core-sync-root
learning_tracker/lib/core/sync/sync_write_facade.dart	1	t1-core-sync-root
learning_tracker/lib/core/sync/tutored_listener_source.dart	1	t1-core-sync-root
learning_tracker/lib/core/sync/tutored_listener_supervisor.dart	1	t1-core-sync-root
learning_tracker/lib/core/sync/tutored_mirror_wipe_service.dart	1	t1-core-sync-root
learning_tracker/lib/core/sync/tutored_pull_service.dart	1	t1-core-sync-root
learning_tracker/lib/core/theme/.gitkeep	1	t1-core-theme-widgets
learning_tracker/lib/core/theme/app_colors.dart	1	t1-core-theme-widgets
learning_tracker/lib/core/theme/app_theme.dart	1	t1-core-theme-widgets
learning_tracker/lib/core/theme/text_styles.dart	1	t1-core-theme-widgets
learning_tracker/lib/core/time/local_day_clock.dart	1	t1-core-small-a
learning_tracker/lib/core/time/ulid.dart	1	t1-core-small-a
learning_tracker/lib/core/utils/date_utils.dart	1	t1-core-nav-utils
learning_tracker/lib/core/utils/gematriya.dart	1	t1-core-nav-utils
learning_tracker/lib/core/utils/hebrew_calendar_utils.dart	1	t1-core-nav-utils
learning_tracker/lib/core/utils/hebrew_utils.dart	1	t1-core-nav-utils
learning_tracker/lib/core/utils/natural_sort.dart	1	t1-core-nav-utils
learning_tracker/lib/core/utils/pace_derivation.dart	1	t1-core-nav-utils
learning_tracker/lib/core/utils/percentage_formatter.dart	1	t1-core-nav-utils
learning_tracker/lib/core/utils/text_input_formatters.dart	1	t1-core-nav-utils
learning_tracker/lib/core/widgets/animated_progress_bar.dart	1	t1-core-theme-widgets
learning_tracker/lib/core/widgets/app_bar_title.dart	1	t1-core-theme-widgets
learning_tracker/lib/core/widgets/app_dialog.dart	1	t1-core-theme-widgets
learning_tracker/lib/core/widgets/app_error_view.dart	1	t1-core-theme-widgets
learning_tracker/lib/core/widgets/curriculum_indicator.dart	1	t1-core-theme-widgets
learning_tracker/lib/core/widgets/empty_state.dart	1	t1-core-theme-widgets
learning_tracker/lib/core/widgets/error_display.dart	1	t1-core-theme-widgets
learning_tracker/lib/core/widgets/hebrew_text.dart	1	t1-core-theme-widgets
learning_tracker/lib/core/widgets/learning_date_picker_theme.dart	1	t1-core-theme-widgets
learning_tracker/lib/core/widgets/loading_indicator.dart	1	t1-core-theme-widgets
learning_tracker/lib/core/widgets/pin_entry_widget.dart	1	t1-core-theme-widgets
learning_tracker/lib/core/widgets/preference_list_tile.dart	1	t1-core-theme-widgets
learning_tracker/lib/core/widgets/preference_segmented_tile.dart	1	t1-core-theme-widgets
learning_tracker/lib/core/widgets/reorder_confirm_dialog.dart	1	t1-core-theme-widgets
learning_tracker/lib/core/widgets/scrollable_fill_body.dart	1	t1-core-theme-widgets
learning_tracker/lib/core/widgets/scrollable_step_body.dart	1	t1-core-theme-widgets
learning_tracker/lib/core/widgets/stat_card.dart	1	t1-core-theme-widgets
learning_tracker/lib/core/widgets/track_progress_bar.dart	1	t1-core-theme-widgets
learning_tracker/lib/features/account/account.dart	1	t1-feat-account
learning_tracker/lib/features/account/data/repositories/.gitkeep	1	t1-feat-account
learning_tracker/lib/features/account/data/repositories/auth_repository_impl.dart	1	t1-feat-account
learning_tracker/lib/features/account/data/services/magic_link_service.dart	1	t1-feat-account
learning_tracker/lib/features/account/domain/entities/.gitkeep	1	t1-feat-account
learning_tracker/lib/features/account/domain/models/app_user.dart	1	t1-feat-account
learning_tracker/lib/features/account/domain/models/auth_state.dart	1	t1-feat-account
learning_tracker/lib/features/account/domain/repositories/.gitkeep	1	t1-feat-account
learning_tracker/lib/features/account/domain/repositories/auth_repository.dart	1	t1-feat-account
learning_tracker/lib/features/account/domain/services/account_lifecycle_service.dart	1	t1-feat-account
learning_tracker/lib/features/account/domain/services/account_management_service.dart	1	t1-feat-account
learning_tracker/lib/features/account/domain/services/local_auth_service.dart	1	t1-feat-account
learning_tracker/lib/features/account/domain/services/password_hasher.dart	1	t1-feat-account
learning_tracker/lib/features/account/domain/services/pending_local_signup.dart	1	t1-feat-account
learning_tracker/lib/features/account/domain/services/session_persistence_service.dart	1	t1-feat-account
learning_tracker/lib/features/account/domain/services/upgrade_to_cloud_service.dart	1	t1-feat-account
learning_tracker/lib/features/account/domain/use_cases/.gitkeep	1	t1-feat-account
learning_tracker/lib/features/account/onboarding/domain/validators/auth_validators.dart	1	t1-feat-account
learning_tracker/lib/features/account/onboarding/presentation/screens/onboarding_intent_screen.dart	1	t1-feat-account
learning_tracker/lib/features/account/onboarding/presentation/screens/signup_screen.dart	1	t1-feat-account
learning_tracker/lib/features/account/presentation/notifiers/sign_in_controller.dart	1	t1-feat-account
learning_tracker/lib/features/account/presentation/providers/.gitkeep	1	t1-feat-account
learning_tracker/lib/features/account/presentation/providers/account_management_providers.dart	1	t1-feat-account
learning_tracker/lib/features/account/presentation/providers/auth_providers.dart	1	t1-feat-account
learning_tracker/lib/features/account/presentation/providers/auth_state_provider.dart	1	t1-feat-account
learning_tracker/lib/features/account/presentation/providers/connectivity_providers.dart	1	t1-feat-account
learning_tracker/lib/features/account/presentation/providers/magic_link_providers.dart	1	t1-feat-account
learning_tracker/lib/features/account/presentation/screens/.gitkeep	1	t1-feat-account
learning_tracker/lib/features/account/presentation/screens/account_picker_screen.dart	1	t1-feat-account
learning_tracker/lib/features/account/presentation/screens/sign_in_screen.dart	1	t1-feat-account
learning_tracker/lib/features/account/presentation/widgets/.gitkeep	1	t1-feat-account
learning_tracker/lib/features/account/presentation/widgets/email_verification_confirm_panel.dart	1	t1-feat-account
learning_tracker/lib/features/account/presentation/widgets/email_verification_dialog.dart	1	t1-feat-account
learning_tracker/lib/features/account/presentation/widgets/no_backup_badge.dart	1	t1-feat-account
learning_tracker/lib/features/account/presentation/widgets/offline_top_banner.dart	1	t1-feat-account
learning_tracker/lib/features/account/presentation/widgets/sign_in_actions.dart	1	t1-feat-account
learning_tracker/lib/features/account/presentation/widgets/sign_in_form.dart	1	t1-feat-account
learning_tracker/lib/features/account/presentation/widgets/sign_in_mode_card.dart	1	t1-feat-account
learning_tracker/lib/features/content_browsing/content_browsing.dart	1	t1-feat-content_browsing
learning_tracker/lib/features/content_browsing/data/data_sources/.gitkeep	1	t1-feat-content_browsing
learning_tracker/lib/features/content_browsing/data/models/.gitkeep	1	t1-feat-content_browsing
learning_tracker/lib/features/content_browsing/data/repositories/.gitkeep	1	t1-feat-content_browsing
learning_tracker/lib/features/content_browsing/data/repositories/content_repository_impl.dart	1	t1-feat-content_browsing
learning_tracker/lib/features/content_browsing/data/repositories/text_cache_repository.dart	1	t1-feat-content_browsing
learning_tracker/lib/features/content_browsing/data/services/cloud_content_service.dart	1	t1-feat-content_browsing
learning_tracker/lib/features/content_browsing/data/services/text_download_service.dart	1	t1-feat-content_browsing
learning_tracker/lib/features/content_browsing/domain/entities/.gitkeep	1	t1-feat-content_browsing
learning_tracker/lib/features/content_browsing/domain/repositories/.gitkeep	1	t1-feat-content_browsing
learning_tracker/lib/features/content_browsing/domain/repositories/content_repository.dart	1	t1-feat-content_browsing
learning_tracker/lib/features/content_browsing/domain/strategies/composite_curriculum_strategy.dart	1	t1-feat-content_browsing
learning_tracker/lib/features/content_browsing/domain/use_cases/.gitkeep	1	t1-feat-content_browsing
learning_tracker/lib/features/content_browsing/presentation/providers/.gitkeep	1	t1-feat-content_browsing
learning_tracker/lib/features/content_browsing/presentation/providers/cloud_content_providers.dart	1	t1-feat-content_browsing
learning_tracker/lib/features/content_browsing/presentation/providers/cloud_content_providers.g.dart	3	regen-freshness
learning_tracker/lib/features/content_browsing/presentation/providers/content_providers.dart	1	t1-feat-content_browsing
learning_tracker/lib/features/content_browsing/presentation/providers/content_providers.g.dart	3	regen-freshness
learning_tracker/lib/features/content_browsing/presentation/providers/text_display_providers.dart	1	t1-feat-content_browsing
learning_tracker/lib/features/content_browsing/presentation/providers/text_display_providers.g.dart	3	regen-freshness
learning_tracker/lib/features/content_browsing/presentation/screens/.gitkeep	1	t1-feat-content_browsing
learning_tracker/lib/features/content_browsing/presentation/screens/content_hierarchy_screen.dart	1	t1-feat-content_browsing
learning_tracker/lib/features/content_browsing/presentation/screens/content_search_screen.dart	1	t1-feat-content_browsing
learning_tracker/lib/features/content_browsing/presentation/screens/curriculum_list_screen.dart	1	t1-feat-content_browsing
learning_tracker/lib/features/content_browsing/presentation/screens/text_display_screen.dart	1	t1-feat-content_browsing
learning_tracker/lib/features/content_browsing/presentation/widgets/.gitkeep	1	t1-feat-content_browsing
learning_tracker/lib/features/content_browsing/presentation/widgets/breadcrumb_navigation.dart	1	t1-feat-content_browsing
learning_tracker/lib/features/content_browsing/presentation/widgets/content_item_tile.dart	1	t1-feat-content_browsing
learning_tracker/lib/features/content_browsing/presentation/widgets/hierarchy_selection_panel.dart	1	t1-feat-content_browsing
learning_tracker/lib/features/content_browsing/presentation/widgets/item_review_breakdown.dart	1	t1-feat-content_browsing
learning_tracker/lib/features/content_browsing/presentation/widgets/review_count_badge.dart	1	t1-feat-content_browsing
learning_tracker/lib/features/dashboard/dashboard.dart	1	t1-feat-dashboard
learning_tracker/lib/features/dashboard/data/data_sources/.gitkeep	1	t1-feat-dashboard
learning_tracker/lib/features/dashboard/data/models/.gitkeep	1	t1-feat-dashboard
learning_tracker/lib/features/dashboard/data/repositories/.gitkeep	1	t1-feat-dashboard
learning_tracker/lib/features/dashboard/domain/entities/.gitkeep	1	t1-feat-dashboard
learning_tracker/lib/features/dashboard/domain/models/calendar_position.dart	1	t1-feat-dashboard
learning_tracker/lib/features/dashboard/domain/models/calendar_position.freezed.dart	3	regen-freshness
learning_tracker/lib/features/dashboard/domain/models/chazara_status.dart	1	t1-feat-dashboard
learning_tracker/lib/features/dashboard/domain/models/chazara_status.freezed.dart	3	regen-freshness
learning_tracker/lib/features/dashboard/domain/models/models.dart	1	t1-feat-dashboard
learning_tracker/lib/features/dashboard/domain/models/momentum_status.dart	1	t1-feat-dashboard
learning_tracker/lib/features/dashboard/domain/models/momentum_status.freezed.dart	3	regen-freshness
learning_tracker/lib/features/dashboard/domain/repositories/.gitkeep	1	t1-feat-dashboard
learning_tracker/lib/features/dashboard/domain/services/next_reward_selector.dart	1	t1-feat-dashboard
learning_tracker/lib/features/dashboard/domain/services/parent_dashboard_aggregator.dart	1	t1-feat-dashboard
learning_tracker/lib/features/dashboard/domain/services/track_completion_service.dart	1	t1-feat-dashboard
learning_tracker/lib/features/dashboard/domain/use_cases/.gitkeep	1	t1-feat-dashboard
learning_tracker/lib/features/dashboard/domain/use_cases/compute_pace_status_use_case.dart	1	t1-feat-dashboard
learning_tracker/lib/features/dashboard/presentation/providers/.gitkeep	1	t1-feat-dashboard
learning_tracker/lib/features/dashboard/presentation/providers/calendar_position_providers.dart	1	t1-feat-dashboard
learning_tracker/lib/features/dashboard/presentation/providers/calendar_position_providers.g.dart	3	regen-freshness
learning_tracker/lib/features/dashboard/presentation/providers/dashboard_model_provider.dart	1	t1-feat-dashboard
learning_tracker/lib/features/dashboard/presentation/providers/dashboard_providers.dart	1	t1-feat-dashboard
learning_tracker/lib/features/dashboard/presentation/providers/dashboard_providers.g.dart	3	regen-freshness
learning_tracker/lib/features/dashboard/presentation/screens/.gitkeep	1	t1-feat-dashboard
learning_tracker/lib/features/dashboard/presentation/screens/dashboard_screen.dart	1	t1-feat-dashboard
learning_tracker/lib/features/dashboard/presentation/widgets/.gitkeep	1	t1-feat-dashboard
learning_tracker/lib/features/dashboard/presentation/widgets/active_track_card.dart	1	t1-feat-dashboard
learning_tracker/lib/features/dashboard/presentation/widgets/active_track_focus_pill.dart	1	t1-feat-dashboard
learning_tracker/lib/features/dashboard/presentation/widgets/active_tracks_carousel_section.dart	1	t1-feat-dashboard
learning_tracker/lib/features/dashboard/presentation/widgets/arrow_button.dart	1	t1-feat-dashboard
learning_tracker/lib/features/dashboard/presentation/widgets/child_points_rewards_tab_card.dart	1	t1-feat-dashboard
learning_tracker/lib/features/dashboard/presentation/widgets/compact_mission_card.dart	1	t1-feat-dashboard
learning_tracker/lib/features/dashboard/presentation/widgets/curriculum_summary_card.dart	1	t1-feat-dashboard
learning_tracker/lib/features/dashboard/presentation/widgets/dashboard_all_caught_up_card.dart	1	t1-feat-dashboard
learning_tracker/lib/features/dashboard/presentation/widgets/dashboard_body.dart	1	t1-feat-dashboard
learning_tracker/lib/features/dashboard/presentation/widgets/dashboard_helpers.dart	1	t1-feat-dashboard
learning_tracker/lib/features/dashboard/presentation/widgets/dashboard_level_points_card.dart	1	t1-feat-dashboard
learning_tracker/lib/features/dashboard/presentation/widgets/dashboard_stat_bubble.dart	1	t1-feat-dashboard
learning_tracker/lib/features/dashboard/presentation/widgets/dashboard_task_item.dart	1	t1-feat-dashboard
learning_tracker/lib/features/dashboard/presentation/widgets/dashed_rounded_border_painter.dart	1	t1-feat-dashboard
learning_tracker/lib/features/dashboard/presentation/widgets/empty_dashboard.dart	1	t1-feat-dashboard
learning_tracker/lib/features/dashboard/presentation/widgets/main_focus_mission_card.dart	1	t1-feat-dashboard
learning_tracker/lib/features/dashboard/presentation/widgets/points_summary_widget.dart	1	t1-feat-dashboard
learning_tracker/lib/features/dashboard/presentation/widgets/skipped_onboarding_cta_banner.dart	1	t1-feat-dashboard
learning_tracker/lib/features/dashboard/presentation/widgets/streak_recovery_banner.dart	1	t1-feat-dashboard
learning_tracker/lib/features/dashboard/presentation/widgets/task_category_stat_box.dart	1	t1-feat-dashboard
learning_tracker/lib/features/dashboard/presentation/widgets/track_stat_grid.dart	1	t1-feat-dashboard
learning_tracker/lib/features/gamification/data/data_sources/.gitkeep	1	t1-feat-gamification
learning_tracker/lib/features/gamification/data/models/.gitkeep	1	t1-feat-gamification
learning_tracker/lib/features/gamification/data/repositories/.gitkeep	1	t1-feat-gamification
learning_tracker/lib/features/gamification/domain/entities/.gitkeep	1	t1-feat-gamification
learning_tracker/lib/features/gamification/domain/models/reward_milestone.dart	1	t1-feat-gamification
learning_tracker/lib/features/gamification/domain/models/streak_recovery_info.dart	1	t1-feat-gamification
learning_tracker/lib/features/gamification/domain/models/streak_recovery_info.freezed.dart	3	regen-freshness
learning_tracker/lib/features/gamification/domain/repositories/.gitkeep	1	t1-feat-gamification
learning_tracker/lib/features/gamification/domain/reward_milestone_icons.dart	1	t1-feat-gamification
learning_tracker/lib/features/gamification/domain/services/points_service.dart	1	t1-feat-gamification
learning_tracker/lib/features/gamification/domain/services/reward_milestone_service.dart	1	t1-feat-gamification
learning_tracker/lib/features/gamification/domain/services/streak_service.dart	1	t1-feat-gamification
learning_tracker/lib/features/gamification/domain/use_cases/.gitkeep	1	t1-feat-gamification
learning_tracker/lib/features/gamification/gamification.dart	1	t1-feat-gamification
learning_tracker/lib/features/gamification/presentation/providers/.gitkeep	1	t1-feat-gamification
learning_tracker/lib/features/gamification/presentation/providers/achievements_overview_provider.dart	1	t1-feat-gamification
learning_tracker/lib/features/gamification/presentation/providers/points_providers.dart	1	t1-feat-gamification
learning_tracker/lib/features/gamification/presentation/providers/reward_config_controller.dart	1	t1-feat-gamification
learning_tracker/lib/features/gamification/presentation/providers/reward_config_controller.g.dart	3	regen-freshness
learning_tracker/lib/features/gamification/presentation/screens/.gitkeep	1	t1-feat-gamification
learning_tracker/lib/features/gamification/presentation/screens/child_redemption_screen.dart	1	t1-feat-gamification
learning_tracker/lib/features/gamification/presentation/screens/gamification_screen.dart	1	t1-feat-gamification
learning_tracker/lib/features/gamification/presentation/screens/gamification_screen.g.dart	3	regen-freshness
learning_tracker/lib/features/gamification/presentation/screens/parent_pending_redemptions_screen.dart	1	t1-feat-gamification
learning_tracker/lib/features/gamification/presentation/screens/point_config_screen.dart	1	t1-feat-gamification
learning_tracker/lib/features/gamification/presentation/screens/reward_configuration_screen.dart	1	t1-feat-gamification
learning_tracker/lib/features/gamification/presentation/widgets/.gitkeep	1	t1-feat-gamification
learning_tracker/lib/features/gamification/presentation/widgets/achievement_tier_card.dart	1	t1-feat-gamification
learning_tracker/lib/features/gamification/presentation/widgets/achievement_unlock_celebration.dart	1	t1-feat-gamification
learning_tracker/lib/features/gamification/presentation/widgets/achievements_header.dart	1	t1-feat-gamification
learning_tracker/lib/features/gamification/presentation/widgets/avatar_picker_row.dart	1	t1-feat-gamification
learning_tracker/lib/features/gamification/presentation/widgets/gamification_route_push_guard.dart	1	t1-feat-gamification
learning_tracker/lib/features/gamification/presentation/widgets/locked_achievement_shell.dart	1	t1-feat-gamification
learning_tracker/lib/features/gamification/presentation/widgets/manage_rewards_list.dart	1	t1-feat-gamification
learning_tracker/lib/features/gamification/presentation/widgets/points_display_widget.dart	1	t1-feat-gamification
learning_tracker/lib/features/gamification/presentation/widgets/pro_tip_card.dart	1	t1-feat-gamification
learning_tracker/lib/features/gamification/presentation/widgets/progress_summary_card.dart	1	t1-feat-gamification
learning_tracker/lib/features/gamification/presentation/widgets/reward_config_header.dart	1	t1-feat-gamification
learning_tracker/lib/features/gamification/presentation/widgets/reward_form.dart	1	t1-feat-gamification
learning_tracker/lib/features/gamification/presentation/widgets/reward_type_segmented.dart	1	t1-feat-gamification
learning_tracker/lib/features/gamification/presentation/widgets/streak_widget.dart	1	t1-feat-gamification
learning_tracker/lib/features/gamification/presentation/widgets/tier_icon_box.dart	1	t1-feat-gamification
learning_tracker/lib/features/gamification/presentation/widgets/tier_style.dart	1	t1-feat-gamification
learning_tracker/lib/features/gamification/presentation/widgets/track_filter_row.dart	1	t1-feat-gamification
learning_tracker/lib/features/gamification/presentation/widgets/track_tag_chip.dart	1	t1-feat-gamification
learning_tracker/lib/features/gamification/streak/streak_event.dart	1	t1-feat-gamification
learning_tracker/lib/features/gamification/streak/streak_event_log.dart	1	t1-feat-gamification
learning_tracker/lib/features/gamification/streak/streak_reducer.dart	1	t1-feat-gamification
learning_tracker/lib/features/gamification/streak/streak_restorer.dart	1	t1-feat-gamification
learning_tracker/lib/features/gamification/streak/streak_state_provider.dart	1	t1-feat-gamification
learning_tracker/lib/features/learning/data/completion_writer.dart	1	t1-feat-learning
learning_tracker/lib/features/learning/data/data_sources/.gitkeep	1	t1-feat-learning
learning_tracker/lib/features/learning/data/models/.gitkeep	1	t1-feat-learning
learning_tracker/lib/features/learning/data/repositories/.gitkeep	1	t1-feat-learning
learning_tracker/lib/features/learning/data/repositories/bookmark_repository_impl.dart	1	t1-feat-learning
learning_tracker/lib/features/learning/data/repositories/completion_repository_impl.dart	1	t1-feat-learning
learning_tracker/lib/features/learning/data/repositories/learning_ledger_repository_impl.dart	1	t1-feat-learning
learning_tracker/lib/features/learning/data/repositories/track_repository_impl.dart	1	t1-feat-learning
learning_tracker/lib/features/learning/domain/entities/.gitkeep	1	t1-feat-learning
learning_tracker/lib/features/learning/domain/entities/batch_plan.dart	1	t1-feat-learning
learning_tracker/lib/features/learning/domain/entities/bookmark.dart	1	t1-feat-learning
learning_tracker/lib/features/learning/domain/entities/completion_command.dart	1	t1-feat-learning
learning_tracker/lib/features/learning/domain/entities/completion_request.dart	1	t1-feat-learning
learning_tracker/lib/features/learning/domain/entities/completion_source.dart	1	t1-feat-learning
learning_tracker/lib/features/learning/domain/entities/completion_tier_filter.dart	1	t1-feat-learning
learning_tracker/lib/features/learning/domain/entities/mark_completion_result.dart	1	t1-feat-learning
learning_tracker/lib/features/learning/domain/repositories/.gitkeep	1	t1-feat-learning
learning_tracker/lib/features/learning/domain/repositories/bookmark_repository.dart	1	t1-feat-learning
learning_tracker/lib/features/learning/domain/repositories/completion_repository.dart	1	t1-feat-learning
learning_tracker/lib/features/learning/domain/repositories/learning_ledger_repository.dart	1	t1-feat-learning
learning_tracker/lib/features/learning/domain/repositories/track_repository.dart	1	t1-feat-learning
learning_tracker/lib/features/learning/domain/services/completion_detection_service.dart	1	t1-feat-learning
learning_tracker/lib/features/learning/domain/use_cases/.gitkeep	1	t1-feat-learning
learning_tracker/lib/features/learning/domain/use_cases/bulk_mark_completion_use_case.dart	1	t1-feat-learning
learning_tracker/lib/features/learning/domain/use_cases/manual_completion_use_case.dart	1	t1-feat-learning
learning_tracker/lib/features/learning/domain/use_cases/mark_completion_use_case.dart	1	t1-feat-learning
learning_tracker/lib/features/learning/learning.dart	1	t1-feat-learning
learning_tracker/lib/features/learning/presentation/providers/.gitkeep	1	t1-feat-learning
learning_tracker/lib/features/learning/presentation/providers/bookmark_providers.dart	1	t1-feat-learning
learning_tracker/lib/features/learning/presentation/providers/completion_providers.dart	1	t1-feat-learning
learning_tracker/lib/features/learning/presentation/providers/completion_providers.g.dart	3	regen-freshness
learning_tracker/lib/features/learning/presentation/providers/completion_writer_providers.dart	1	t1-feat-learning
learning_tracker/lib/features/learning/presentation/providers/learning_ledger_providers.dart	1	t1-feat-learning
learning_tracker/lib/features/learning/presentation/providers/learning_ledger_providers.g.dart	3	regen-freshness
learning_tracker/lib/features/learning/presentation/providers/optimistic_completion_provider.dart	1	t1-feat-learning
learning_tracker/lib/features/learning/presentation/providers/optimistic_completion_provider.g.dart	3	regen-freshness
learning_tracker/lib/features/learning/presentation/providers/track_providers.dart	1	t1-feat-learning
learning_tracker/lib/features/learning/presentation/providers/track_providers.g.dart	3	regen-freshness
learning_tracker/lib/features/learning/presentation/screens/.gitkeep	1	t1-feat-learning
learning_tracker/lib/features/learning/presentation/screens/learning_screen.dart	1	t1-feat-learning
learning_tracker/lib/features/learning/presentation/widgets/.gitkeep	1	t1-feat-learning
learning_tracker/lib/features/learning/presentation/widgets/completion_animation.dart	1	t1-feat-learning
learning_tracker/lib/features/learning/presentation/widgets/completion_feedback_controller.dart	1	t1-feat-learning
learning_tracker/lib/features/notifications/data/data_sources/.gitkeep	1	t1-feat-notifications
learning_tracker/lib/features/notifications/data/models/.gitkeep	1	t1-feat-notifications
learning_tracker/lib/features/notifications/data/repositories/.gitkeep	1	t1-feat-notifications
learning_tracker/lib/features/notifications/data/repositories/shared_prefs_notification_preferences_repository.dart	1	t1-feat-notifications
learning_tracker/lib/features/notifications/data/services/sacred_window_repository.dart	1	t1-feat-notifications
learning_tracker/lib/features/notifications/domain/entities/.gitkeep	1	t1-feat-notifications
learning_tracker/lib/features/notifications/domain/models/reminder_preferences.dart	1	t1-feat-notifications
learning_tracker/lib/features/notifications/domain/repositories/.gitkeep	1	t1-feat-notifications
learning_tracker/lib/features/notifications/domain/repositories/notification_preferences_repository.dart	1	t1-feat-notifications
learning_tracker/lib/features/notifications/domain/services/notification_gateway.dart	1	t1-feat-notifications
learning_tracker/lib/features/notifications/domain/services/notification_initializer.dart	1	t1-feat-notifications
learning_tracker/lib/features/notifications/domain/services/notification_scheduler.dart	1	t1-feat-notifications
learning_tracker/lib/features/notifications/domain/services/streak_alert_service.dart	1	t1-feat-notifications
learning_tracker/lib/features/notifications/domain/use_cases/.gitkeep	1	t1-feat-notifications
learning_tracker/lib/features/notifications/notifications.dart	1	t1-feat-notifications
learning_tracker/lib/features/notifications/presentation/providers/.gitkeep	1	t1-feat-notifications
learning_tracker/lib/features/notifications/presentation/providers/notification_providers.dart	1	t1-feat-notifications
learning_tracker/lib/features/notifications/presentation/providers/notification_providers.g.dart	3	regen-freshness
learning_tracker/lib/features/notifications/presentation/screens/.gitkeep	1	t1-feat-notifications
learning_tracker/lib/features/notifications/presentation/screens/notifications_screen.dart	1	t1-feat-notifications
learning_tracker/lib/features/notifications/presentation/widgets/.gitkeep	1	t1-feat-notifications
learning_tracker/lib/features/notifications/presentation/widgets/device_notification_toggle.dart	1	t1-feat-notifications
learning_tracker/lib/features/notifications/presentation/widgets/timezone_lifecycle_observer.dart	1	t1-feat-notifications
learning_tracker/lib/features/onboarding/data/data_sources/.gitkeep	1	t1-feat-onboarding
learning_tracker/lib/features/onboarding/data/models/.gitkeep	1	t1-feat-onboarding
learning_tracker/lib/features/onboarding/data/repositories/.gitkeep	1	t1-feat-onboarding
learning_tracker/lib/features/onboarding/domain/entities/.gitkeep	1	t1-feat-onboarding
learning_tracker/lib/features/onboarding/domain/models/wizard_result_wrapper.dart	1	t1-feat-onboarding
learning_tracker/lib/features/onboarding/domain/repositories/.gitkeep	1	t1-feat-onboarding
learning_tracker/lib/features/onboarding/domain/services/bulk_prior_completion_service.dart	1	t1-feat-onboarding
learning_tracker/lib/features/onboarding/domain/services/curriculum_import_service.dart	1	t1-feat-onboarding
learning_tracker/lib/features/onboarding/domain/services/learning_process_wizard_service.dart	1	t1-feat-onboarding
learning_tracker/lib/features/onboarding/domain/services/user_profile_service.dart	1	t1-feat-onboarding
learning_tracker/lib/features/onboarding/domain/use_cases/.gitkeep	1	t1-feat-onboarding
learning_tracker/lib/features/onboarding/domain/validators/auth_validators.dart	1	t1-feat-onboarding
learning_tracker/lib/features/onboarding/onboarding.dart	1	t1-feat-onboarding
learning_tracker/lib/features/onboarding/presentation/providers/.gitkeep	1	t1-feat-onboarding
learning_tracker/lib/features/onboarding/presentation/providers/onboarding_controller.dart	1	t1-feat-onboarding
learning_tracker/lib/features/onboarding/presentation/providers/onboarding_controller.g.dart	3	regen-freshness
learning_tracker/lib/features/onboarding/presentation/providers/onboarding_providers.dart	1	t1-feat-onboarding
learning_tracker/lib/features/onboarding/presentation/providers/onboarding_resume_store.dart	1	t1-feat-onboarding
learning_tracker/lib/features/onboarding/presentation/screens/.gitkeep	1	t1-feat-onboarding
learning_tracker/lib/features/onboarding/presentation/screens/app_intro_screen.dart	1	t1-feat-onboarding
learning_tracker/lib/features/onboarding/presentation/screens/bulk_mark_screen.dart	1	t1-feat-onboarding
learning_tracker/lib/features/onboarding/presentation/screens/empty_login_screen.dart	1	t1-feat-onboarding
learning_tracker/lib/features/onboarding/presentation/screens/learning_process_wizard_screen.dart	1	t1-feat-onboarding
learning_tracker/lib/features/onboarding/presentation/screens/onboarding_screen.dart	1	t1-feat-onboarding
learning_tracker/lib/features/onboarding/presentation/screens/permission_prompt_screen.dart	1	t1-feat-onboarding
learning_tracker/lib/features/onboarding/presentation/steps/onboarding_add_another_prompt_step.dart	1	t1-feat-onboarding
learning_tracker/lib/features/onboarding/presentation/steps/onboarding_done_step.dart	1	t1-feat-onboarding
learning_tracker/lib/features/onboarding/presentation/steps/onboarding_handoff_step.dart	1	t1-feat-onboarding
learning_tracker/lib/features/onboarding/presentation/steps/onboarding_parent_pin_step.dart	1	t1-feat-onboarding
learning_tracker/lib/features/onboarding/presentation/steps/onboarding_profile_creation_step.dart	1	t1-feat-onboarding
learning_tracker/lib/features/onboarding/presentation/steps/onboarding_step.dart	1	t1-feat-onboarding
learning_tracker/lib/features/onboarding/presentation/steps/wizard_steps.dart	1	t1-feat-onboarding
learning_tracker/lib/features/onboarding/presentation/widgets/.gitkeep	1	t1-feat-onboarding
learning_tracker/lib/features/onboarding/presentation/widgets/glowing_cta_button.dart	1	t1-feat-onboarding
learning_tracker/lib/features/onboarding/presentation/widgets/intro_daily_plan_page.dart	1	t1-feat-onboarding
learning_tracker/lib/features/onboarding/presentation/widgets/intro_mishna_page.dart	1	t1-feat-onboarding
learning_tracker/lib/features/onboarding/presentation/widgets/intro_page_indicator.dart	1	t1-feat-onboarding
learning_tracker/lib/features/onboarding/presentation/widgets/intro_rewards_page.dart	1	t1-feat-onboarding
learning_tracker/lib/features/profiles/data/repositories/profile_repository_impl.dart	1	t1-feat-profiles
learning_tracker/lib/features/profiles/domain/models/profile_model.dart	1	t1-feat-profiles
learning_tracker/lib/features/profiles/domain/models/profile_model.freezed.dart	3	regen-freshness
learning_tracker/lib/features/profiles/domain/models/profile_session.dart	1	t1-feat-profiles
learning_tracker/lib/features/profiles/domain/repositories/profile_repository.dart	1	t1-feat-profiles
learning_tracker/lib/features/profiles/domain/services/pin_flow_machine.dart	1	t1-feat-profiles
learning_tracker/lib/features/profiles/domain/services/pin_service.dart	1	t1-feat-profiles
learning_tracker/lib/features/profiles/domain/use_cases/profile_creation_use_case.dart	1	t1-feat-profiles
learning_tracker/lib/features/profiles/domain/use_cases/set_parent_pin_use_case.dart	1	t1-feat-profiles
learning_tracker/lib/features/profiles/domain/use_cases/verify_parent_pin_use_case.dart	1	t1-feat-profiles
learning_tracker/lib/features/profiles/presentation/providers/active_profile_provider.dart	1	t1-feat-profiles
learning_tracker/lib/features/profiles/presentation/providers/active_profile_provider.g.dart	3	regen-freshness
learning_tracker/lib/features/profiles/presentation/providers/parent_dashboard_providers.dart	1	t1-feat-profiles
learning_tracker/lib/features/profiles/presentation/providers/parent_pin_session_provider.dart	1	t1-feat-profiles
learning_tracker/lib/features/profiles/presentation/providers/pin_flow_controller.dart	1	t1-feat-profiles
learning_tracker/lib/features/profiles/presentation/providers/profile_providers.dart	1	t1-feat-profiles
learning_tracker/lib/features/profiles/presentation/providers/profile_providers.g.dart	3	regen-freshness
learning_tracker/lib/features/profiles/presentation/screens/manage_learners_screen.dart	1	t1-feat-profiles
learning_tracker/lib/features/profiles/presentation/screens/parent_settings_screen.dart	1	t1-feat-profiles
learning_tracker/lib/features/profiles/presentation/screens/parent_track_management_screen.dart	1	t1-feat-profiles
learning_tracker/lib/features/profiles/presentation/screens/pin_flow_screen.dart	1	t1-feat-profiles
learning_tracker/lib/features/profiles/presentation/screens/profile_picker_screen.dart	1	t1-feat-profiles
learning_tracker/lib/features/profiles/presentation/widgets/add_profile_card.dart	1	t1-feat-profiles
learning_tracker/lib/features/profiles/presentation/widgets/add_profile_dialog.dart	1	t1-feat-profiles
learning_tracker/lib/features/profiles/presentation/widgets/add_profile_mode_pick_card.dart	1	t1-feat-profiles
learning_tracker/lib/features/profiles/presentation/widgets/my_children_section.dart	1	t1-feat-profiles
learning_tracker/lib/features/profiles/presentation/widgets/parent_mode_dialog_frame.dart	1	t1-feat-profiles
learning_tracker/lib/features/profiles/presentation/widgets/parent_pin_keypad_dialog.dart	1	t1-feat-profiles
learning_tracker/lib/features/profiles/presentation/widgets/parent_pin_setup_dialog.dart	1	t1-feat-profiles
learning_tracker/lib/features/profiles/presentation/widgets/profile_avatar.dart	1	t1-feat-profiles
learning_tracker/lib/features/profiles/presentation/widgets/profile_card.dart	1	t1-feat-profiles
learning_tracker/lib/features/profiles/presentation/widgets/profile_edit_delete_actions.dart	1	t1-feat-profiles
learning_tracker/lib/features/profiles/presentation/widgets/profile_grid.dart	1	t1-feat-profiles
learning_tracker/lib/features/profiles/presentation/widgets/profile_switcher_sheet.dart	1	t1-feat-profiles
learning_tracker/lib/features/profiles/presentation/widgets/tutored_children_section.dart	1	t1-feat-profiles
learning_tracker/lib/features/profiles/profiles.dart	1	t1-feat-profiles
learning_tracker/lib/features/progress/data/data_sources/.gitkeep	1	t1-feat-progress
learning_tracker/lib/features/progress/data/models/.gitkeep	1	t1-feat-progress
learning_tracker/lib/features/progress/data/repositories/.gitkeep	1	t1-feat-progress
learning_tracker/lib/features/progress/data/repositories/progress_repository_impl.dart	1	t1-feat-progress
learning_tracker/lib/features/progress/domain/entities/.gitkeep	1	t1-feat-progress
learning_tracker/lib/features/progress/domain/models/chart_data.dart	1	t1-feat-progress
learning_tracker/lib/features/progress/domain/models/curriculum_progress_data.dart	1	t1-feat-progress
learning_tracker/lib/features/progress/domain/models/journey_view_model.dart	1	t1-feat-progress
learning_tracker/lib/features/progress/domain/models/journey_view_model.freezed.dart	3	regen-freshness
learning_tracker/lib/features/progress/domain/models/lifetime_knowledge.dart	1	t1-feat-progress
learning_tracker/lib/features/progress/domain/repositories/.gitkeep	1	t1-feat-progress
learning_tracker/lib/features/progress/domain/repositories/progress_repository.dart	1	t1-feat-progress
learning_tracker/lib/features/progress/domain/services/chart_data_service.dart	1	t1-feat-progress
learning_tracker/lib/features/progress/domain/services/curriculum_progress_service.dart	1	t1-feat-progress
learning_tracker/lib/features/progress/domain/services/lifetime_tree_builder.dart	1	t1-feat-progress
learning_tracker/lib/features/progress/domain/services/overlapping_curricula_deduplicator.dart	1	t1-feat-progress
learning_tracker/lib/features/progress/domain/services/pace_calculator.dart	1	t1-feat-progress
learning_tracker/lib/features/progress/domain/use_cases/.gitkeep	1	t1-feat-progress
learning_tracker/lib/features/progress/presentation/providers/.gitkeep	1	t1-feat-progress
learning_tracker/lib/features/progress/presentation/providers/chart_providers.dart	1	t1-feat-progress
learning_tracker/lib/features/progress/presentation/providers/items_learned_providers.dart	1	t1-feat-progress
learning_tracker/lib/features/progress/presentation/providers/journey_providers.dart	1	t1-feat-progress
learning_tracker/lib/features/progress/presentation/providers/journey_providers.g.dart	3	regen-freshness
learning_tracker/lib/features/progress/presentation/providers/lifetime_knowledge_providers.dart	1	t1-feat-progress
learning_tracker/lib/features/progress/presentation/providers/progress_lens_refresh_tick_provider.dart	1	t1-feat-progress
learning_tracker/lib/features/progress/presentation/providers/progress_providers.dart	1	t1-feat-progress
learning_tracker/lib/features/progress/presentation/providers/progress_providers.g.dart	3	regen-freshness
learning_tracker/lib/features/progress/presentation/providers/recent_activity_providers.dart	1	t1-feat-progress
learning_tracker/lib/features/progress/presentation/screens/.gitkeep	1	t1-feat-progress
learning_tracker/lib/features/progress/presentation/screens/curriculum_progress_screen.dart	1	t1-feat-progress
learning_tracker/lib/features/progress/presentation/screens/lifetime_knowledge_screen.dart	1	t1-feat-progress
learning_tracker/lib/features/progress/presentation/screens/progress_screen.dart	1	t1-feat-progress
learning_tracker/lib/features/progress/presentation/screens/recent_activity_screen.dart	1	t1-feat-progress
learning_tracker/lib/features/progress/presentation/screens/siyumim_milestones_screen.dart	1	t1-feat-progress
learning_tracker/lib/features/progress/presentation/widgets/.gitkeep	1	t1-feat-progress
learning_tracker/lib/features/progress/presentation/widgets/cumulative_line_chart.dart	1	t1-feat-progress
learning_tracker/lib/features/progress/presentation/widgets/curriculum_breakdown_list.dart	1	t1-feat-progress
learning_tracker/lib/features/progress/presentation/widgets/hierarchy_progress_card.dart	1	t1-feat-progress
learning_tracker/lib/features/progress/presentation/widgets/lifetime_folder_styled_widgets.dart	1	t1-feat-progress
learning_tracker/lib/features/progress/presentation/widgets/limudim_chazaros_bar_chart.dart	1	t1-feat-progress
learning_tracker/lib/features/progress/presentation/widgets/monthly_activity_sliver_calendar.dart	1	t1-feat-progress
learning_tracker/lib/features/progress/presentation/widgets/overall_stats_card.dart	1	t1-feat-progress
learning_tracker/lib/features/progress/presentation/widgets/pace_indicator.dart	1	t1-feat-progress
learning_tracker/lib/features/progress/presentation/widgets/points_over_time_chart.dart	1	t1-feat-progress
learning_tracker/lib/features/progress/presentation/widgets/progress_tier_counter_row.dart	1	t1-feat-progress
learning_tracker/lib/features/progress/presentation/widgets/siyum_milestone_label.dart	1	t1-feat-progress
learning_tracker/lib/features/progress/presentation/widgets/siyumim_grouped_view.dart	1	t1-feat-progress
learning_tracker/lib/features/progress/presentation/widgets/siyumim_timeline_view.dart	1	t1-feat-progress
learning_tracker/lib/features/progress/presentation/widgets/stage_breakdown_row.dart	1	t1-feat-progress
learning_tracker/lib/features/progress/presentation/widgets/streak_calendar.dart	1	t1-feat-progress
learning_tracker/lib/features/progress/progress.dart	1	t1-feat-progress
learning_tracker/lib/features/sacred_time/data/services/cities_repository.dart	1	t1-feat-sacred_time
learning_tracker/lib/features/sacred_time/data/services/location_service.dart	1	t1-feat-sacred_time
learning_tracker/lib/features/sacred_time/data/services/sacred_time_preferences.dart	1	t1-feat-sacred_time
learning_tracker/lib/features/sacred_time/domain/models/city.dart	1	t1-feat-sacred_time
learning_tracker/lib/features/sacred_time/domain/models/city.freezed.dart	3	regen-freshness
learning_tracker/lib/features/sacred_time/domain/models/sacred_location.dart	1	t1-feat-sacred_time
learning_tracker/lib/features/sacred_time/domain/models/sacred_location.freezed.dart	3	regen-freshness
learning_tracker/lib/features/sacred_time/domain/models/sacred_window.dart	1	t1-feat-sacred_time
learning_tracker/lib/features/sacred_time/domain/models/sacred_window.freezed.dart	3	regen-freshness
learning_tracker/lib/features/sacred_time/domain/services/zmanim_window_service.dart	1	t1-feat-sacred_time
learning_tracker/lib/features/sacred_time/presentation/providers/cities_provider.dart	1	t1-feat-sacred_time
learning_tracker/lib/features/sacred_time/presentation/providers/cities_provider.g.dart	3	regen-freshness
learning_tracker/lib/features/sacred_time/presentation/providers/sacred_location_provider.dart	1	t1-feat-sacred_time
learning_tracker/lib/features/sacred_time/presentation/providers/sacred_location_provider.g.dart	3	regen-freshness
learning_tracker/lib/features/sacred_time/presentation/providers/sacred_windows_provider.dart	1	t1-feat-sacred_time
learning_tracker/lib/features/sacred_time/presentation/providers/sacred_windows_provider.g.dart	3	regen-freshness
learning_tracker/lib/features/sacred_time/presentation/screens/city_picker_screen.dart	1	t1-feat-sacred_time
learning_tracker/lib/features/sacred_time/presentation/widgets/sacred_time_lock_overlay.dart	1	t1-feat-sacred_time
learning_tracker/lib/features/sacred_time/presentation/widgets/sacred_time_settings_card.dart	1	t1-feat-sacred_time
learning_tracker/lib/features/sacred_time/sacred_time.dart	1	t1-feat-sacred_time
learning_tracker/lib/features/scheduler/data/data_sources/.gitkeep	1	t1-feat-scheduler
learning_tracker/lib/features/scheduler/data/models/.gitkeep	1	t1-feat-scheduler
learning_tracker/lib/features/scheduler/data/repositories/.gitkeep	1	t1-feat-scheduler
learning_tracker/lib/features/scheduler/data/repositories/daily_plan_repository.dart	1	t1-feat-scheduler
learning_tracker/lib/features/scheduler/data/repositories/goal_repository_impl.dart	1	t1-feat-scheduler
learning_tracker/lib/features/scheduler/data/repositories/scheduler_completion_repository_impl.dart	1	t1-feat-scheduler
learning_tracker/lib/features/scheduler/data/repositories/scheduler_content_repository_impl.dart	1	t1-feat-scheduler
learning_tracker/lib/features/scheduler/data/repositories/scheduler_learning_order_repository_impl.dart	1	t1-feat-scheduler
learning_tracker/lib/features/scheduler/data/repositories/scheduler_stage_repository_impl.dart	1	t1-feat-scheduler
learning_tracker/lib/features/scheduler/data/repositories/study_day_config_repository_impl.dart	1	t1-feat-scheduler
learning_tracker/lib/features/scheduler/domain/entities/.gitkeep	1	t1-feat-scheduler
learning_tracker/lib/features/scheduler/domain/labels/program_label_resolver.dart	1	t1-feat-scheduler
learning_tracker/lib/features/scheduler/domain/models/daily_task.dart	1	t1-feat-scheduler
learning_tracker/lib/features/scheduler/domain/models/daily_task.freezed.dart	3	regen-freshness
learning_tracker/lib/features/scheduler/domain/models/day_type.dart	1	t1-feat-scheduler
learning_tracker/lib/features/scheduler/domain/models/delta_value.dart	1	t1-feat-scheduler
learning_tracker/lib/features/scheduler/domain/models/goal_entity.dart	1	t1-feat-scheduler
learning_tracker/lib/features/scheduler/domain/models/goal_entity.freezed.dart	3	regen-freshness
learning_tracker/lib/features/scheduler/domain/models/pace_status.dart	1	t1-feat-scheduler
learning_tracker/lib/features/scheduler/domain/models/pace_status.freezed.dart	3	regen-freshness
learning_tracker/lib/features/scheduler/domain/models/schedule_config.dart	1	t1-feat-scheduler
learning_tracker/lib/features/scheduler/domain/models/schedule_config.freezed.dart	3	regen-freshness
learning_tracker/lib/features/scheduler/domain/models/scheduler_analysis.dart	1	t1-feat-scheduler
learning_tracker/lib/features/scheduler/domain/models/scheduler_analysis.freezed.dart	3	regen-freshness
learning_tracker/lib/features/scheduler/domain/models/scheduler_input.dart	1	t1-feat-scheduler
learning_tracker/lib/features/scheduler/domain/models/scheduler_input.freezed.dart	3	regen-freshness
learning_tracker/lib/features/scheduler/domain/models/study_day_config.dart	1	t1-feat-scheduler
learning_tracker/lib/features/scheduler/domain/models/study_day_config.freezed.dart	3	regen-freshness
learning_tracker/lib/features/scheduler/domain/models/task_assembly.dart	1	t1-feat-scheduler
learning_tracker/lib/features/scheduler/domain/models/task_assembly.freezed.dart	3	regen-freshness
learning_tracker/lib/features/scheduler/domain/projection/overdue_projection.dart	1	t1-feat-scheduler
learning_tracker/lib/features/scheduler/domain/projection/overdue_schedule.dart	1	t1-feat-scheduler
learning_tracker/lib/features/scheduler/domain/projection/overdue_types.dart	1	t1-feat-scheduler
learning_tracker/lib/features/scheduler/domain/projection/projection.dart	1	t1-feat-scheduler
learning_tracker/lib/features/scheduler/domain/repositories/.gitkeep	1	t1-feat-scheduler
learning_tracker/lib/features/scheduler/domain/repositories/goal_repository.dart	1	t1-feat-scheduler
learning_tracker/lib/features/scheduler/domain/repositories/scheduler_completion_repository.dart	1	t1-feat-scheduler
learning_tracker/lib/features/scheduler/domain/repositories/scheduler_content_repository.dart	1	t1-feat-scheduler
learning_tracker/lib/features/scheduler/domain/repositories/scheduler_learning_order_repository.dart	1	t1-feat-scheduler
learning_tracker/lib/features/scheduler/domain/repositories/scheduler_stage_repository.dart	1	t1-feat-scheduler
learning_tracker/lib/features/scheduler/domain/repositories/study_day_config_repository.dart	1	t1-feat-scheduler
learning_tracker/lib/features/scheduler/domain/services/calendar_program_registry.dart	1	t1-feat-scheduler
learning_tracker/lib/features/scheduler/domain/services/calendar_program_service.dart	1	t1-feat-scheduler
learning_tracker/lib/features/scheduler/domain/services/cross_curriculum_aggregator.dart	1	t1-feat-scheduler
learning_tracker/lib/features/scheduler/domain/services/daily_schedule_composer.dart	1	t1-feat-scheduler
learning_tracker/lib/features/scheduler/domain/services/daily_task_generator.dart	1	t1-feat-scheduler
learning_tracker/lib/features/scheduler/domain/services/learning_program_service.dart	1	t1-feat-scheduler
learning_tracker/lib/features/scheduler/domain/services/local_calendar_engine.dart	1	t1-feat-scheduler
learning_tracker/lib/features/scheduler/domain/services/pace_calculator.dart	1	t1-feat-scheduler
learning_tracker/lib/features/scheduler/domain/services/scheduler_engine.dart	1	t1-feat-scheduler
learning_tracker/lib/features/scheduler/domain/services/sefaria_ref_matcher.dart	1	t1-feat-scheduler
learning_tracker/lib/features/scheduler/domain/use_cases/.gitkeep	1	t1-feat-scheduler
learning_tracker/lib/features/scheduler/presentation/providers/.gitkeep	1	t1-feat-scheduler
learning_tracker/lib/features/scheduler/presentation/providers/scheduler_providers.dart	1	t1-feat-scheduler
learning_tracker/lib/features/scheduler/presentation/providers/scheduler_providers.g.dart	3	regen-freshness
learning_tracker/lib/features/scheduler/presentation/providers/study_day_config_providers.dart	1	t1-feat-scheduler
learning_tracker/lib/features/scheduler/presentation/providers/study_day_config_providers.g.dart	3	regen-freshness
learning_tracker/lib/features/scheduler/presentation/screens/.gitkeep	1	t1-feat-scheduler
learning_tracker/lib/features/scheduler/presentation/screens/goal_setup_screen.dart	1	t1-feat-scheduler
learning_tracker/lib/features/scheduler/presentation/screens/scheduler_screen.dart	1	t1-feat-scheduler
learning_tracker/lib/features/scheduler/presentation/screens/study_day_config_screen.dart	1	t1-feat-scheduler
learning_tracker/lib/features/scheduler/presentation/widgets/.gitkeep	1	t1-feat-scheduler
learning_tracker/lib/features/scheduler/presentation/widgets/daily_task_card.dart	1	t1-feat-scheduler
learning_tracker/lib/features/scheduler/presentation/widgets/grouped_daily_view.dart	1	t1-feat-scheduler
learning_tracker/lib/features/scheduler/presentation/widgets/hebrew_date_picker.dart	1	t1-feat-scheduler
learning_tracker/lib/features/scheduler/presentation/widgets/pace_indicator.dart	1	t1-feat-scheduler
learning_tracker/lib/features/scheduler/scheduler.dart	1	t1-feat-scheduler
learning_tracker/lib/features/settings/data/data_sources/.gitkeep	1	t1-feat-settings
learning_tracker/lib/features/settings/data/models/.gitkeep	1	t1-feat-settings
learning_tracker/lib/features/settings/data/repositories/.gitkeep	1	t1-feat-settings
learning_tracker/lib/features/settings/domain/entities/.gitkeep	1	t1-feat-settings
learning_tracker/lib/features/settings/domain/exceptions/last_active_curriculum_exception.dart	1	t1-feat-settings
learning_tracker/lib/features/settings/domain/repositories/.gitkeep	1	t1-feat-settings
learning_tracker/lib/features/settings/domain/services/data_export_import_service.dart	1	t1-feat-settings
learning_tracker/lib/features/settings/domain/use_cases/.gitkeep	1	t1-feat-settings
learning_tracker/lib/features/settings/presentation/providers/.gitkeep	1	t1-feat-settings
learning_tracker/lib/features/settings/presentation/providers/account_management_providers.dart	1	t1-feat-settings
learning_tracker/lib/features/settings/presentation/providers/curriculum_activation_providers.dart	1	t1-feat-settings
learning_tracker/lib/features/settings/presentation/providers/curriculum_scope_providers.dart	1	t1-feat-settings
learning_tracker/lib/features/settings/presentation/screens/.gitkeep	1	t1-feat-settings
learning_tracker/lib/features/settings/presentation/screens/curriculum_settings_screen.dart	1	t1-feat-settings
learning_tracker/lib/features/settings/presentation/screens/lifetime_marking_screen.dart	1	t1-feat-settings
learning_tracker/lib/features/settings/presentation/screens/scope_selection_screen.dart	1	t1-feat-settings
learning_tracker/lib/features/settings/presentation/screens/settings_screen.dart	1	t1-feat-settings
learning_tracker/lib/features/settings/presentation/screens/upgrade_to_cloud_screen.dart	1	t1-feat-settings
learning_tracker/lib/features/settings/presentation/utils/account_actions.dart	1	t1-feat-settings
learning_tracker/lib/features/settings/presentation/utils/send_logs_service.dart	1	t1-feat-settings
learning_tracker/lib/features/settings/presentation/widgets/.gitkeep	1	t1-feat-settings
learning_tracker/lib/features/settings/presentation/widgets/account_actions_sheet.dart	1	t1-feat-settings
learning_tracker/lib/features/settings/presentation/widgets/backup_sync_section.dart	1	t1-feat-settings
learning_tracker/lib/features/settings/presentation/widgets/change_password_dialog.dart	1	t1-feat-settings
learning_tracker/lib/features/settings/presentation/widgets/delete_account_dialog.dart	1	t1-feat-settings
learning_tracker/lib/features/settings/presentation/widgets/reauthenticate_dialog.dart	1	t1-feat-settings
learning_tracker/lib/features/settings/presentation/widgets/user_profile_header_card.dart	1	t1-feat-settings
learning_tracker/lib/features/settings/settings.dart	1	t1-feat-settings
learning_tracker/lib/features/sync/data/local_data_upload_service.dart	1	t1-feat-sync
learning_tracker/lib/features/sync/data/models/.gitkeep	1	t1-feat-sync
learning_tracker/lib/features/sync/data/outbox_sync_write_facade.dart	1	t1-feat-sync
learning_tracker/lib/features/sync/data/repositories/.gitkeep	1	t1-feat-sync
learning_tracker/lib/features/sync/data/reward_settings_merge_delegate.dart	1	t1-feat-sync
learning_tracker/lib/features/sync/domain/entities/.gitkeep	1	t1-feat-sync
learning_tracker/lib/features/sync/domain/merge_rules.dart	1	t1-feat-sync
learning_tracker/lib/features/sync/domain/models/restore_status.dart	1	t1-feat-sync
learning_tracker/lib/features/sync/domain/models/restore_status.freezed.dart	3	regen-freshness
learning_tracker/lib/features/sync/domain/models/sync_status.dart	1	t1-feat-sync
learning_tracker/lib/features/sync/domain/models/sync_status.freezed.dart	3	regen-freshness
learning_tracker/lib/features/sync/domain/profile_scoped_preference_keys.dart	1	t1-feat-sync
learning_tracker/lib/features/sync/domain/repositories/.gitkeep	1	t1-feat-sync
learning_tracker/lib/features/sync/domain/services/device_restore_service.dart	1	t1-feat-sync
learning_tracker/lib/features/sync/domain/use_cases/.gitkeep	1	t1-feat-sync
learning_tracker/lib/features/sync/presentation/providers/.gitkeep	1	t1-feat-sync
learning_tracker/lib/features/sync/presentation/providers/restore_providers.dart	1	t1-feat-sync
learning_tracker/lib/features/sync/presentation/providers/sync_providers.dart	1	t1-feat-sync
learning_tracker/lib/features/sync/presentation/screens/.gitkeep	1	t1-feat-sync
learning_tracker/lib/features/sync/presentation/screens/device_restore_screen.dart	1	t1-feat-sync
learning_tracker/lib/features/sync/presentation/widgets/.gitkeep	1	t1-feat-sync
learning_tracker/lib/features/sync/presentation/widgets/sync_status_indicator.dart	1	t1-feat-sync
learning_tracker/lib/features/sync/sync.dart	1	t1-feat-sync
learning_tracker/lib/features/tracks/data/.gitkeep	1	t1-feat-tracks
learning_tracker/lib/features/tracks/domain/.gitkeep	1	t1-feat-tracks
learning_tracker/lib/features/tracks/domain/services/curriculum_activation_service.dart	1	t1-feat-tracks
learning_tracker/lib/features/tracks/domain/services/track_progress_service.dart	1	t1-feat-tracks
learning_tracker/lib/features/tracks/presentation/.gitkeep	1	t1-feat-tracks
learning_tracker/lib/features/tracks/setup/data/repositories/track_blueprint_draft_repository_impl.dart	1	t1-feat-tracks
learning_tracker/lib/features/tracks/setup/domain/aggregates/track_blueprint.dart	1	t1-feat-tracks
learning_tracker/lib/features/tracks/setup/domain/entities/add_track_result.dart	1	t1-feat-tracks
learning_tracker/lib/features/tracks/setup/domain/repositories/track_blueprint_draft_repository.dart	1	t1-feat-tracks
learning_tracker/lib/features/tracks/setup/domain/services/track_creation_service.dart	1	t1-feat-tracks
learning_tracker/lib/features/tracks/setup/domain/services/track_edit_service.dart	1	t1-feat-tracks
learning_tracker/lib/features/tracks/setup/domain/use_cases/provision_track_use_case.dart	1	t1-feat-tracks
learning_tracker/lib/features/tracks/setup/presentation/controllers/add_track_controller.dart	1	t1-feat-tracks
learning_tracker/lib/features/tracks/setup/presentation/controllers/add_track_flow_state.dart	1	t1-feat-tracks
learning_tracker/lib/features/tracks/setup/presentation/providers/add_track_providers.dart	1	t1-feat-tracks
learning_tracker/lib/features/tracks/setup/presentation/providers/after_track_change_invalidation.dart	1	t1-feat-tracks
learning_tracker/lib/features/tracks/setup/presentation/providers/track_edit_providers.dart	1	t1-feat-tracks
learning_tracker/lib/features/tracks/setup/presentation/providers/track_management_providers.dart	1	t1-feat-tracks
learning_tracker/lib/features/tracks/setup/presentation/screens/add_track_flow_screen.dart	1	t1-feat-tracks
learning_tracker/lib/features/tracks/setup/presentation/screens/edit_track_screen.dart	1	t1-feat-tracks
learning_tracker/lib/features/tracks/setup/presentation/screens/track_detail_screen.dart	1	t1-feat-tracks
learning_tracker/lib/features/tracks/setup/presentation/screens/track_management_hub_screen.dart	1	t1-feat-tracks
learning_tracker/lib/features/tracks/setup/presentation/steps/chazara_widgets.dart	1	t1-feat-tracks
learning_tracker/lib/features/tracks/setup/presentation/steps/goal_cards.dart	1	t1-feat-tracks
learning_tracker/lib/features/tracks/setup/presentation/steps/goal_helpers.dart	1	t1-feat-tracks
learning_tracker/lib/features/tracks/setup/presentation/steps/scope_tiles.dart	1	t1-feat-tracks
learning_tracker/lib/features/tracks/setup/presentation/steps/scope_views.dart	1	t1-feat-tracks
learning_tracker/lib/features/tracks/setup/presentation/steps/step_bulk_mark.dart	1	t1-feat-tracks
learning_tracker/lib/features/tracks/setup/presentation/steps/step_chazara.dart	1	t1-feat-tracks
learning_tracker/lib/features/tracks/setup/presentation/steps/step_chazara_readonly.dart	1	t1-feat-tracks
learning_tracker/lib/features/tracks/setup/presentation/steps/step_goal.dart	1	t1-feat-tracks
learning_tracker/lib/features/tracks/setup/presentation/steps/step_scope.dart	1	t1-feat-tracks
learning_tracker/lib/features/tracks/setup/presentation/steps/step_starting_position.dart	1	t1-feat-tracks
learning_tracker/lib/features/tracks/setup/presentation/steps/step_starting_position_calendar.dart	1	t1-feat-tracks
learning_tracker/lib/features/tracks/setup/presentation/steps/step_study_days.dart	1	t1-feat-tracks
learning_tracker/lib/features/tracks/setup/presentation/widgets/curriculum_picker_step.dart	1	t1-feat-tracks
learning_tracker/lib/features/tracks/setup/presentation/widgets/learning_track_card.dart	1	t1-feat-tracks
learning_tracker/lib/features/tracks/setup/presentation/widgets/program_selection_step.dart	1	t1-feat-tracks
learning_tracker/lib/features/tracks/setup/presentation/widgets/track_info_card.dart	1	t1-feat-tracks
learning_tracker/lib/features/tracks/setup/presentation/widgets/track_label_step.dart	1	t1-feat-tracks
learning_tracker/lib/features/tracks/setup/presentation/widgets/track_management_body.dart	1	t1-feat-tracks
learning_tracker/lib/features/tracks/stages/data/repositories/stage_definition_repository_impl.dart	1	t1-feat-tracks
learning_tracker/lib/features/tracks/stages/domain/exceptions/protected_stage_exception.dart	1	t1-feat-tracks
learning_tracker/lib/features/tracks/stages/domain/exceptions/stage_limit_exceeded_exception.dart	1	t1-feat-tracks
learning_tracker/lib/features/tracks/stages/domain/models/schedule_type.dart	1	t1-feat-tracks
learning_tracker/lib/features/tracks/stages/domain/models/stage_definition.dart	1	t1-feat-tracks
learning_tracker/lib/features/tracks/stages/domain/repositories/stage_definition_repository.dart	1	t1-feat-tracks
learning_tracker/lib/features/tracks/stages/domain/services/stage_validator.dart	1	t1-feat-tracks
learning_tracker/lib/features/tracks/stages/presentation/providers/stage_providers.dart	1	t1-feat-tracks
learning_tracker/lib/features/tracks/track_order/data/repositories/track_learning_order_repository_impl.dart	1	t1-feat-tracks
learning_tracker/lib/features/tracks/track_order/domain/aggregates/track_order.dart	1	t1-feat-tracks
learning_tracker/lib/features/tracks/track_order/domain/repositories/track_learning_order_repository.dart	1	t1-feat-tracks
learning_tracker/lib/features/tracks/track_order/domain/services/masechta_ordering_policy.dart	1	t1-feat-tracks
learning_tracker/lib/features/tracks/track_order/presentation/providers/track_learning_order_providers.dart	1	t1-feat-tracks
learning_tracker/lib/features/tracks/track_order/presentation/screens/track_learning_order_screen.dart	1	t1-feat-tracks
learning_tracker/lib/features/tracks/tracks.dart	1	t1-feat-tracks
learning_tracker/lib/features/tracks/whole_curriculum_order/data/preferences/learning_order_preferences.dart	1	t1-feat-tracks
learning_tracker/lib/features/tracks/whole_curriculum_order/data/repositories/learning_order_repository_impl.dart	1	t1-feat-tracks
learning_tracker/lib/features/tracks/whole_curriculum_order/domain/models/learning_order_item.dart	1	t1-feat-tracks
learning_tracker/lib/features/tracks/whole_curriculum_order/domain/repositories/learning_order_repository.dart	1	t1-feat-tracks
learning_tracker/lib/features/tracks/whole_curriculum_order/domain/use_cases/save_learning_order_use_case.dart	1	t1-feat-tracks
learning_tracker/lib/features/tracks/whole_curriculum_order/presentation/providers/learning_order_providers.dart	1	t1-feat-tracks
learning_tracker/lib/features/tracks/whole_curriculum_order/presentation/screens/learning_order_screen.dart	1	t1-feat-tracks
learning_tracker/lib/features/tracks/whole_curriculum_order/presentation/widgets/draggable_order_item.dart	1	t1-feat-tracks
learning_tracker/lib/features/tracks/whole_curriculum_order/presentation/widgets/reset_order_dialog.dart	1	t1-feat-tracks
learning_tracker/lib/features/tutoring/data/repositories/firestore_audit_log_read_repository.dart	1	t1-feat-tutoring
learning_tracker/lib/features/tutoring/data/repositories/firestore_tutor_grant_repository.dart	1	t1-feat-tutoring
learning_tracker/lib/features/tutoring/data/routers/tutored_write_router.dart	1	t1-feat-tutoring
learning_tracker/lib/features/tutoring/data/services/tutor_write_service.dart	1	t1-feat-tutoring
learning_tracker/lib/features/tutoring/domain/models/session_role.dart	1	t1-feat-tutoring
learning_tracker/lib/features/tutoring/domain/models/tutor_audit_log_entry.dart	1	t1-feat-tutoring
learning_tracker/lib/features/tutoring/domain/models/tutor_grant.dart	1	t1-feat-tutoring
learning_tracker/lib/features/tutoring/domain/models/tutor_grant_aggregate.dart	1	t1-feat-tutoring
learning_tracker/lib/features/tutoring/domain/models/tutor_permissions.dart	1	t1-feat-tutoring
learning_tracker/lib/features/tutoring/domain/services/tutor_audit_log_writer.dart	1	t1-feat-tutoring
learning_tracker/lib/features/tutoring/domain/services/tutor_notification_service.dart	1	t1-feat-tutoring
learning_tracker/lib/features/tutoring/domain/services/tutor_pin_service.dart	1	t1-feat-tutoring
learning_tracker/lib/features/tutoring/domain/use_cases/mark_live_completion_use_case.dart	1	t1-feat-tutoring
learning_tracker/lib/features/tutoring/domain/use_cases/tutor_grant_use_cases.dart	1	t1-feat-tutoring
learning_tracker/lib/features/tutoring/domain/use_cases/tutor_invite_use_cases.dart	1	t1-feat-tutoring
learning_tracker/lib/features/tutoring/presentation/providers/active_tutored_profile_provider.dart	1	t1-feat-tutoring
learning_tracker/lib/features/tutoring/presentation/providers/audit_log_providers.dart	1	t1-feat-tutoring
learning_tracker/lib/features/tutoring/presentation/providers/manage_tutors_providers.dart	1	t1-feat-tutoring
learning_tracker/lib/features/tutoring/presentation/providers/tutor_grant_providers.dart	1	t1-feat-tutoring
learning_tracker/lib/features/tutoring/presentation/providers/tutor_pin_providers.dart	1	t1-feat-tutoring
learning_tracker/lib/features/tutoring/presentation/screens/accept_invite_screen.dart	1	t1-feat-tutoring
learning_tracker/lib/features/tutoring/presentation/screens/decline_invite_screen.dart	1	t1-feat-tutoring
learning_tracker/lib/features/tutoring/presentation/screens/invite_tutor_screen.dart	1	t1-feat-tutoring
learning_tracker/lib/features/tutoring/presentation/screens/manage_grants_screen.dart	1	t1-feat-tutoring
learning_tracker/lib/features/tutoring/presentation/screens/manage_tutors_screen.dart	1	t1-feat-tutoring
learning_tracker/lib/features/tutoring/presentation/screens/tutor_audit_log_screen.dart	1	t1-feat-tutoring
learning_tracker/lib/features/tutoring/presentation/screens/tutor_pin_entry_dialog.dart	1	t1-feat-tutoring
learning_tracker/lib/features/tutoring/presentation/screens/tutor_pin_entry_gate.dart	1	t1-feat-tutoring
learning_tracker/lib/features/tutoring/presentation/screens/tutor_pin_reset_screen.dart	1	t1-feat-tutoring
learning_tracker/lib/features/tutoring/presentation/screens/tutor_pin_setup_screen.dart	1	t1-feat-tutoring
learning_tracker/lib/features/tutoring/tutoring.dart	1	t1-feat-tutoring
learning_tracker/lib/l10n/app_en.arb	1	t1-app-l10n
learning_tracker/lib/l10n/app_he.arb	1	t1-app-l10n
learning_tracker/lib/l10n/app_localizations.dart	3	regen-freshness
learning_tracker/lib/l10n/app_localizations_en.dart	3	regen-freshness
learning_tracker/lib/l10n/app_localizations_he.dart	3	regen-freshness
learning_tracker/lib/main.dart	1	t1-app-l10n
learning_tracker/pubspec.lock	X	lockfile/license
learning_tracker/pubspec.yaml	2	t2-build-ci-guardrails
learning_tracker/test/app/locale_wiring_test.dart	1	t1-app-l10n
learning_tracker/test/app/restore/device_restore_phase_l10n_test.dart	1	t1-app-l10n
learning_tracker/test/app/restore/device_restore_screen_l1_test.dart	1	t1-app-l10n
learning_tracker/test/app/restore/device_restore_screen_overflow_test.dart	1	t1-app-l10n
learning_tracker/test/app/restore/restore_no_double_read_test.dart	1	t1-app-l10n
learning_tracker/test/app/restore/sy2_device_restore_idle_blank_test.dart	1	t1-app-l10n
learning_tracker/test/app/router/app_shell_an6_test.dart	1	t1-app-l10n
learning_tracker/test/app/router/persistent_switcher_scaffold_an8_test.dart	1	t1-app-l10n
learning_tracker/test/core/analytics/analytics_service_test.dart	1	t1-core-analytics-logging
learning_tracker/test/core/analytics/parent_analytics_repository_test.dart	1	t1-core-analytics-logging
learning_tracker/test/core/analytics/streak_milestone_analytics_observer_test.dart	1	t1-core-analytics-logging
learning_tracker/test/core/auth/.gitkeep	1	t1-core-auth
learning_tracker/test/core/auth/firebase_auth_gateway_impl_test.dart	1	t1-core-auth
learning_tracker/test/core/constants/curriculum_defaults_extended_test.dart	1	t1-core-small-a
learning_tracker/test/core/constants/curriculum_defaults_test.dart	1	t1-core-small-a
learning_tracker/test/core/constants/curriculum_label_variant_test.dart	1	t1-core-small-a
learning_tracker/test/core/constants/curriculum_labels_extended_test.dart	1	t1-core-small-a
learning_tracker/test/core/constants/hebrew_terms_test.dart	1	t1-core-small-a
learning_tracker/test/core/content/coarse_unit_leaf_refs_test.dart	1	t1-core-content
learning_tracker/test/core/database/.gitkeep	1	t1-core-database-root
learning_tracker/test/core/database/app_database_test.dart.skip	1	t1-core-database-root
learning_tracker/test/core/database/content_database_companion_coverage_test.dart	1	t1-core-database-root
learning_tracker/test/core/database/content_database_comprehensive_test.dart	1	t1-core-database-root
learning_tracker/test/core/database/content_database_managers_create_update_test.dart	1	t1-core-database-root
learning_tracker/test/core/database/dao_merge_methods_test.dart.skip	1	t1-core-database-root
learning_tracker/test/core/database/daos/active_curriculum_dao_test.dart	1	t1-core-database-daos
learning_tracker/test/core/database/daos/bookmark_dao_extra_test.dart	1	t1-core-database-daos
learning_tracker/test/core/database/daos/bookmark_dao_test.dart	1	t1-core-database-daos
learning_tracker/test/core/database/daos/completion_dao_extended_test.dart	1	t1-core-database-daos
learning_tracker/test/core/database/daos/completion_dao_extra_test.dart	1	t1-core-database-daos
learning_tracker/test/core/database/daos/completion_dao_review_counts_test.dart	1	t1-core-database-daos
learning_tracker/test/core/database/daos/completion_dao_test.dart	1	t1-core-database-daos
learning_tracker/test/core/database/daos/completion_dao_tier_filter_test.dart	1	t1-core-database-daos
learning_tracker/test/core/database/daos/completion_event_dao_test.dart	1	t1-core-database-daos
learning_tracker/test/core/database/daos/curriculum_scope_dao_extra_test.dart	1	t1-core-database-daos
learning_tracker/test/core/database/daos/curriculum_scope_dao_test.dart	1	t1-core-database-daos
learning_tracker/test/core/database/daos/daily_plan_dao_test.dart	1	t1-core-database-daos
learning_tracker/test/core/database/daos/goal_dao_extended_test.dart	1	t1-core-database-daos
learning_tracker/test/core/database/daos/goal_dao_extra_test.dart	1	t1-core-database-daos
learning_tracker/test/core/database/daos/goal_dao_test.dart	1	t1-core-database-daos
learning_tracker/test/core/database/daos/learning_ledger_dao_extended_test.dart	1	t1-core-database-daos
learning_tracker/test/core/database/daos/learning_ledger_dao_extra_test.dart	1	t1-core-database-daos
learning_tracker/test/core/database/daos/learning_ledger_dao_test.dart	1	t1-core-database-daos
learning_tracker/test/core/database/daos/learning_order_dao_extended_test.dart	1	t1-core-database-daos
learning_tracker/test/core/database/daos/learning_order_dao_extra_test.dart	1	t1-core-database-daos
learning_tracker/test/core/database/daos/learning_order_dao_test.dart	1	t1-core-database-daos
learning_tracker/test/core/database/daos/outbox_dao_test.dart	1	t1-core-database-daos
learning_tracker/test/core/database/daos/point_config_dao_test.dart	1	t1-core-database-daos
learning_tracker/test/core/database/daos/points_balance_dao_test.dart	1	t1-core-database-daos
learning_tracker/test/core/database/daos/prior_completion_import_dao_test.dart	1	t1-core-database-daos
learning_tracker/test/core/database/daos/profile_dao_test.dart	1	t1-core-database-daos
learning_tracker/test/core/database/daos/profile_program_dao_test.dart	1	t1-core-database-daos
learning_tracker/test/core/database/daos/sacred_window_dao_test.dart	1	t1-core-database-daos
learning_tracker/test/core/database/daos/stage_dao_extended_test.dart	1	t1-core-database-daos
learning_tracker/test/core/database/daos/stage_dao_extra_test.dart	1	t1-core-database-daos
learning_tracker/test/core/database/daos/stage_dao_test.dart	1	t1-core-database-daos
learning_tracker/test/core/database/daos/streak_event_dao_test.dart	1	t1-core-database-daos
learning_tracker/test/core/database/daos/study_day_config_dao_test.dart	1	t1-core-database-daos
learning_tracker/test/core/database/daos/sync_kv_dao_test.dart	1	t1-core-database-daos
learning_tracker/test/core/database/daos/text_download_status_dao_extended_test.dart	1	t1-core-database-daos
learning_tracker/test/core/database/daos/text_download_status_dao_extra_test.dart	1	t1-core-database-daos
learning_tracker/test/core/database/daos/text_download_status_dao_test.dart	1	t1-core-database-daos
learning_tracker/test/core/database/daos/track_dao_deactivate_test.dart	1	t1-core-database-daos
learning_tracker/test/core/database/daos/track_dao_delete_test.dart	1	t1-core-database-daos
learning_tracker/test/core/database/daos/track_dao_extended_test.dart	1	t1-core-database-daos
learning_tracker/test/core/database/daos/track_dao_extra_test.dart	1	t1-core-database-daos
learning_tracker/test/core/database/daos/track_dao_last_curriculum_guard_test.dart	1	t1-core-database-daos
learning_tracker/test/core/database/daos/track_dao_test.dart	1	t1-core-database-daos
learning_tracker/test/core/database/daos/track_learning_order_dao_test.dart	1	t1-core-database-daos
learning_tracker/test/core/database/daos/track_scoped_dao_test.dart	1	t1-core-database-daos
learning_tracker/test/core/database/daos/user_profile_dao_extra_test.dart	1	t1-core-database-daos
learning_tracker/test/core/database/daos/user_profile_dao_test.dart	1	t1-core-database-daos
learning_tracker/test/core/database/hebrew_migration_test.dart	1	t1-core-database-root
learning_tracker/test/core/database/migration_test.dart	1	t1-core-database-root
learning_tracker/test/core/database/registry/device_registry_managers_test.dart	1	t1-core-database-root
learning_tracker/test/core/database/registry/device_registry_test.dart	1	t1-core-database-root
learning_tracker/test/core/database/schema_v1_smoke_test.dart	1	t1-core-database-root
learning_tracker/test/core/database/seed_manager_test.dart	1	t1-core-database-root
learning_tracker/test/core/database/text_cache_dao_test.dart	1	t1-core-database-root
learning_tracker/test/core/database/track_scope_test.dart	1	t1-core-database-root
learning_tracker/test/core/database/user_database_companion_coverage_test.dart	1	t1-core-database-root
learning_tracker/test/core/database/user_database_dataclass_core_test.dart	1	t1-core-database-root
learning_tracker/test/core/database/user_database_dataclass_extended_test.dart	1	t1-core-database-root
learning_tracker/test/core/database/user_database_dataclass_test.dart	1	t1-core-database-root
learning_tracker/test/core/database/user_database_managers_computed_fields2_test.dart	1	t1-core-database-root
learning_tracker/test/core/database/user_database_managers_computed_fields_test.dart	1	t1-core-database-root
learning_tracker/test/core/database/user_database_managers_create_update_test.dart	1	t1-core-database-root
learning_tracker/test/core/database/user_database_managers_crossref_filter_test.dart	1	t1-core-database-root
learning_tracker/test/core/database/user_database_managers_orderby_test.dart	1	t1-core-database-root
learning_tracker/test/core/database/user_database_managers_refs_test.dart	1	t1-core-database-root
learning_tracker/test/core/database/user_database_managers_test.dart	1	t1-core-database-root
learning_tracker/test/core/domain/value_objects/calendar_system_test.dart	1	t1-core-domain-learning
learning_tracker/test/core/domain/value_objects/pin_test.dart	1	t1-core-domain-learning
learning_tracker/test/core/domain/value_objects/profile_mode_account_tier_test.dart	1	t1-core-domain-learning
learning_tracker/test/core/domain/value_objects/program_starting_position_test.dart	1	t1-core-domain-learning
learning_tracker/test/core/domain/value_objects/scope_test.dart	1	t1-core-domain-learning
learning_tracker/test/core/domain/value_objects/sefaria_ref_test.dart	1	t1-core-domain-learning
learning_tracker/test/core/domain/value_objects/stage_order_test.dart	1	t1-core-domain-learning
learning_tracker/test/core/domain/value_objects/study_day_pattern_test.dart	1	t1-core-domain-learning
learning_tracker/test/core/exceptions/duplicate_completion_exception_test.dart	1	t1-core-small-a
learning_tracker/test/core/l10n/app_localizations_test.dart	1	t1-core-l10n
learning_tracker/test/core/labels/curriculum_label_renderer_rtl_test.dart	1	t1-core-labels
learning_tracker/test/core/labels/curriculum_label_renderer_test.dart	1	t1-core-labels
learning_tracker/test/core/labels/curriculum_label_test.dart	1	t1-core-labels
learning_tracker/test/core/labels/domain_term_labels_il2_test.dart	1	t1-core-labels
learning_tracker/test/core/labels/domain_term_labels_il5_test.dart	1	t1-core-labels
learning_tracker/test/core/labels/domain_term_labels_pp5_test.dart	1	t1-core-labels
learning_tracker/test/core/labels/domain_term_labels_vocab_test.dart	1	t1-core-labels
learning_tracker/test/core/labels/hebrew_terms_follow_locale_test.dart	1	t1-core-labels
learning_tracker/test/core/logging/crashlytics_service_test.dart	1	t1-core-analytics-logging
learning_tracker/test/core/logging/logger_extended_test.dart	1	t1-core-analytics-logging
learning_tracker/test/core/logging/logger_extra_test.dart	1	t1-core-analytics-logging
learning_tracker/test/core/logging/logger_test.dart	1	t1-core-analytics-logging
learning_tracker/test/core/logging/riverpod_observer_test.dart	1	t1-core-analytics-logging
learning_tracker/test/core/navigation/app_shell_test.dart	1	t1-core-nav-utils
learning_tracker/test/core/navigation/auth_guard_test.dart	1	t1-core-nav-utils
learning_tracker/test/core/navigation/child_mode_guard_test.dart	1	t1-core-nav-utils
learning_tracker/test/core/navigation/pin_guard_test.dart	1	t1-core-nav-utils
learning_tracker/test/core/navigation/profile_guard_test.dart	1	t1-core-nav-utils
learning_tracker/test/core/navigation/restore_guard_reset_test.dart	1	t1-core-nav-utils
learning_tracker/test/core/navigation/restore_guard_test.dart	1	t1-core-nav-utils
learning_tracker/test/core/network/connectivity_service_test.dart	1	t1-core-network
learning_tracker/test/core/network/dio_client_test.dart	1	t1-core-network
learning_tracker/test/core/network/sefaria/fetcher_test.dart	1	t1-core-network
learning_tracker/test/core/preferences/hebrew_terms_sentinel_test.dart	1	t1-core-providers-prefs
learning_tracker/test/core/preferences/text_display_preferences_test.dart	1	t1-core-providers-prefs
learning_tracker/test/core/providers/generated_providers_coverage_test.dart	1	t1-core-providers-prefs
learning_tracker/test/core/services/calendar_program_registry_test.dart	1	t1-core-services
learning_tracker/test/core/services/calendar_program_service_ref_extraction_test.dart	1	t1-core-services
learning_tracker/test/core/services/cross_curriculum_aggregator_test.dart	1	t1-core-services
learning_tracker/test/core/services/learning_program_repository_test.dart	1	t1-core-services
learning_tracker/test/core/services/learning_program_service_test.dart	1	t1-core-services
learning_tracker/test/core/streak/streak_event_test.dart	1	t1-core-streak
learning_tracker/test/core/streak/streak_state_provider_test.dart	1	t1-core-streak
learning_tracker/test/core/sync/codecs_and_mergers_test.dart	1	t1-core-sync-root
learning_tracker/test/core/sync/firestore_gateway_impl_test.dart	1	t1-core-sync-root
learning_tracker/test/core/sync/firestore_listener_source_test.dart	1	t1-core-sync-root
learning_tracker/test/core/sync/merge/drift_merge_store_test.dart	1	t1-core-sync-merge
learning_tracker/test/core/sync/merge/learning_ledger_merger_test.dart	1	t1-core-sync-merge
learning_tracker/test/core/sync/merge/mergers_test.dart	1	t1-core-sync-merge
learning_tracker/test/core/sync/merge/notification_settings_merger_round_trip_test.dart	1	t1-core-sync-merge
learning_tracker/test/core/sync/merge/points_sync_merger_test.dart	1	t1-core-sync-merge
learning_tracker/test/core/sync/merge/streak_event_merger_test.dart	1	t1-core-sync-merge
learning_tracker/test/core/sync/outbox/outbox_processor_test.dart	1	t1-core-sync-outbox
learning_tracker/test/core/sync/push_pipeline_impl_test.dart	1	t1-core-sync-root
learning_tracker/test/core/sync/sync_orchestrator_test.dart	1	t1-core-sync-root
learning_tracker/test/core/theme/brand_coral_theme_test.dart	1	t1-core-theme-widgets
learning_tracker/test/core/theme/brand_wcag_il8_test.dart	1	t1-core-theme-widgets
learning_tracker/test/core/theme/text_styles_test.dart	1	t1-core-theme-widgets
learning_tracker/test/core/utils/.gitkeep	1	t1-core-nav-utils
learning_tracker/test/core/utils/date_utils_test.dart	1	t1-core-nav-utils
learning_tracker/test/core/utils/gematriya_test.dart	1	t1-core-nav-utils
learning_tracker/test/core/utils/gematriya_ts6_test.dart	1	t1-core-nav-utils
learning_tracker/test/core/utils/hebrew_calendar_utils_test.dart	1	t1-core-nav-utils
learning_tracker/test/core/utils/hebrew_utils_test.dart	1	t1-core-nav-utils
learning_tracker/test/core/utils/natural_sort_test.dart	1	t1-core-nav-utils
learning_tracker/test/core/utils/pace_derivation_test.dart	1	t1-core-nav-utils
learning_tracker/test/core/widgets/app_bar_title_test.dart	1	t1-core-theme-widgets
learning_tracker/test/core/widgets/app_dialog_test.dart	1	t1-core-theme-widgets
learning_tracker/test/core/widgets/app_error_view_test.dart	1	t1-core-theme-widgets
learning_tracker/test/core/widgets/curriculum_indicator_test.dart	1	t1-core-theme-widgets
learning_tracker/test/core/widgets/empty_state_test.dart	1	t1-core-theme-widgets
learning_tracker/test/core/widgets/error_display_test.dart	1	t1-core-theme-widgets
learning_tracker/test/core/widgets/loading_indicator_test.dart	1	t1-core-theme-widgets
learning_tracker/test/core/widgets/pin_entry_widget_test.dart	1	t1-core-theme-widgets
learning_tracker/test/core/widgets/track_progress_bar_test.dart	1	t1-core-theme-widgets
learning_tracker/test/e2e/harness/e2e_harness.dart	1	t1-test-cross
learning_tracker/test/e2e/journeys/auth_p0_test.dart	1	t1-test-cross
learning_tracker/test/e2e/journeys/auth_p1_test.dart	1	t1-test-cross
learning_tracker/test/e2e/journeys/auth_sync_infra_p2_test.dart	1	t1-test-cross
learning_tracker/test/e2e/journeys/dashboard_p0_test.dart	1	t1-test-cross
learning_tracker/test/e2e/journeys/dashboard_p1_test.dart	1	t1-test-cross
learning_tracker/test/e2e/journeys/gamification_p0_test.dart	1	t1-test-cross
learning_tracker/test/e2e/journeys/gamification_p1_test.dart	1	t1-test-cross
learning_tracker/test/e2e/journeys/guards_p1_test.dart	1	t1-test-cross
learning_tracker/test/e2e/journeys/guards_sync_p0_test.dart	1	t1-test-cross
learning_tracker/test/e2e/journeys/hebrew_rtl_p1_test.dart	1	t1-test-cross
learning_tracker/test/e2e/journeys/infra_p0_test.dart	1	t1-test-cross
learning_tracker/test/e2e/journeys/infra_p1_test.dart	1	t1-test-cross
learning_tracker/test/e2e/journeys/learning_p0_test.dart	1	t1-test-cross
learning_tracker/test/e2e/journeys/learning_p1_test.dart	1	t1-test-cross
learning_tracker/test/e2e/journeys/learning_sched_gam_p2_test.dart	1	t1-test-cross
learning_tracker/test/e2e/journeys/onboarding_p0_test.dart	1	t1-test-cross
learning_tracker/test/e2e/journeys/onboarding_p1_test.dart	1	t1-test-cross
learning_tracker/test/e2e/journeys/onboarding_tracks_p2_test.dart	1	t1-test-cross
learning_tracker/test/e2e/journeys/overflow_sweep_p2_test.dart	1	t1-test-cross
learning_tracker/test/e2e/journeys/profiles_p0_test.dart	1	t1-test-cross
learning_tracker/test/e2e/journeys/profiles_p1_test.dart	1	t1-test-cross
learning_tracker/test/e2e/journeys/profiles_tutoring_p2_test.dart	1	t1-test-cross
learning_tracker/test/e2e/journeys/progress_p0_test.dart	1	t1-test-cross
learning_tracker/test/e2e/journeys/progress_p1_test.dart	1	t1-test-cross
learning_tracker/test/e2e/journeys/reference_onboarding_to_dashboard_journey_test.dart	1	t1-test-cross
learning_tracker/test/e2e/journeys/scheduler_p0_test.dart	1	t1-test-cross
learning_tracker/test/e2e/journeys/scheduler_p1_test.dart	1	t1-test-cross
learning_tracker/test/e2e/journeys/settings_p0_test.dart	1	t1-test-cross
learning_tracker/test/e2e/journeys/settings_p1_test.dart	1	t1-test-cross
learning_tracker/test/e2e/journeys/sync_p1_test.dart	1	t1-test-cross
learning_tracker/test/e2e/journeys/tracks_p0_test.dart	1	t1-test-cross
learning_tracker/test/e2e/journeys/tracks_p1_test.dart	1	t1-test-cross
learning_tracker/test/e2e/journeys/tutoring_p0_test.dart	1	t1-test-cross
learning_tracker/test/e2e/journeys/tutoring_p1_test.dart	1	t1-test-cross
learning_tracker/test/features/account/data/services/magic_link_service_test.dart	1	t1-feat-account
learning_tracker/test/features/account/domain/services/account_lifecycle_db_delete_test.dart	1	t1-feat-account
learning_tracker/test/features/account/domain/services/pending_local_signup_file_cleanup_test.dart	1	t1-feat-account
learning_tracker/test/features/account/domain/services/upgrade_to_cloud_service_test.dart	1	t1-feat-account
learning_tracker/test/features/account/onboarding/presentation/screens/onboarding_intent_screen_l10n_test.dart	1	t1-feat-account
learning_tracker/test/features/account/onboarding/presentation/screens/signup_screen_l1_test.dart	1	t1-feat-account
learning_tracker/test/features/account/onboarding/signup_screen_an10_test.dart	1	t1-feat-account
learning_tracker/test/features/account/pending_signup_and_mode_card_test.dart	1	t1-feat-account
learning_tracker/test/features/account/presentation/account_picker_switch_test.dart	1	t1-feat-account
learning_tracker/test/features/account/presentation/notifiers/sign_in_controller_routing_test.dart	1	t1-feat-account
learning_tracker/test/features/account/presentation/notifiers/sign_in_controller_test.dart	1	t1-feat-account
learning_tracker/test/features/account/presentation/notifiers/sign_in_google_signout_throws_test.dart	1	t1-feat-account
learning_tracker/test/features/account/presentation/notifiers/sign_in_local_signout_throws_test.dart	1	t1-feat-account
learning_tracker/test/features/account/presentation/notifiers/sign_in_verify_signout_throws_test.dart	1	t1-feat-account
learning_tracker/test/features/account/presentation/notifiers/sign_in_wrong_password_no_callback_test.dart	1	t1-feat-account
learning_tracker/test/features/account/presentation/providers/connectivity_providers_test.dart	1	t1-feat-account
learning_tracker/test/features/account/presentation/screens/account_picker_an4_test.dart	1	t1-feat-account
learning_tracker/test/features/account/presentation/screens/account_picker_local_data_missing_test.dart	1	t1-feat-account
learning_tracker/test/features/account/presentation/screens/account_picker_screen_l1_test.dart	1	t1-feat-account
learning_tracker/test/features/account/presentation/widgets/email_verification_confirm_panel_overflow_test.dart	1	t1-feat-account
learning_tracker/test/features/account/presentation/widgets/email_verification_confirm_panel_test.dart	1	t1-feat-account
learning_tracker/test/features/account/presentation/widgets/offline_top_banner_l1_test.dart	1	t1-feat-account
learning_tracker/test/features/account/presentation/widgets/sign_in_form_an9_an11_an12_test.dart	1	t1-feat-account
learning_tracker/test/features/account/sign_in_context_reset_test.dart	1	t1-feat-account
learning_tracker/test/features/auth/.gitkeep	1	t1-feat-auth
learning_tracker/test/features/auth/auth_integration_test.dart	1	t1-feat-auth
learning_tracker/test/features/auth/data/repositories/auth_repository_impl_test.dart	1	t1-feat-auth
learning_tracker/test/features/auth/domain/models/auth_state_test.dart	1	t1-feat-auth
learning_tracker/test/features/auth/domain/services/auth_exceptions_test.dart	1	t1-feat-auth
learning_tracker/test/features/auth/domain/services/local_auth_service_test.dart	1	t1-feat-auth
learning_tracker/test/features/auth/domain/services/pending_local_registration_test.dart	1	t1-feat-auth
learning_tracker/test/features/auth/domain/services/pending_local_signup_test.dart	1	t1-feat-auth
learning_tracker/test/features/auth/presentation/screens/sign_in_screen_test.dart	1	t1-feat-auth
learning_tracker/test/features/content_browsing/.gitkeep	1	t1-feat-content_browsing
learning_tracker/test/features/content_browsing/content_tile_search_providers_test.dart	1	t1-feat-content_browsing
learning_tracker/test/features/content_browsing/data/repositories/content_repository_impl_logic_test.dart	1	t1-feat-content_browsing
learning_tracker/test/features/content_browsing/data/repositories/content_repository_impl_test.dart	1	t1-feat-content_browsing
learning_tracker/test/features/content_browsing/data/repositories/content_repository_test.dart	1	t1-feat-content_browsing
learning_tracker/test/features/content_browsing/data/repositories/scoped_content_test.dart	1	t1-feat-content_browsing
learning_tracker/test/features/content_browsing/data/repositories/text_cache_repository_extended_test.dart	1	t1-feat-content_browsing
learning_tracker/test/features/content_browsing/data/repositories/text_cache_repository_extra_test.dart	1	t1-feat-content_browsing
learning_tracker/test/features/content_browsing/data/repositories/text_cache_repository_test.dart	1	t1-feat-content_browsing
learning_tracker/test/features/content_browsing/data/services/cloud_content_service_test.dart	1	t1-feat-content_browsing
learning_tracker/test/features/content_browsing/data/services/text_download_service_test.dart	1	t1-feat-content_browsing
learning_tracker/test/features/content_browsing/domain/strategies/composite_curriculum_strategy_test.dart	1	t1-feat-content_browsing
learning_tracker/test/features/content_browsing/integration/hierarchy_navigation_test.dart	1	t1-feat-content_browsing
learning_tracker/test/features/content_browsing/integration/text_display_integration_test.dart	1	t1-feat-content_browsing
learning_tracker/test/features/content_browsing/presentation/screens/content_hierarchy_screen_i18n_test.dart	1	t1-feat-content_browsing
learning_tracker/test/features/content_browsing/presentation/screens/content_hierarchy_screen_test.dart	1	t1-feat-content_browsing
learning_tracker/test/features/content_browsing/presentation/screens/content_search_screen_test.dart	1	t1-feat-content_browsing
learning_tracker/test/features/content_browsing/presentation/screens/curriculum_list_screen_test.dart	1	t1-feat-content_browsing
learning_tracker/test/features/content_browsing/presentation/screens/pp18_content_search_clear_button_test.dart	1	t1-feat-content_browsing
learning_tracker/test/features/content_browsing/presentation/screens/r2_content_hierarchy_nav_test.dart	1	t1-feat-content_browsing
learning_tracker/test/features/content_browsing/presentation/screens/text_display_screen_deep_l1_test.dart	1	t1-feat-content_browsing
learning_tracker/test/features/content_browsing/presentation/screens/text_display_screen_l1_test.dart	1	t1-feat-content_browsing
learning_tracker/test/features/content_browsing/presentation/screens/text_display_screen_test.dart	1	t1-feat-content_browsing
learning_tracker/test/features/content_browsing/presentation/widgets/breadcrumb_navigation_test.dart	1	t1-feat-content_browsing
learning_tracker/test/features/content_browsing/presentation/widgets/content_item_tile_overflow_test.dart	1	t1-feat-content_browsing
learning_tracker/test/features/content_browsing/presentation/widgets/content_item_tile_test.dart	1	t1-feat-content_browsing
learning_tracker/test/features/content_browsing/presentation/widgets/il7_il9_breadcrumb_selection_test.dart	1	t1-feat-content_browsing
learning_tracker/test/features/content_browsing/presentation/widgets/r2_breadcrumb_current_crumb_test.dart	1	t1-feat-content_browsing
learning_tracker/test/features/content_browsing/presentation/widgets/r2_panel_leaf_crumb_ellipsis_test.dart	1	t1-feat-content_browsing
learning_tracker/test/features/dashboard/.gitkeep	1	t1-feat-dashboard
learning_tracker/test/features/dashboard/domain/services/dashboard_track_completion_migration_test.dart	1	t1-feat-dashboard
learning_tracker/test/features/dashboard/domain/services/next_reward_selector_test.dart	1	t1-feat-dashboard
learning_tracker/test/features/dashboard/domain/services/track_completion_service_test.dart	1	t1-feat-dashboard
learning_tracker/test/features/dashboard/domain/use_cases/compute_pace_status_use_case_test.dart	1	t1-feat-dashboard
learning_tracker/test/features/dashboard/presentation/providers/dashboard_child_next_reward_test.dart	1	t1-feat-dashboard
learning_tracker/test/features/dashboard/presentation/providers/dashboard_completion_percentage_test.dart	1	t1-feat-dashboard
learning_tracker/test/features/dashboard/presentation/providers/dashboard_pace_status_test.dart	1	t1-feat-dashboard
learning_tracker/test/features/dashboard/presentation/providers/dashboard_providers_test.dart	1	t1-feat-dashboard
learning_tracker/test/features/dashboard/presentation/providers/dashboard_user_mode_test.dart	1	t1-feat-dashboard
learning_tracker/test/features/dashboard/presentation/screens/dashboard_screen_test.dart	1	t1-feat-dashboard
learning_tracker/test/features/dashboard/presentation/widgets/active_track_card_layout_test.dart	1	t1-feat-dashboard
learning_tracker/test/features/dashboard/presentation/widgets/active_track_unit_label_test.dart	1	t1-feat-dashboard
learning_tracker/test/features/dashboard/presentation/widgets/active_tracks_carousel_rtl_test.dart	1	t1-feat-dashboard
learning_tracker/test/features/dashboard/presentation/widgets/dashboard_body_stats_resolve_test.dart	1	t1-feat-dashboard
learning_tracker/test/features/dashboard/presentation/widgets/dashboard_body_streak_nav_test.dart	1	t1-feat-dashboard
learning_tracker/test/features/dashboard/presentation/widgets/dashboard_empty_states_overflow_test.dart	1	t1-feat-dashboard
learning_tracker/test/features/dashboard/presentation/widgets/dashboard_level_points_card_gating_test.dart	1	t1-feat-dashboard
learning_tracker/test/features/dashboard/presentation/widgets/dashboard_level_points_card_skeleton_pp15_test.dart	1	t1-feat-dashboard
learning_tracker/test/features/dashboard/presentation/widgets/dashboard_tier_row_test.dart	1	t1-feat-dashboard
learning_tracker/test/features/dashboard/presentation/widgets/dashboard_todays_missions_heading_test.dart	1	t1-feat-dashboard
learning_tracker/test/features/gamification/.gitkeep	1	t1-feat-gamification
learning_tracker/test/features/gamification/domain/models/reward_milestone_test.dart	1	t1-feat-gamification
learning_tracker/test/features/gamification/domain/reward_milestone_icons_test.dart	1	t1-feat-gamification
learning_tracker/test/features/gamification/domain/services/points_service_test.dart	1	t1-feat-gamification
learning_tracker/test/features/gamification/domain/services/reward_milestone_service_extended_test.dart	1	t1-feat-gamification
learning_tracker/test/features/gamification/domain/services/reward_milestone_service_test.dart	1	t1-feat-gamification
learning_tracker/test/features/gamification/domain/services/streak_service_extended_test.dart	1	t1-feat-gamification
learning_tracker/test/features/gamification/domain/services/streak_service_recovery_test.dart	1	t1-feat-gamification
learning_tracker/test/features/gamification/domain/services/streak_service_test.dart	1	t1-feat-gamification
learning_tracker/test/features/gamification/ga2_input_bounds_test.dart	1	t1-feat-gamification
learning_tracker/test/features/gamification/ga3_duplicate_threshold_test.dart	1	t1-feat-gamification
learning_tracker/test/features/gamification/ga4_reentrance_guard_test.dart	1	t1-feat-gamification
learning_tracker/test/features/gamification/ga7_reward_edit_mode_test.dart	1	t1-feat-gamification
learning_tracker/test/features/gamification/ga8_capitalization_test.dart	1	t1-feat-gamification
learning_tracker/test/features/gamification/presentation/providers/achievements_overview_provider_test.dart	1	t1-feat-gamification
learning_tracker/test/features/gamification/presentation/providers/achievements_overview_staleness_after_redemption_test.dart	1	t1-feat-gamification
learning_tracker/test/features/gamification/presentation/providers/curriculum_breakdown_staleness_test.dart	1	t1-feat-gamification
learning_tracker/test/features/gamification/presentation/providers/points_providers_reactive_test.dart	1	t1-feat-gamification
learning_tracker/test/features/gamification/presentation/providers/reward_config_controller_test.dart	1	t1-feat-gamification
learning_tracker/test/features/gamification/presentation/screens/child_redemption_balance_reactive_test.dart	1	t1-feat-gamification
learning_tracker/test/features/gamification/presentation/screens/child_redemption_rewards_staleness_test.dart	1	t1-feat-gamification
learning_tracker/test/features/gamification/presentation/screens/child_redemption_screen_l1_test.dart	1	t1-feat-gamification
learning_tracker/test/features/gamification/presentation/screens/gamification_screen_l1_test.dart	1	t1-feat-gamification
learning_tracker/test/features/gamification/presentation/screens/parent_pending_redemptions_screen_l1_test.dart	1	t1-feat-gamification
learning_tracker/test/features/gamification/presentation/screens/pending_redemptions_reactive_test.dart	1	t1-feat-gamification
learning_tracker/test/features/gamification/presentation/screens/reward_configuration_screen_l1_test.dart	1	t1-feat-gamification
learning_tracker/test/features/gamification/presentation/widgets/achievement_cards_unlock_test.dart	1	t1-feat-gamification
learning_tracker/test/features/gamification/presentation/widgets/achievement_unlock_celebration_overflow_test.dart	1	t1-feat-gamification
learning_tracker/test/features/gamification/presentation/widgets/achievement_unlock_celebration_test.dart	1	t1-feat-gamification
learning_tracker/test/features/gamification/presentation/widgets/points_display_widget_test.dart	1	t1-feat-gamification
learning_tracker/test/features/gamification/presentation/widgets/streak_widget_test.dart	1	t1-feat-gamification
learning_tracker/test/features/gamification/r_ga2_global_milestone_stays_unlocked_after_redemption_test.dart	1	t1-feat-gamification
learning_tracker/test/features/labels/domain_term_rendering_modes_test.dart	1	t1-feat-labels
learning_tracker/test/features/learning/.gitkeep	1	t1-feat-learning
learning_tracker/test/features/learning/data/completion_writer_test.dart	1	t1-feat-learning
learning_tracker/test/features/learning/data/repositories/bookmark_repository_impl_test.dart	1	t1-feat-learning
learning_tracker/test/features/learning/data/repositories/completion_repository_curriculum_dedup_test.dart	1	t1-feat-learning
learning_tracker/test/features/learning/data/repositories/completion_repository_impl_test.dart	1	t1-feat-learning
learning_tracker/test/features/learning/data/repositories/completion_repository_streak_tee_test.dart	1	t1-feat-learning
learning_tracker/test/features/learning/data/repositories/h4_lifetime_only_detection_test.dart	1	t1-feat-learning
learning_tracker/test/features/learning/data/repositories/learning_ledger_repository_impl_test.dart	1	t1-feat-learning
learning_tracker/test/features/learning/data/repositories/track_repository_test.dart	1	t1-feat-learning
learning_tracker/test/features/learning/domain/entities/batch_plan_test.dart	1	t1-feat-learning
learning_tracker/test/features/learning/domain/entities/bookmark_entity_test.dart	1	t1-feat-learning
learning_tracker/test/features/learning/domain/services/completion_detection_service_test.dart	1	t1-feat-learning
learning_tracker/test/features/learning/domain/use_cases/bulk_mark_completion_use_case_test.dart	1	t1-feat-learning
learning_tracker/test/features/learning/domain/use_cases/mark_completion_use_case_b1_test.dart	1	t1-feat-learning
learning_tracker/test/features/learning/domain/use_cases/mark_completion_use_case_siyum_routing_test.dart	1	t1-feat-learning
learning_tracker/test/features/learning/learning_task_card_overflow_test.dart	1	t1-feat-learning
learning_tracker/test/features/learning/presentation/screens/learning_screen_l1_test.dart	1	t1-feat-learning
learning_tracker/test/features/learning/presentation/screens/learning_screen_test.dart	1	t1-feat-learning
learning_tracker/test/features/learning/presentation/widgets/completion_button_optimistic_test.dart	1	t1-feat-learning
learning_tracker/test/features/learning_order/data/repositories/learning_order_repository_impl_test.dart	1	t1-feat-learning_order
learning_tracker/test/features/learning_order/presentation/screens/learning_order_screen_reset_test.dart	1	t1-feat-learning_order
learning_tracker/test/features/learning_order/presentation/screens/learning_order_screen_test.dart	1	t1-feat-learning_order
learning_tracker/test/features/notifications/.gitkeep	1	t1-feat-notifications
learning_tracker/test/features/notifications/domain/services/notification_gateway_test.dart	1	t1-feat-notifications
learning_tracker/test/features/notifications/domain/services/notification_scheduler_test.dart	1	t1-feat-notifications
learning_tracker/test/features/notifications/domain/services/notification_service_test.dart	1	t1-feat-notifications
learning_tracker/test/features/notifications/domain/services/streak_alert_service_test.dart	1	t1-feat-notifications
learning_tracker/test/features/notifications/presentation/providers/notification_providers_deep_test.dart	1	t1-feat-notifications
learning_tracker/test/features/notifications/presentation/providers/notification_providers_test.dart	1	t1-feat-notifications
learning_tracker/test/features/notifications/presentation/providers/reminder_enabled_cold_start_test.dart	1	t1-feat-notifications
learning_tracker/test/features/notifications/presentation/providers/reminder_sync_sacred_time_test.dart	1	t1-feat-notifications
learning_tracker/test/features/notifications/presentation/providers/reminder_time_cold_start_test.dart	1	t1-feat-notifications
learning_tracker/test/features/notifications/presentation/screens/hot_streak_badge_visibility_test.dart	1	t1-feat-notifications
learning_tracker/test/features/notifications/presentation/screens/notification_switch_a11y_test.dart	1	t1-feat-notifications
learning_tracker/test/features/notifications/presentation/screens/notifications_screen_l1_test.dart	1	t1-feat-notifications
learning_tracker/test/features/notifications/presentation/screens/notifications_screen_test.dart	1	t1-feat-notifications
learning_tracker/test/features/notifications/ws5_key_prefs_test.dart	1	t1-feat-notifications
learning_tracker/test/features/notifications/ws5_per_profile_test.dart	1	t1-feat-notifications
learning_tracker/test/features/notifications/ws5_two_layers_test.dart	1	t1-feat-notifications
learning_tracker/test/features/onboarding/.gitkeep	1	t1-feat-onboarding
learning_tracker/test/features/onboarding/domain/services/bulk_prior_completion_service_test.dart	1	t1-feat-onboarding
learning_tracker/test/features/onboarding/domain/services/bulk_prior_completion_siyum_detection_test.dart	1	t1-feat-onboarding
learning_tracker/test/features/onboarding/domain/services/curriculum_import_service_test.dart	1	t1-feat-onboarding
learning_tracker/test/features/onboarding/domain/services/hierarchy_selection_test.dart	1	t1-feat-onboarding
learning_tracker/test/features/onboarding/domain/services/learning_process_wizard_service_test.dart	1	t1-feat-onboarding
learning_tracker/test/features/onboarding/domain/services/user_profile_service_test.dart	1	t1-feat-onboarding
learning_tracker/test/features/onboarding/domain/validators/auth_validators_test.dart	1	t1-feat-onboarding
learning_tracker/test/features/onboarding/presentation/screens/account_creation_validation_test.dart	1	t1-feat-onboarding
learning_tracker/test/features/onboarding/presentation/screens/app_intro_rewards_cta_overlap_test.dart	1	t1-feat-onboarding
learning_tracker/test/features/onboarding/presentation/screens/app_intro_screen_l1_test.dart	1	t1-feat-onboarding
learning_tracker/test/features/onboarding/presentation/screens/bulk_mark_screen_test.dart	1	t1-feat-onboarding
learning_tracker/test/features/onboarding/presentation/screens/empty_login_ws2_test.dart	1	t1-feat-onboarding
learning_tracker/test/features/onboarding/presentation/screens/onboarding_bulk_l1_test.dart	1	t1-feat-onboarding
learning_tracker/test/features/onboarding/presentation/screens/onboarding_screen_l1_test.dart	1	t1-feat-onboarding
learning_tracker/test/features/onboarding/presentation/screens/onboarding_screen_test.dart	1	t1-feat-onboarding
learning_tracker/test/features/onboarding/presentation/screens/permission_prompt_screen_l1_test.dart	1	t1-feat-onboarding
learning_tracker/test/features/onboarding/presentation/screens/signup_screen_test.dart	1	t1-feat-onboarding
learning_tracker/test/features/onboarding/presentation/steps/onboarding_steps_overflow_test.dart	1	t1-feat-onboarding
learning_tracker/test/features/onboarding/presentation/steps/wizard_steps_l1_test.dart	1	t1-feat-onboarding
learning_tracker/test/features/parent_mode/.gitkeep	1	t1-feat-parent_mode
learning_tracker/test/features/parent_mode/child_mode_guard_test.dart	1	t1-feat-parent_mode
learning_tracker/test/features/parent_mode/domain/services/parent_dashboard_aggregator_compute_test.dart	1	t1-feat-parent_mode
learning_tracker/test/features/parent_mode/domain/services/parent_dashboard_aggregator_extended_test.dart	1	t1-feat-parent_mode
learning_tracker/test/features/parent_mode/domain/services/parent_dashboard_aggregator_migration_test.dart	1	t1-feat-parent_mode
learning_tracker/test/features/parent_mode/domain/services/parent_dashboard_aggregator_test.dart	1	t1-feat-parent_mode
learning_tracker/test/features/parent_mode/pin_service_extended_test.dart	1	t1-feat-parent_mode
learning_tracker/test/features/parent_mode/pin_service_profile_test.dart	1	t1-feat-parent_mode
learning_tracker/test/features/parent_mode/pin_service_test.dart	1	t1-feat-parent_mode
learning_tracker/test/features/parent_mode/presentation/providers/pin_flow_controller_test.dart	1	t1-feat-parent_mode
learning_tracker/test/features/parent_mode/presentation/screens/pin_setup_screen_test.dart	1	t1-feat-parent_mode
learning_tracker/test/features/profiles/data/repositories/profile_repository_impl_test.dart	1	t1-feat-profiles
learning_tracker/test/features/profiles/domain/use_cases/profile_creation_use_case_test.dart	1	t1-feat-profiles
learning_tracker/test/features/profiles/pin_flow_and_setup_dialog_l1_test.dart	1	t1-feat-profiles
learning_tracker/test/features/profiles/presentation/an2_switcher_pin_guard_test.dart	1	t1-feat-profiles
learning_tracker/test/features/profiles/presentation/profile_switcher_sheet_test.dart	1	t1-feat-profiles
learning_tracker/test/features/profiles/presentation/providers/active_profile_tutored_test.dart	1	t1-feat-profiles
learning_tracker/test/features/profiles/presentation/providers/auto_selected_profile_id_test.dart	1	t1-feat-profiles
learning_tracker/test/features/profiles/presentation/screens/manage_learners_screen_l1_test.dart	1	t1-feat-profiles
learning_tracker/test/features/profiles/presentation/screens/parent_settings_screen_l1_test.dart	1	t1-feat-profiles
learning_tracker/test/features/profiles/presentation/screens/parent_track_management_screen_l1_test.dart	1	t1-feat-profiles
learning_tracker/test/features/profiles/presentation/screens/profile_picker_screen_l1_test.dart	1	t1-feat-profiles
learning_tracker/test/features/profiles/presentation/screens/profile_picker_segmentation_test.dart	1	t1-feat-profiles
learning_tracker/test/features/profiles/presentation/screens/rpr2_picker_offline_delete_test.dart	1	t1-feat-profiles
learning_tracker/test/features/profiles/presentation/screens/ts14_parent_track_management_copy_test.dart	1	t1-feat-profiles
learning_tracker/test/features/profiles/presentation/screens/ts3_parent_track_archive_test.dart	1	t1-feat-profiles
learning_tracker/test/features/profiles/presentation/widgets/add_profile_dialog_test.dart	1	t1-feat-profiles
learning_tracker/test/features/profiles/presentation/widgets/parent_pin_keypad_dialog_test.dart	1	t1-feat-profiles
learning_tracker/test/features/profiles/presentation/widgets/pp11_edit_dialog_autofocus_test.dart	1	t1-feat-profiles
learning_tracker/test/features/profiles/presentation/widgets/pp12_pin_change_subtitle_test.dart	1	t1-feat-profiles
learning_tracker/test/features/profiles/presentation/widgets/pp13_add_profile_selects_new_profile_test.dart	1	t1-feat-profiles
learning_tracker/test/features/profiles/presentation/widgets/pp16_profile_grid_tablet_height_test.dart	1	t1-feat-profiles
learning_tracker/test/features/profiles/presentation/widgets/pp1_pin_setup_dialog_busy_guard_test.dart	1	t1-feat-profiles
learning_tracker/test/features/profiles/presentation/widgets/pp2_edit_profile_mode_persisted_test.dart	1	t1-feat-profiles
learning_tracker/test/features/profiles/presentation/widgets/profile_edit_delete_actions_test.dart	1	t1-feat-profiles
learning_tracker/test/features/profiles/presentation/widgets/profile_switcher_bar_badge_test.dart	1	t1-feat-profiles
learning_tracker/test/features/profiles/presentation/widgets/profile_switcher_sheet_overflow_test.dart	1	t1-feat-profiles
learning_tracker/test/features/profiles/presentation/ws4_mode_boundaries_test.dart	1	t1-feat-profiles
learning_tracker/test/features/profiles/profile_picker_and_tutored_l1_test.dart	1	t1-feat-profiles
learning_tracker/test/features/profiles/profile_picker_deep_l1_test.dart	1	t1-feat-profiles
learning_tracker/test/features/progress/.gitkeep	1	t1-feat-progress
learning_tracker/test/features/progress/data/repositories/progress_repository_test.dart	1	t1-feat-progress
learning_tracker/test/features/progress/domain/models/chart_data_test.dart	1	t1-feat-progress
learning_tracker/test/features/progress/domain/models/journey_view_model_test.dart	1	t1-feat-progress
learning_tracker/test/features/progress/domain/services/chart_data_service_extended_test.dart	1	t1-feat-progress
learning_tracker/test/features/progress/domain/services/chart_data_service_extra_test.dart	1	t1-feat-progress
learning_tracker/test/features/progress/domain/services/chart_data_service_migration_test.dart	1	t1-feat-progress
learning_tracker/test/features/progress/domain/services/chart_data_service_recent_activity_test.dart	1	t1-feat-progress
learning_tracker/test/features/progress/domain/services/chart_data_service_sentinel_test.dart	1	t1-feat-progress
learning_tracker/test/features/progress/domain/services/chart_data_service_test.dart	1	t1-feat-progress
learning_tracker/test/features/progress/domain/services/chart_data_service_w1b_test.dart	1	t1-feat-progress
learning_tracker/test/features/progress/domain/services/curriculum_progress_service_test.dart	1	t1-feat-progress
learning_tracker/test/features/progress/domain/services/lifetime_tree_builder_collision_test.dart	1	t1-feat-progress
learning_tracker/test/features/progress/domain/services/lifetime_tree_builder_composite_test.dart	1	t1-feat-progress
learning_tracker/test/features/progress/domain/services/lifetime_tree_builder_test.dart	1	t1-feat-progress
learning_tracker/test/features/progress/domain/services/pace_calculator_test.dart	1	t1-feat-progress
learning_tracker/test/features/progress/domain/services/track_dual_progress_migration_test.dart	1	t1-feat-progress
learning_tracker/test/features/progress/lifetime_folder_styled_and_notif_providers_test.dart	1	t1-feat-progress
learning_tracker/test/features/progress/presentation/lifetime_knowledge_models_test.dart	1	t1-feat-progress
learning_tracker/test/features/progress/presentation/providers/curriculum_pace_status_provider_test.dart	1	t1-feat-progress
learning_tracker/test/features/progress/presentation/providers/curriculum_progress_reactivity_test.dart	1	t1-feat-progress
learning_tracker/test/features/progress/presentation/providers/items_learned_reactivity_test.dart	1	t1-feat-progress
learning_tracker/test/features/progress/presentation/providers/journey_providers_test.dart	1	t1-feat-progress
learning_tracker/test/features/progress/presentation/providers/lifetime_knowledge_providers_test.dart	1	t1-feat-progress
learning_tracker/test/features/progress/presentation/providers/pp4_lifetime_chazaros_count_test.dart	1	t1-feat-progress
learning_tracker/test/features/progress/presentation/providers/recent_activity_reactivity_test.dart	1	t1-feat-progress
learning_tracker/test/features/progress/presentation/providers/track_dual_progress_reactivity_test.dart	1	t1-feat-progress
learning_tracker/test/features/progress/presentation/screens/curriculum_progress_screen_test.dart	1	t1-feat-progress
learning_tracker/test/features/progress/presentation/screens/lifetime_knowledge_screen_test.dart	1	t1-feat-progress
learning_tracker/test/features/progress/presentation/screens/progress_screen_test.dart	1	t1-feat-progress
learning_tracker/test/features/progress/presentation/screens/recent_activity_screen_test.dart	1	t1-feat-progress
learning_tracker/test/features/progress/presentation/screens/siyumim_milestones_screen_test.dart	1	t1-feat-progress
learning_tracker/test/features/progress/presentation/widgets/curriculum_breakdown_list_test.dart	1	t1-feat-progress
learning_tracker/test/features/progress/presentation/widgets/monthly_activity_sliver_calendar_test.dart	1	t1-feat-progress
learning_tracker/test/features/progress/presentation/widgets/overall_stats_card_i18n_test.dart	1	t1-feat-progress
learning_tracker/test/features/progress/presentation/widgets/progress_tier_counter_row_test.dart	1	t1-feat-progress
learning_tracker/test/features/progress/presentation/widgets/progress_widgets_test.dart	1	t1-feat-progress
learning_tracker/test/features/progress/presentation/widgets/siyum_milestone_label_ts12_test.dart	1	t1-feat-progress
learning_tracker/test/features/progress/presentation/widgets/siyumim_grouped_view_test.dart	1	t1-feat-progress
learning_tracker/test/features/progress/presentation/widgets/siyumim_timeline_month_key_ts13_test.dart	1	t1-feat-progress
learning_tracker/test/features/progress/presentation/widgets/siyumim_timeline_view_test.dart	1	t1-feat-progress
learning_tracker/test/features/progress/presentation/widgets/streak_calendar_hebrew_date_test.dart	1	t1-feat-progress
learning_tracker/test/features/progress/progress_barrel_test.dart	1	t1-feat-progress
learning_tracker/test/features/progress/recent_activity_and_hierarchy_panel_l1_test.dart	1	t1-feat-progress
learning_tracker/test/features/progress/recent_activity_overflow_test.dart	1	t1-feat-progress
learning_tracker/test/features/progress/siyumim_timeline_and_lifetime_providers_test.dart	1	t1-feat-progress
learning_tracker/test/features/sacred_time/data/services/sacred_time_preferences_test.dart	1	t1-feat-sacred_time
learning_tracker/test/features/sacred_time/presentation/screens/city_picker_screen_l1_test.dart	1	t1-feat-sacred_time
learning_tracker/test/features/sacred_time/presentation/widgets/sacred_time_lock_overlay_l10n_test.dart	1	t1-feat-sacred_time
learning_tracker/test/features/sacred_time/presentation/widgets/sacred_time_settings_card_l10n_test.dart	1	t1-feat-sacred_time
learning_tracker/test/features/sacred_time/sacred_location_and_data_test.dart	1	t1-feat-sacred_time
learning_tracker/test/features/sacred_time/sacred_time_lock_overlay_overflow_test.dart	1	t1-feat-sacred_time
learning_tracker/test/features/sacred_time/zmanim_window_service_test.dart	1	t1-feat-sacred_time
learning_tracker/test/features/scheduler/.gitkeep	1	t1-feat-scheduler
learning_tracker/test/features/scheduler/collapse_daf_tasks_test.dart	1	t1-feat-scheduler
learning_tracker/test/features/scheduler/data/repositories/daily_plan_repository_backfill_test.dart	1	t1-feat-scheduler
learning_tracker/test/features/scheduler/data/repositories/daily_plan_repository_test.dart	1	t1-feat-scheduler
learning_tracker/test/features/scheduler/data/repositories/goal_repository_impl_test.dart	1	t1-feat-scheduler
learning_tracker/test/features/scheduler/data/repositories/overdue_from_elapsed_study_days_test.dart	1	t1-feat-scheduler
learning_tracker/test/features/scheduler/data/repositories/scheduler_content_repository_impl_test.dart	1	t1-feat-scheduler
learning_tracker/test/features/scheduler/domain/labels/program_label_resolver_test.dart	1	t1-feat-scheduler
learning_tracker/test/features/scheduler/domain/models/delta_value_test.dart	1	t1-feat-scheduler
learning_tracker/test/features/scheduler/domain/models/goal_entity_extended_test.dart	1	t1-feat-scheduler
learning_tracker/test/features/scheduler/domain/models/goal_entity_extra_test.dart	1	t1-feat-scheduler
learning_tracker/test/features/scheduler/domain/models/goal_entity_test.dart	1	t1-feat-scheduler
learning_tracker/test/features/scheduler/domain/repositories/scheduler_content_repository_test.dart	1	t1-feat-scheduler
learning_tracker/test/features/scheduler/domain/services/daily_task_generator_extended_test.dart	1	t1-feat-scheduler
learning_tracker/test/features/scheduler/domain/services/daily_task_generator_generate_all_test.dart	1	t1-feat-scheduler
learning_tracker/test/features/scheduler/domain/services/daily_task_generator_test.dart	1	t1-feat-scheduler
learning_tracker/test/features/scheduler/domain/services/local_calendar_engine_test.dart	1	t1-feat-scheduler
learning_tracker/test/features/scheduler/domain/services/pace_calculator_test.dart	1	t1-feat-scheduler
learning_tracker/test/features/scheduler/domain/services/scheduler_engine_dni346_test.dart	1	t1-feat-scheduler
learning_tracker/test/features/scheduler/domain/services/scheduler_engine_integration_test.dart	1	t1-feat-scheduler
learning_tracker/test/features/scheduler/domain/services/scheduler_engine_performance_test.dart	1	t1-feat-scheduler
learning_tracker/test/features/scheduler/domain/services/scheduler_engine_schedule_types_test.dart	1	t1-feat-scheduler
learning_tracker/test/features/scheduler/domain/services/scheduler_engine_self_paced_test.dart	1	t1-feat-scheduler
learning_tracker/test/features/scheduler/domain/services/scheduler_engine_test.dart	1	t1-feat-scheduler
learning_tracker/test/features/scheduler/domain/services/sefaria_ref_matcher_test.dart	1	t1-feat-scheduler
learning_tracker/test/features/scheduler/domain/study_day_chazara_gate_test.dart	1	t1-feat-scheduler
learning_tracker/test/features/scheduler/domain/study_day_toggle_write_test.dart	1	t1-feat-scheduler
learning_tracker/test/features/scheduler/domain/study_day_trackid_fallback_test.dart	1	t1-feat-scheduler
learning_tracker/test/features/scheduler/presentation/providers/scheduler_all_daily_tasks_test.dart	1	t1-feat-scheduler
learning_tracker/test/features/scheduler/presentation/providers/scheduler_contiguous_overdue_no_gap_test.dart	1	t1-feat-scheduler
learning_tracker/test/features/scheduler/presentation/providers/scheduler_providers_branches_test.dart	1	t1-feat-scheduler
learning_tracker/test/features/scheduler/presentation/providers/scheduler_providers_test.dart	1	t1-feat-scheduler
learning_tracker/test/features/scheduler/presentation/screens/goal_and_study_day_i18n_test.dart	1	t1-feat-scheduler
learning_tracker/test/features/scheduler/presentation/screens/scheduler_goal_card_pluralization_test.dart	1	t1-feat-scheduler
learning_tracker/test/features/scheduler/presentation/screens/scheduler_screen_l1_test.dart	1	t1-feat-scheduler
learning_tracker/test/features/scheduler/presentation/screens/scheduler_screen_test.dart	1	t1-feat-scheduler
learning_tracker/test/features/scheduler/presentation/screens/study_day_config_plural_test.dart	1	t1-feat-scheduler
learning_tracker/test/features/scheduler/presentation/screens/study_day_config_screen_l1_test.dart	1	t1-feat-scheduler
learning_tracker/test/features/scheduler/presentation/screens/study_day_config_screen_overflow_test.dart	1	t1-feat-scheduler
learning_tracker/test/features/scheduler/presentation/screens/study_day_config_screen_ts4_test.dart	1	t1-feat-scheduler
learning_tracker/test/features/scheduler/presentation/widgets/daily_task_card_overflow_test.dart	1	t1-feat-scheduler
learning_tracker/test/features/scheduler/presentation/widgets/daily_task_card_test.dart	1	t1-feat-scheduler
learning_tracker/test/features/scheduler/presentation/widgets/pace_indicator_test.dart	1	t1-feat-scheduler
learning_tracker/test/features/scheduler/reorder_amnesty_test.dart	1	t1-feat-scheduler
learning_tracker/test/features/scheduler/widgets/goal_setup_screen_test.dart	1	t1-feat-scheduler
learning_tracker/test/features/scheduler/widgets/hebrew_date_picker_test.dart	1	t1-feat-scheduler
learning_tracker/test/features/settings/.gitkeep	1	t1-feat-settings
learning_tracker/test/features/settings/curriculum_settings_and_change_password_l1_test.dart	1	t1-feat-settings
learning_tracker/test/features/settings/domain/services/account_management_service_test.dart	1	t1-feat-settings
learning_tracker/test/features/settings/domain/services/curriculum_activation_service_test.dart	1	t1-feat-settings
learning_tracker/test/features/settings/domain/services/data_export_extended_test.dart	1	t1-feat-settings
learning_tracker/test/features/settings/domain/services/data_export_import_service_extra_test.dart	1	t1-feat-settings
learning_tracker/test/features/settings/domain/services/data_export_import_service_import_test.dart	1	t1-feat-settings
learning_tracker/test/features/settings/domain/services/data_export_import_service_test.dart	1	t1-feat-settings
learning_tracker/test/features/settings/domain/services/data_export_roundtrip_test.dart	1	t1-feat-settings
learning_tracker/test/features/settings/domain/services/data_export_service_extended_test.dart	1	t1-feat-settings
learning_tracker/test/features/settings/domain/services/data_import_service_test.dart	1	t1-feat-settings
learning_tracker/test/features/settings/presentation/providers/scoped_coarse_unit_count_test.dart	1	t1-feat-settings
learning_tracker/test/features/settings/presentation/screens/curriculum_settings_screen_l1_test.dart	1	t1-feat-settings
learning_tracker/test/features/settings/presentation/screens/lifetime_marking_screen_test.dart	1	t1-feat-settings
learning_tracker/test/features/settings/presentation/screens/lifetime_marking_toggle_level_test.dart	1	t1-feat-settings
learning_tracker/test/features/settings/presentation/screens/lifetime_route_guards_test.dart	1	t1-feat-settings
learning_tracker/test/features/settings/presentation/screens/pp3_pp10_lifetime_marking_test.dart	1	t1-feat-settings
learning_tracker/test/features/settings/presentation/screens/scope_lifetime_l1_test.dart	1	t1-feat-settings
learning_tracker/test/features/settings/presentation/screens/settings_screen_r5_regression_test.dart	1	t1-feat-settings
learning_tracker/test/features/settings/presentation/screens/settings_screen_test.dart	1	t1-feat-settings
learning_tracker/test/features/settings/presentation/screens/st3_settings_switch_a11y_test.dart	1	t1-feat-settings
learning_tracker/test/features/settings/presentation/screens/upgrade_to_cloud_cancel_collision_test.dart	1	t1-feat-settings
learning_tracker/test/features/settings/presentation/screens/upgrade_to_cloud_screen_l1_test.dart	1	t1-feat-settings
learning_tracker/test/features/settings/presentation/settings_overflow_guard_test.dart	1	t1-feat-settings
learning_tracker/test/features/settings/presentation/utils/account_actions_test.dart	1	t1-feat-settings
learning_tracker/test/features/settings/presentation/widgets/account_actions_sheet_nav_test.dart	1	t1-feat-settings
learning_tracker/test/features/settings/presentation/widgets/an7_destructive_icon_contrast_test.dart	1	t1-feat-settings
learning_tracker/test/features/settings/presentation/widgets/backup_sync_error_l10n_test.dart	1	t1-feat-settings
learning_tracker/test/features/settings/presentation/widgets/backup_sync_section_l1_test.dart	1	t1-feat-settings
learning_tracker/test/features/settings/presentation/widgets/delete_account_dialog_l10n_test.dart	1	t1-feat-settings
learning_tracker/test/features/settings/presentation/widgets/password_dialogs_l10n_test.dart	1	t1-feat-settings
learning_tracker/test/features/settings/presentation/widgets/sign_out_dialog_l10n_test.dart	1	t1-feat-settings
learning_tracker/test/features/settings/presentation/widgets/user_profile_header_card_l1_test.dart	1	t1-feat-settings
learning_tracker/test/features/settings/settings_screen_and_point_config_l1_test.dart	1	t1-feat-settings
learning_tracker/test/features/settings/settings_utils_test.dart	1	t1-feat-settings
learning_tracker/test/features/stages/data/repositories/stage_definition_repository_impl_26_26_test.dart	1	t1-feat-tracks-extras
learning_tracker/test/features/stages/data/repositories/stage_definition_repository_impl_test.dart	1	t1-feat-tracks-extras
learning_tracker/test/features/stages/domain/exceptions/stage_exceptions_test.dart	1	t1-feat-tracks-extras
learning_tracker/test/features/stages/domain/models/stage_definition_test.dart	1	t1-feat-tracks-extras
learning_tracker/test/features/sync/.gitkeep	1	t1-feat-sync
learning_tracker/test/features/sync/data/local_data_upload_service_test.dart	1	t1-feat-sync
learning_tracker/test/features/sync/data/offline_queue_enqueue_test.dart	1	t1-feat-sync
learning_tracker/test/features/sync/data/offline_queue_test.dart	1	t1-feat-sync
learning_tracker/test/features/sync/data/sync_engine_test.dart.skip	1	t1-feat-sync
learning_tracker/test/features/sync/domain/merge_rules_test.dart	1	t1-feat-sync
learning_tracker/test/features/sync/domain/models/sync_status_test.dart	1	t1-feat-sync
learning_tracker/test/features/sync/domain/profile_scoped_preference_keys_test.dart	1	t1-feat-sync
learning_tracker/test/features/sync/domain/reducers/streak_reducer_test.dart	1	t1-feat-sync
learning_tracker/test/features/sync/presentation/sync_status_indicator_l1_test.dart	1	t1-feat-sync
learning_tracker/test/features/sync/presentation/sync_status_provider_loading_state_test.dart	1	t1-feat-sync
learning_tracker/test/features/track_learning_order/data/repositories/track_learning_order_repository_impl_test.dart	1	t1-feat-tracks-extras
learning_tracker/test/features/track_setup/domain/entities/add_track_result_test.dart	1	t1-feat-tracks-extras
learning_tracker/test/features/track_setup/presentation/controllers/add_track_controller_test.dart	1	t1-feat-tracks-extras
learning_tracker/test/features/track_setup/presentation/steps/goal_helpers_test.dart	1	t1-feat-tracks-extras
learning_tracker/test/features/track_setup/presentation/widgets/curriculum_picker_step_test.dart	1	t1-feat-tracks-extras
learning_tracker/test/features/track_setup/presentation/widgets/program_selection_step_test.dart	1	t1-feat-tracks-extras
learning_tracker/test/features/track_setup/presentation/widgets/track_label_step_test.dart	1	t1-feat-tracks-extras
learning_tracker/test/features/tracks/domain/services/track_progress_service_test.dart	1	t1-feat-tracks
learning_tracker/test/features/tracks/setup/data/repositories/track_blueprint_draft_repository_impl_test.dart	1	t1-feat-tracks
learning_tracker/test/features/tracks/setup/domain/aggregates/track_blueprint_test.dart	1	t1-feat-tracks
learning_tracker/test/features/tracks/setup/domain/services/track_creation_service_atomicity_test.dart	1	t1-feat-tracks
learning_tracker/test/features/tracks/setup/domain/services/track_creation_stage_seeding_test.dart	1	t1-feat-tracks
learning_tracker/test/features/tracks/setup/domain/use_cases/provision_track_use_case_test.dart	1	t1-feat-tracks
learning_tracker/test/features/tracks/setup/edit_track_screen_l1_test.dart	1	t1-feat-tracks
learning_tracker/test/features/tracks/setup/presentation/providers/resolve_track_title_test.dart	1	t1-feat-tracks
learning_tracker/test/features/tracks/setup/presentation/screens/add_track_flow_screen_l1_test.dart	1	t1-feat-tracks
learning_tracker/test/features/tracks/setup/presentation/screens/add_track_flow_ts11_test.dart	1	t1-feat-tracks
learning_tracker/test/features/tracks/setup/presentation/screens/add_track_smart_label_test.dart	1	t1-feat-tracks
learning_tracker/test/features/tracks/setup/presentation/screens/edit_track_and_detail_l1_test.dart	1	t1-feat-tracks
learning_tracker/test/features/tracks/setup/presentation/screens/edit_track_validation_test.dart	1	t1-feat-tracks
learning_tracker/test/features/tracks/setup/presentation/screens/track_detail_goal_stale_test.dart	1	t1-feat-tracks
learning_tracker/test/features/tracks/setup/presentation/screens/track_detail_screen_date_test.dart	1	t1-feat-tracks
learning_tracker/test/features/tracks/setup/presentation/screens/track_detail_screen_test.dart	1	t1-feat-tracks
learning_tracker/test/features/tracks/setup/presentation/screens/track_hub_ts16_test.dart	1	t1-feat-tracks
learning_tracker/test/features/tracks/setup/presentation/steps/deadline_goal_card_zero_items_test.dart	1	t1-feat-tracks
learning_tracker/test/features/tracks/setup/presentation/steps/goal_step_ts10_state_preserve_test.dart	1	t1-feat-tracks
learning_tracker/test/features/tracks/setup/presentation/steps/goal_step_ts5_continue_overlap_test.dart	1	t1-feat-tracks
learning_tracker/test/features/tracks/setup/presentation/steps/self_paced_goal_step_scope_test.dart	1	t1-feat-tracks
learning_tracker/test/features/tracks/setup/presentation/steps/starting_position_calendar_overflow_test.dart	1	t1-feat-tracks
learning_tracker/test/features/tracks/setup/presentation/steps/step_chazara_goal_l1_test.dart	1	t1-feat-tracks
learning_tracker/test/features/tracks/setup/presentation/steps/step_scope_l1_test.dart	1	t1-feat-tracks
learning_tracker/test/features/tracks/setup/presentation/steps/step_starting_position_l1_test.dart	1	t1-feat-tracks
learning_tracker/test/features/tracks/setup/presentation/steps/step_study_days_l1_test.dart	1	t1-feat-tracks
learning_tracker/test/features/tracks/setup/presentation/widgets/program_selection_step_test.dart	1	t1-feat-tracks
learning_tracker/test/features/tracks/setup/presentation/widgets/track_info_card_pace_unit_test.dart	1	t1-feat-tracks
learning_tracker/test/features/tracks/setup/presentation/widgets/track_info_card_test.dart	1	t1-feat-tracks
learning_tracker/test/features/tracks/setup/track_management_hub_last_curriculum_guard_test.dart	1	t1-feat-tracks
learning_tracker/test/features/tracks/setup/track_management_hub_screen_l1_test.dart	1	t1-feat-tracks
learning_tracker/test/features/tracks/track_management_body_and_order_l1_test.dart	1	t1-feat-tracks
learning_tracker/test/features/tracks/track_order/domain/track_order_test.dart	1	t1-feat-tracks
learning_tracker/test/features/tracks/track_order/presentation/track_learning_order_reset_test.dart	1	t1-feat-tracks
learning_tracker/test/features/tracks_studydays_and_content_hierarchy_l1_test.dart	1	t1-test-cross
learning_tracker/test/features/tutor_pin_dialog_and_goal_setup_l1_test.dart	1	t1-test-cross
learning_tracker/test/features/tutoring/accept_invite_screen_l1_test.dart	1	t1-feat-tutoring
learning_tracker/test/features/tutoring/accept_invite_screen_overflow_test.dart	1	t1-feat-tutoring
learning_tracker/test/features/tutoring/data/repositories/firestore_tutor_grant_repository_test.dart	1	t1-feat-tutoring
learning_tracker/test/features/tutoring/decline_invite_screen_l1_test.dart	1	t1-feat-tutoring
learning_tracker/test/features/tutoring/decline_invite_screen_overflow_test.dart	1	t1-feat-tutoring
learning_tracker/test/features/tutoring/domain/use_cases/mark_live_completion_use_case_test.dart	1	t1-feat-tutoring
learning_tracker/test/features/tutoring/f3_account_switch_reset_test.dart	1	t1-feat-tutoring
learning_tracker/test/features/tutoring/firestore_audit_log_read_repository_test.dart	1	t1-feat-tutoring
learning_tracker/test/features/tutoring/firestore_tutor_grant_repository_test.dart	1	t1-feat-tutoring
learning_tracker/test/features/tutoring/ga5_resignation_childname_test.dart	1	t1-feat-tutoring
learning_tracker/test/features/tutoring/incoming_tutor_grants_reconcile_test.dart	1	t1-feat-tutoring
learning_tracker/test/features/tutoring/invite_tutor_screen_l1_test.dart	1	t1-feat-tutoring
learning_tracker/test/features/tutoring/iter10_outgoing_grants_stale_cache_test.dart	1	t1-feat-tutoring
learning_tracker/test/features/tutoring/manage_grants_screen_l1_test.dart	1	t1-feat-tutoring
learning_tracker/test/features/tutoring/manage_tutors_screen_l1_test.dart	1	t1-feat-tutoring
learning_tracker/test/features/tutoring/mark_live_completion_invariant_test.dart	1	t1-feat-tutoring
learning_tracker/test/features/tutoring/r3_shell_revocation_exit_test.dart	1	t1-feat-tutoring
learning_tracker/test/features/tutoring/s1_tutored_write_router_test.dart	1	t1-feat-tutoring
learning_tracker/test/features/tutoring/s2_entity_parity_test.dart	1	t1-feat-tutoring
learning_tracker/test/features/tutoring/s4_tutor_write_service_permission_test.dart	1	t1-feat-tutoring
learning_tracker/test/features/tutoring/t3_readonly_surfaces_gating_test.dart	1	t1-feat-tutoring
learning_tracker/test/features/tutoring/tutor_audit_log_screen_l1_test.dart	1	t1-feat-tutoring
learning_tracker/test/features/tutoring/tutor_pin_entry_gate_l1_test.dart	1	t1-feat-tutoring
learning_tracker/test/features/tutoring/tutor_pin_reset_screen_l1_test.dart	1	t1-feat-tutoring
learning_tracker/test/features/tutoring/tutor_pin_setup_screen_l1_test.dart	1	t1-feat-tutoring
learning_tracker/test/features/tutoring/v3c_ui_gating_exception_catching_test.dart	1	t1-feat-tutoring
learning_tracker/test/features/tutoring/w3_41_tutor_security_rules_test.dart	1	t1-feat-tutoring
learning_tracker/test/features/tutoring/ws3_3a_manage_tutors_entry_test.dart	1	t1-feat-tutoring
learning_tracker/test/features/tutoring/ws3_3b_tutor_invitations_surface_test.dart	1	t1-feat-tutoring
learning_tracker/test/features/tutoring/ws3_3c_talmid_access_pin_test.dart	1	t1-feat-tutoring
learning_tracker/test/features/tutoring/ws3_3d_tutor_permissions_surface_test.dart	1	t1-feat-tutoring
learning_tracker/test/features/tutoring/ws3_3e_dual_role_fix_test.dart	1	t1-feat-tutoring
learning_tracker/test/features/tutoring/ws3_3f_manage_remove_tutors_test.dart	1	t1-feat-tutoring
learning_tracker/test/features/tutoring/ws3_3g_notification_gateway_test.dart	1	t1-feat-tutoring
learning_tracker/test/features/tutoring/ws3_3h_corrections_test.dart	1	t1-feat-tutoring
learning_tracker/test/fixtures/.gitkeep	1	t1-test-helpers
learning_tracker/test/fixtures/completion_fixtures.dart.skip	1	t1-test-helpers
learning_tracker/test/fixtures/content_fixtures.dart	1	t1-test-helpers
learning_tracker/test/fixtures/curriculum_fixtures.dart	1	t1-test-helpers
learning_tracker/test/fixtures/sefaria/bavli_shape.json	1	t1-test-helpers
learning_tracker/test/fixtures/sefaria/mishna_berurah_shape.json	1	t1-test-helpers
learning_tracker/test/fixtures/sefaria/mishnah_shape.json	1	t1-test-helpers
learning_tracker/test/fixtures/sefaria/mussar_shape_chovot_halevavot.json	1	t1-test-helpers
learning_tracker/test/fixtures/sefaria/mussar_shape_mesillat_yesharim.json	1	t1-test-helpers
learning_tracker/test/fixtures/sefaria/mussar_shape_orchot_tzaddikim.json	1	t1-test-helpers
learning_tracker/test/fixtures/sefaria/nach_shape.json	1	t1-test-helpers
learning_tracker/test/fixtures/sefaria/shulchan_aruch_oc_shape.json	1	t1-test-helpers
learning_tracker/test/fixtures/sefaria/tanakh_shape.json	1	t1-test-helpers
learning_tracker/test/fixtures/sefaria/text_response.json	1	t1-test-helpers
learning_tracker/test/fixtures/sefaria/yerushalmi_shape.json	1	t1-test-helpers
learning_tracker/test/flutter_test_config.dart	1	t1-test-helpers
learning_tracker/test/golden/goldens/phone_1_dashboard.png	X	binary asset
learning_tracker/test/golden/goldens/phone_2_learning.png	X	binary asset
learning_tracker/test/golden/goldens/phone_3_progress.png	X	binary asset
learning_tracker/test/golden/goldens/phone_4_scheduler.png	X	binary asset
learning_tracker/test/golden/goldens/phone_5_gamification.png	X	binary asset
learning_tracker/test/golden/store_screenshots_test.dart	1	t1-test-cross
learning_tracker/test/helpers/drift_memory.dart	1	t1-test-helpers
learning_tracker/test/helpers/firestore_fake.dart	1	t1-test-helpers
learning_tracker/test/helpers/golden_runner.dart	1	t1-test-helpers
learning_tracker/test/helpers/migration_test_helper.dart	1	t1-test-helpers
learning_tracker/test/helpers/overflow_harness.dart	1	t1-test-helpers
learning_tracker/test/helpers/test_database.dart	1	t1-test-helpers
learning_tracker/test/infrastructure_test.dart	1	t1-test-helpers
learning_tracker/test/integration/bulk_mark_prior_streak_suppression_test.dart	1	t1-test-cross
learning_tracker/test/integration/bulk_prior_completion_b6_b8_test.dart	1	t1-test-cross
learning_tracker/test/integration/bypass_cleanup_offline_test.dart	1	t1-test-cross
learning_tracker/test/integration/firestore_wipe_install_test.dart	1	t1-test-cross
learning_tracker/test/integration/pull_on_launch_test.dart	1	t1-test-cross
learning_tracker/test/integration/restore_skip_onboarding_test.dart	1	t1-test-cross
learning_tracker/test/integration/sacred_time_overlay_scope_test.dart	1	t1-test-cross
learning_tracker/test/integration/shabbos_notification_suppression_test.dart	1	t1-test-cross
learning_tracker/test/integration/stage_sync_test.dart	1	t1-test-cross
learning_tracker/test/integration/two_device_sync_test.dart	1	t1-test-cross
learning_tracker/test/l10n/account_picker_subtitle_copy_test.dart	1	t1-app-l10n
learning_tracker/test/l10n/app_localizations_coverage_test.dart	1	t1-app-l10n
learning_tracker/test/l10n/b1_vocab_keys_present_test.dart	1	t1-app-l10n
learning_tracker/test/l10n/hebrew_shabbos_strings_il9_test.dart	1	t1-app-l10n
learning_tracker/test/l10n/icu_plural_il3_test.dart	1	t1-app-l10n
learning_tracker/test/l10n/no_hardcoded_percent_in_chart_subtitle_test.dart	1	t1-app-l10n
learning_tracker/test/l10n/tier_counter_pluralization_test.dart	1	t1-app-l10n
learning_tracker/test/migration/v15_to_v16_test.dart	1	t1-test-cross
learning_tracker/test/migration/v16_to_v17_test.dart	1	t1-test-cross
learning_tracker/test/migration/v17_to_v18_test.dart	1	t1-test-cross
learning_tracker/test/migration/v18_to_v19_test.dart	1	t1-test-cross
learning_tracker/test/migration/v19_to_v20_test.dart	1	t1-test-cross
learning_tracker/test/migration/v21_to_v22_test.dart	1	t1-test-cross
learning_tracker/test/migration/v25_to_v27_test.dart	1	t1-test-cross
learning_tracker/test/migration/v26_to_v29_test.dart	1	t1-test-cross
learning_tracker/test/migration/v27_to_v28_test.dart	1	t1-test-cross
learning_tracker/test/migration/v27_to_v29_test.dart	1	t1-test-cross
learning_tracker/test/migration/v31_to_v32_test.dart	1	t1-test-cross
learning_tracker/test/mocks/.gitkeep	1	t1-test-helpers
learning_tracker/test/mocks/mock_repositories.dart	1	t1-test-helpers
learning_tracker/test/mocks/mock_services.dart	1	t1-test-helpers
learning_tracker/test/overflow/overflow_guard_test.dart	1	t1-test-cross
learning_tracker/test/scheduler/overdue_durability_test.dart	1	t1-feat-scheduler
learning_tracker/test/scheduler/overdue_notifications_test.dart	1	t1-feat-scheduler
learning_tracker/test/scheduler/overdue_projection_test.dart	1	t1-feat-scheduler
learning_tracker/test/story_acceptance/epic_01_foundation_test.dart	1	t1-story-epics-01-08
learning_tracker/test/story_acceptance/epic_02_content_test.dart	1	t1-story-epics-01-08
learning_tracker/test/story_acceptance/epic_03_learning_cycle_test.dart	1	t1-story-epics-01-08
learning_tracker/test/story_acceptance/epic_05_stages_order_test.dart	1	t1-story-epics-01-08
learning_tracker/test/story_acceptance/epic_06_scheduler_test.dart	1	t1-story-epics-01-08
learning_tracker/test/story_acceptance/epic_07_dashboard_test.dart	1	t1-story-epics-01-08
learning_tracker/test/story_acceptance/epic_08_gamification_test.dart	1	t1-story-epics-01-08
learning_tracker/test/story_acceptance/epic_09_onboarding_test.dart	1	t1-story-epics-09-16
learning_tracker/test/story_acceptance/epic_10_parent_mode_test.dart	1	t1-story-epics-09-16
learning_tracker/test/story_acceptance/epic_12_notifications_test.dart	1	t1-story-epics-09-16
learning_tracker/test/story_acceptance/epic_13_cloud_sync_test.dart	1	t1-story-epics-09-16
learning_tracker/test/story_acceptance/epic_14_settings_test.dart	1	t1-story-epics-09-16
learning_tracker/test/story_acceptance/epic_15_multi_profile_test.dart	1	t1-story-epics-09-16
learning_tracker/test/story_acceptance/epic_16_pace_dashboard_test.dart	1	t1-story-epics-09-16
learning_tracker/test/story_acceptance/epic_18_story_18x_track_restore_test.dart	1	t1-story-epics-17-20
learning_tracker/test/story_acceptance/epic_18_track_overhaul_test.dart	1	t1-story-epics-17-20
learning_tracker/test/story_acceptance/epic_19_offline_first_test.dart	1	t1-story-epics-17-20
learning_tracker/test/story_acceptance/epic_20_hard_tier_auth_test.dart	1	t1-story-epics-17-20
learning_tracker/test/story_acceptance/epic_21_multi_account_test.dart	1	t1-story-epics-21-24
learning_tracker/test/story_acceptance/epic_24_stop_bleeding_test.dart	1	t1-story-epics-21-24
learning_tracker/test/story_acceptance/epic_24_stop_the_bleeding_test.dart	1	t1-story-epics-21-24
learning_tracker/test/story_acceptance/epic_25_schema_core_test.dart	1	t1-story-epic-25
learning_tracker/test/story_acceptance/epic_25_story_12_sync_decomp_part1_test.dart	1	t1-story-epic-25
learning_tracker/test/story_acceptance/epic_25_story_13_merge_router_test.dart	1	t1-story-epic-25
learning_tracker/test/story_acceptance/epic_25_story_14_listener_lifecycle_test.dart	1	t1-story-epic-25
learning_tracker/test/story_acceptance/epic_25_story_15_completion_writer_test.dart	1	t1-story-epic-25
learning_tracker/test/story_acceptance/epic_25_story_16_streak_test.dart	1	t1-story-epic-25
learning_tracker/test/story_acceptance/epic_25_story_18_pin_guard_test.dart	1	t1-story-epic-25
learning_tracker/test/story_acceptance/epic_25_story_21_multi_account_threading_test.dart	1	t1-story-epic-25
learning_tracker/test/story_acceptance/epic_25_story_22_firewall_test.dart	1	t1-story-epic-25
learning_tracker/test/story_acceptance/epic_25_story_25_20_locale_theme_test.dart	1	t1-story-epic-25
learning_tracker/test/story_acceptance/epic_25_story_25_9_lints_test.dart	1	t1-story-epic-25
learning_tracker/test/story_acceptance/epic_25_story_25_9_test.dart	1	t1-story-epic-25
learning_tracker/test/story_acceptance/epic_25_story_2_append_only_uniques_test.dart	1	t1-story-epic-25
learning_tracker/test/story_acceptance/epic_26_story_11_onboarding_controller_test.dart	1	t1-story-epic-26
learning_tracker/test/story_acceptance/epic_26_story_13_reader_purity_test.dart	1	t1-story-epic-26
learning_tracker/test/story_acceptance/epic_26_story_15_composite_strategy_test.dart	1	t1-story-epic-26
learning_tracker/test/story_acceptance/epic_26_story_23_data_export_round_trip_test.dart	1	t1-story-epic-26
learning_tracker/test/story_acceptance/epic_26_story_26_16_stat_card_test.dart	1	t1-story-epic-26
learning_tracker/test/story_acceptance/epic_26_story_26_20_preference_tiles_test.dart	1	t1-story-epic-26
learning_tracker/test/story_acceptance/epic_26_story_26_22_track_management_body_test.dart	1	t1-story-epic-26
learning_tracker/test/story_acceptance/epic_26_story_26_31_rtl_audit_test.dart	1	t1-story-epic-26
learning_tracker/test/story_acceptance/epic_26_story_26_6_track_card_test.dart	1	t1-story-epic-26
learning_tracker/test/story_acceptance/epic_26_story_26_7_dashboard_model_provider_test.dart	1	t1-story-epic-26
learning_tracker/test/story_acceptance/epic_27_integration_lockout_redaction_atomic_test.dart	1	t1-story-epic-27
learning_tracker/test/story_acceptance/epic_27_story_05_bulk_mark_prior_test.dart	1	t1-story-epic-27
learning_tracker/test/story_acceptance/epic_27_story_06_streak_reconciles_test.dart	1	t1-story-epic-27
learning_tracker/test/story_acceptance/epic_27_story_14_analytics_test.dart	1	t1-story-epic-27
learning_tracker/test/story_acceptance/epic_27_story_27_8_rules_and_offline_flush_test.dart	1	t1-story-epic-27
learning_tracker/test/story_acceptance/epic_27_story_4_widget_golden_test.dart	1	t1-story-epic-27
learning_tracker/test/story_acceptance/epic_27_story_7_isolation_and_canonical_layout_test.dart	1	t1-story-epic-27
learning_tracker/test/story_acceptance/epic_27_story_f5_prior_learning_filter_test.dart	1	t1-story-epic-27
learning_tracker/test/story_acceptance/epic_27_test_infrastructure_test.dart	1	t1-story-epic-27
learning_tracker/test/story_acceptance/epic_28_curriculum_overlap_test.dart	1	t1-story-epics-28plus
learning_tracker/test/story_acceptance/regression_invariants_test.dart	1	t1-story-epics-01-08
learning_tracker/test/story_acceptance/story_i3_items_learned_test.dart	1	t1-story-epics-01-08
learning_tracker/test/story_acceptance/track_lifecycle_test.dart	1	t1-story-epics-01-08
learning_tracker/test/sync/bookmark_outbox_entity_key_test.dart	1	t1-feat-sync
learning_tracker/test/sync/codec_rules_contract_test.dart	1	t1-feat-sync
learning_tracker/test/sync/learner_profile_delete_enqueue_profile0_test.dart	1	t1-feat-sync
learning_tracker/test/sync/lifecycle_observer_test.dart	1	t1-feat-sync
learning_tracker/test/sync/listener_limit_test.dart	1	t1-feat-sync
learning_tracker/test/sync/listener_overflow_recovery_test.dart	1	t1-feat-sync
learning_tracker/test/sync/listener_parking_test.dart	1	t1-feat-sync
learning_tracker/test/sync/location_device_scope_test.dart	1	t1-feat-sync
learning_tracker/test/sync/merge/bookmark_content_item_id_test.dart	1	t1-feat-sync
learning_tracker/test/sync/merge/bookmarks_roundtrip_test.dart	1	t1-feat-sync
learning_tracker/test/sync/merge/completions_roundtrip_test.dart	1	t1-feat-sync
learning_tracker/test/sync/merge/curriculum_tracks_roundtrip_test.dart	1	t1-feat-sync
learning_tracker/test/sync/merge/gamification_reward_merge_test.dart	1	t1-feat-sync
learning_tracker/test/sync/merge/goals_roundtrip_test.dart	1	t1-feat-sync
learning_tracker/test/sync/merge/learner_profile_roundtrip_test.dart	1	t1-feat-sync
learning_tracker/test/sync/merge/learning_ledger_roundtrip_test.dart	1	t1-feat-sync
learning_tracker/test/sync/merge/learning_order_roundtrip_test.dart	1	t1-feat-sync
learning_tracker/test/sync/merge/lww_symmetric_test.dart	1	t1-feat-sync
learning_tracker/test/sync/merge/persist_updated_at_test.dart	1	t1-feat-sync
learning_tracker/test/sync/merge/profile_program_roundtrip_test.dart	1	t1-feat-sync
learning_tracker/test/sync/merge/stage_definitions_roundtrip_test.dart	1	t1-feat-sync
learning_tracker/test/sync/merge/streak_events_roundtrip_test.dart	1	t1-feat-sync
learning_tracker/test/sync/merge/study_day_config_roundtrip_test.dart	1	t1-feat-sync
learning_tracker/test/sync/new_listener_coverage_test.dart	1	t1-feat-sync
learning_tracker/test/sync/pull_identity_mismatch_guard_test.dart	1	t1-feat-sync
learning_tracker/test/sync/sacred_time_all_profiles_test.dart	1	t1-feat-sync
learning_tracker/test/sync/stage_definition_single_path_test.dart	1	t1-feat-sync
learning_tracker/test/sync/study_day_config_sync_test.dart	1	t1-feat-sync
learning_tracker/test/sync/sy3_sync_error_message_sanitize_test.dart	1	t1-feat-sync
learning_tracker/test/sync/sync_orchestrator_connectivity_test.dart	1	t1-feat-sync
learning_tracker/test/sync/sync_orchestrator_drain_triggers_test.dart	1	t1-feat-sync
learning_tracker/test/sync/sync_orchestrator_profile0_status_test.dart	1	t1-feat-sync
learning_tracker/test/sync/sync_rework_curriculum_completion_doc_id_test.dart	1	t1-feat-sync
learning_tracker/test/sync/sync_rework_engine_test.dart	1	t1-feat-sync
learning_tracker/test/sync/sync_rework_orchestrator_test.dart	1	t1-feat-sync
learning_tracker/test/sync/sync_rework_profile_programs_pull_test.dart	1	t1-feat-sync
learning_tracker/test/sync/sync_rework_push_test.dart	1	t1-feat-sync
learning_tracker/test/sync/sync_rework_writepath_test.dart	1	t1-feat-sync
learning_tracker/test/sync/sync_status_emission_test.dart	1	t1-feat-sync
learning_tracker/test/sync/tutored_listener_supervisor_test.dart	1	t1-feat-sync
learning_tracker/test/sync/tutored_mirror_projection_inputs_test.dart	1	t1-feat-sync
learning_tracker/test/sync/tutored_mirror_wipe_test.dart	1	t1-feat-sync
learning_tracker/test/sync/tutored_pull_isolation_test.dart	1	t1-feat-sync
learning_tracker/test/sync/tutored_wipe_wrong_id_test.dart	1	t1-feat-sync
learning_tracker/test/sync/two_device_sync_test.dart	1	t1-feat-sync
learning_tracker/test/sync/write_tee_status_update_test.dart	1	t1-feat-sync
learning_tracker/test/tool/android_manifest_deep_links_test.dart	1	t1-test-cross
learning_tracker/test/tool/audit_and_arb_parity_test.dart	1	t1-test-cross
learning_tracker/test/tool/build_cities_db_admin1_test.dart	1	t1-test-cross
learning_tracker/test/tool/schema_check_test.dart	1	t1-test-cross
learning_tracker/test/track_setup/clear_overdue_button_test.dart	1	t1-feat-tracks
learning_tracker/test/track_setup/mandatory_pace_test.dart	1	t1-feat-tracks
learning_tracker/test/widget/step_overflow_test.dart	1	t1-test-cross
learning_tracker/tool/arb_parity_check.dart	2	t2-app-tool
learning_tracker/tool/argon2id_benchmark.dart	2	t2-app-tool
learning_tracker/tool/audit_seed.py	2	t2-app-tool
learning_tracker/tool/build_cities_db.dart	2	t2-app-tool
learning_tracker/tool/curate_curricula/README.md	2	t2-app-tool
learning_tracker/tool/curate_curricula/main.py	2	t2-app-tool
learning_tracker/tool/curate_curricula/sefaria_settings.py	2	t2-app-tool
learning_tracker/tool/data/README.md	X	content/data asset or cache
learning_tracker/tool/data/curriculum_books.json	X	content/data asset or cache
learning_tracker/tool/data/hebcal_calendar_cache.json	X	content/data asset or cache
learning_tracker/tool/data/sefaria_calendar_cache.json	X	content/data asset or cache
learning_tracker/tool/emit_fixture_payloads.dart	2	t2-app-tool
learning_tracker/tool/hebcal_fetch/main.mjs	2	t2-app-tool
learning_tracker/tool/hebcal_fetch/package.json	2	t2-app-tool
learning_tracker/tool/lib/dio_client.dart	2	t2-app-tool
learning_tracker/tool/lib/sefaria/bavli_fetcher.dart	2	t2-app-tool
learning_tracker/tool/lib/sefaria/chumash_fetcher.dart	2	t2-app-tool
learning_tracker/tool/lib/sefaria/mishna_berurah_fetcher.dart	2	t2-app-tool
learning_tracker/tool/lib/sefaria/mishna_fetcher.dart	2	t2-app-tool
learning_tracker/tool/lib/sefaria/mussar_fetcher.dart	2	t2-app-tool
learning_tracker/tool/lib/sefaria/nach_fetcher.dart	2	t2-app-tool
learning_tracker/tool/lib/sefaria/sefaria_fetcher_base.dart	2	t2-app-tool
learning_tracker/tool/lib/sefaria/yerushalmi_fetcher.dart	2	t2-app-tool
learning_tracker/tool/lib/sequences/halakhah_yomit_seq.dart	2	t2-app-tool
learning_tracker/tool/prepare_asset.dart	2	t2-app-tool
learning_tracker/tool/run2_test_sweep.workflow.js	2	t2-app-tool
learning_tracker/tool/run2_tutoring_gamification.workflow.js	2	t2-app-tool
learning_tracker/tool/run2_tutoring_retest.workflow.js	2	t2-app-tool
learning_tracker/tool/run3_cycle3_single.workflow.js	2	t2-app-tool
learning_tracker/tool/run3_test_cycle.workflow.js	2	t2-app-tool
learning_tracker/tool/run3_tutor_extensive.workflow.js	2	t2-app-tool
learning_tracker/tool/seed/build_daily_content.dart	2	t2-app-tool
learning_tracker/tool/seed/build_text_cache.dart	2	t2-app-tool
learning_tracker/tool/seed/docker-compose.yml	2	t2-app-tool
learning_tracker/tool/seed/lib/sefaria_mongo.dart	2	t2-app-tool
learning_tracker/tool/seed/sample_validate.dart	2	t2-app-tool
learning_tracker/tool/seed_content.dart	2	t2-app-tool
learning_tracker/tool/seed_content_db.dart	2	t2-app-tool
learning_tracker/tool/seed_text_content.dart	2	t2-app-tool
learning_tracker/tool/sefaria_fetch/go.mod	2	t2-app-tool
learning_tracker/tool/sefaria_fetch/main.go	2	t2-app-tool
learning_tracker/tool/text_extract/README.md	2	t2-app-tool
learning_tracker/tool/text_extract/extract_books.py	2	t2-app-tool
learning_tracker/tool/text_extract/main.py	2	t2-app-tool
learning_tracker/tool/upload_to_firebase.js	2	t2-app-tool
learning_tracker/tool/upload_to_firebase.sh	2	t2-app-tool
learning_tracker/tool/validate_seed_coverage.dart	2	t2-app-tool
learning_tracker/tool/verify_local_calendar_e2e.dart	2	t2-app-tool
learning_tracker/tool/verify_seed_calendar.dart	2	t2-app-tool
memory/MEMORY.md	X	vendored-agent-tooling
memory/feedback_toolchain_path.md	X	vendored-agent-tooling
memory/project_deploy_process.md	X	vendored-agent-tooling
memory/project_track_detail_feature.md	X	vendored-agent-tooling
package-lock.json	X	lockfile/license
packages/custom_lints/README.md	2	t2-lints-hooks
packages/custom_lints/lib/learning_tracker_lints.dart	2	t2-lints-hooks
packages/custom_lints/lib/src/rules/no_color_literal_outside_theme.dart	2	t2-lints-hooks
packages/custom_lints/lib/src/rules/no_curriculum_display_name_bypass.dart	2	t2-lints-hooks
packages/custom_lints/lib/src/rules/no_e_to_string_in_ui.dart	2	t2-lints-hooks
packages/custom_lints/lib/src/rules/no_feature_cross_import.dart	2	t2-lints-hooks
packages/custom_lints/lib/src/rules/no_firebase_outside_core.dart	2	t2-lints-hooks
packages/custom_lints/lib/src/rules/no_hardcoded_domain_term.dart	2	t2-lints-hooks
packages/custom_lints/lib/src/rules/no_hardcoded_text_direction.dart	2	t2-lints-hooks
packages/custom_lints/lib/src/rules/no_raw_logevent.dart	2	t2-lints-hooks
packages/custom_lints/lib/src/rules/no_raw_talker.dart	2	t2-lints-hooks
packages/custom_lints/pubspec.lock	X	lockfile/license
packages/custom_lints/pubspec.yaml	2	t2-lints-hooks
packages/custom_lints/test/no_color_literal_outside_theme_test.dart	2	t2-lints-hooks
packages/custom_lints/test/no_curriculum_display_name_bypass_test.dart	2	t2-lints-hooks
packages/custom_lints/test/no_feature_cross_import_test.dart	2	t2-lints-hooks
packages/custom_lints/test/no_firebase_outside_core_test.dart	2	t2-lints-hooks
packages/custom_lints/test/no_hardcoded_domain_term_test.dart	2	t2-lints-hooks
packages/custom_lints/test/no_hardcoded_text_direction_test.dart	2	t2-lints-hooks
packages/custom_lints/test/no_raw_talker_test.dart	2	t2-lints-hooks
store_assets/app_icon_512.png	X	vendored-agent-tooling
store_assets/feature_graphic_1024x500.png	X	vendored-agent-tooling
store_assets/phone_1_dashboard.png	X	vendored-agent-tooling
store_assets/phone_2_learning.png	X	vendored-agent-tooling
store_assets/phone_3_progress.png	X	vendored-agent-tooling
store_assets/phone_4_scheduler.png	X	vendored-agent-tooling
store_assets/phone_5_gamification.png	X	vendored-agent-tooling
store_assets/screenshots/phone_1_dashboard.png	X	vendored-agent-tooling
store_assets/screenshots/phone_2_learning.png	X	vendored-agent-tooling
store_assets/screenshots/phone_3_progress.png	X	vendored-agent-tooling
store_assets/screenshots/phone_4_scheduler.png	X	vendored-agent-tooling
store_assets/screenshots/phone_5_gamification.png	X	vendored-agent-tooling
store_assets/store_listing.txt	X	vendored-agent-tooling
store_assets/tablet_10inch_phone_1_dashboard.png	X	vendored-agent-tooling
store_assets/tablet_10inch_phone_2_learning.png	X	vendored-agent-tooling
store_assets/tablet_10inch_phone_3_progress.png	X	vendored-agent-tooling
store_assets/tablet_10inch_phone_4_scheduler.png	X	vendored-agent-tooling
store_assets/tablet_10inch_phone_5_gamification.png	X	vendored-agent-tooling
store_assets/tablet_7inch_phone_1_dashboard.png	X	vendored-agent-tooling
store_assets/tablet_7inch_phone_2_learning.png	X	vendored-agent-tooling
store_assets/tablet_7inch_phone_3_progress.png	X	vendored-agent-tooling
store_assets/tablet_7inch_phone_4_scheduler.png	X	vendored-agent-tooling
store_assets/tablet_7inch_phone_5_gamification.png	X	vendored-agent-tooling
test/firestore-rules/.gitignore	2	t2-firebase-rules-functions
test/firestore-rules/firestore.rules.test.js	2	t2-firebase-rules-functions
test/firestore-rules/package-lock.json	X	lockfile/license
test/firestore-rules/package.json	2	t2-firebase-rules-functions
tool/adb-connect-wsl.sh	2	t2-root-tool
tool/adb-keepalive.sh	2	t2-root-tool
tool/arb_parity_check.dart	2	t2-root-tool
tool/avd-setup.ps1	2	t2-root-tool
tool/device_e2e/README.md	2	t2-root-tool
tool/device_e2e/address_deferred.mjs	2	t2-root-tool
tool/device_e2e/driver.py	2	t2-root-tool
tool/device_e2e/fix_run6_tests.mjs	2	t2-root-tool
tool/device_e2e/fix_tests.mjs	2	t2-root-tool
tool/device_e2e/journey_01_signup_profile.py	2	t2-root-tool
tool/device_e2e/run2_fix.mjs	2	t2-root-tool
tool/device_e2e/run2_full_suite.mjs	2	t2-root-tool
tool/device_e2e/run3_fix.mjs	2	t2-root-tool
tool/device_e2e/run3_full_suite.mjs	2	t2-root-tool
tool/device_e2e/run4_fix.mjs	2	t2-root-tool
tool/device_e2e/run4_full_suite.mjs	2	t2-root-tool
tool/device_e2e/run5_fix.mjs	2	t2-root-tool
tool/device_e2e/run5_full_suite.mjs	2	t2-root-tool
tool/device_e2e/run6_fix.mjs	2	t2-root-tool
tool/device_e2e/run6_full_suite.mjs	2	t2-root-tool
tool/device_e2e/run7_full_suite.mjs	2	t2-root-tool
tool/emulators-start.ps1	2	t2-root-tool
tool/gen_arch_tables.dart	2	t2-root-tool
tool/linear-sync.sh	2	t2-root-tool
tool/merge_arb.py	2	t2-root-tool
tool/r1_fix_wave.js	2	t2-root-tool
tool/r1v2_fix_wave.js	2	t2-root-tool
tool/r2_fix_wave.js	2	t2-root-tool
tool/r3_fix_wave.js	2	t2-root-tool
tool/schema_check.dart	2	t2-root-tool
tool/seed_content_db.dart	2	t2-root-tool
tool/upload_store_assets.py	2	t2-root-tool
tool/vision_find_pass.js	2	t2-root-tool
